duplicate_count,InvoiceNo,StockCode,Description,Quantity,InvoiceDate,UnitPrice,CustomerID,Country
20,555524,22698,PINK REGENCY TEACUP AND SAUCER,1,2011-06-05 11:37:00,2.95,16923,United Kingdom
12,555524,22697,GREEN REGENCY TEACUP AND SAUCER,1,2011-06-05 11:37:00,2.95,16923,United Kingdom
8,572861,22775,PURPLE DRAWERKNOB ACRYLIC EDWARDIAN,12,2011-10-26 12:46:00,1.25,14102,United Kingdom
6,572344,M,Manual,48,2011-10-24 10:43:00,1.5,14607,United Kingdom
6,541266,21755,LOVE BUILDING BLOCK WORD,1,2011-01-16 16:25:00,5.95,15673,United Kingdom
6,541266,21754,HOME BUILDING BLOCK WORD,1,2011-01-16 16:25:00,5.95,15673,United Kingdom
6,538514,21756,BATH BUILDING BLOCK WORD,1,2010-12-12 14:27:00,5.95,15044,United Kingdom
6,578289,23395,BELLE JARDINIERE CUSHION COVER,1,2011-11-23 14:07:00,3.75,17841,United Kingdom
6,540524,21756,BATH BUILDING BLOCK WORD,1,2011-01-09 12:53:00,5.95,16735,United Kingdom
5,550331,85202,HANGING WOOD AND FELT HEART,1,2011-04-17 13:43:00,0.42,15555,United Kingdom
5,538517,22749,FELTCRAFT PRINCESS CHARLOTTE DOLL,1,2010-12-12 16:05:00,3.75,17618,United Kingdom
5,537224,70007,HI TEC ALPINE HAND WARMER,1,2010-12-05 16:24:00,1.65,13174,United Kingdom
5,547712,22699,ROSES REGENCY TEACUP AND SAUCER ,1,2011-03-24 19:31:00,2.95,16905,United Kingdom
5,574481,23084,RABBIT NIGHT LIGHT,1,2011-11-04 12:45:00,2.08,18022,United Kingdom
4,580305,23120,PACK OF 6 SMALL FRUIT STRAWS,1,2011-12-02 14:26:00,0.42,12970,United Kingdom
4,578998,23214,JINGLE BELL HEART ANTIQUE GOLD,1,2011-11-27 16:05:00,2.08,15436,United Kingdom
4,578041,22326,ROUND SNACK BOXES SET OF4 WOODLAND ,1,2011-11-22 14:23:00,2.95,17338,United Kingdom
4,579458,22867,HAND WARMER BIRD DESIGN,1,2011-11-29 14:38:00,2.1,16549,United Kingdom
4,579146,22111,SCOTTIE DOG HOT WATER BOTTLE,1,2011-11-28 13:14:00,4.95,16347,United Kingdom
4,569521,21163,DO NOT TOUCH MY STUFF DOOR HANGER ,1,2011-10-04 14:33:00,0.39,16474,United Kingdom
4,572834,23035,DRAWER KNOB CERAMIC IVORY,6,2011-10-26 11:46:00,1.45,12748,United Kingdom
4,573373,23103,JINGLE BELL HEART DECORATION,1,2011-10-30 13:37:00,1.65,14684,United Kingdom
4,580908,22139,RETROSPOT TEA SET CERAMIC 11 PC ,1,2011-12-06 13:20:00,4.95,16495,United Kingdom
4,575760,22082,RIBBON REEL STRIPES DESIGN ,1,2011-11-11 10:50:00,1.65,15965,United Kingdom
4,544450,47567B,TEA TIME KITCHEN APRON,1,2011-02-20 12:23:00,5.95,17811,United Kingdom
4,547906,22261,FELT EGG COSY WHITE RABBIT ,1,2011-03-28 12:13:00,0.85,14410,United Kingdom
4,544463,22256,FELT FARM ANIMAL CHICKEN,1,2011-02-20 14:31:00,1.25,12988,United Kingdom
4,578289,23394,POSTE FRANCE CUSHION COVER,1,2011-11-23 14:07:00,3.75,17841,United Kingdom
4,579146,23356,LOVE HOT WATER BOTTLE,1,2011-11-28 13:14:00,5.95,16347,United Kingdom
4,578019,23500,KEY RING BASEBALL BOOT ASSORTED ,1,2011-11-22 13:11:00,1.25,17360,United Kingdom
4,572861,21669,BLUE STRIPE CERAMIC DRAWER KNOB,6,2011-10-26 12:46:00,1.45,14102,United Kingdom
4,547651,22249,DECORATION WHITE CHICK MAGIC GARDEN,1,2011-03-24 12:11:00,0.85,16904,United Kingdom
4,566258,23071,MARIE ANTOINETTE TRINKET BOX GOLD,1,2011-09-11 12:45:00,12.5,13124,United Kingdom
4,540524,84755,COLOUR GLASS T-LIGHT HOLDER HANGING,8,2011-01-09 12:53:00,0.65,16735,United Kingdom
4,578519,20727,LUNCH BAG  BLACK SKULL.,1,2011-11-24 13:56:00,1.65,14591,United Kingdom
4,580520,23295,SET OF 12 MINI LOAF BAKING CASES,1,2011-12-04 14:55:00,0.83,13521,United Kingdom
4,571909,21117,BLOND DOLL DOORSTOP,2,2011-10-19 15:08:00,1.25,15006,United Kingdom
4,578998,23215,JINGLE BELL HEART ANTIQUE SILVER,1,2011-11-27 16:05:00,2.08,15436,United Kingdom
4,575117,23182,TOILET SIGN OCCUPIED OR VACANT,1,2011-11-08 14:22:00,0.83,12748,United Kingdom
4,571286,17021,NAMASTE SWAGAT INCENSE,6,2011-10-16 14:35:00,0.3,14547,United Kingdom
4,C543611,82483,WOOD 2 DRAWER CABINET WHITE FINISH,-1,2011-02-10 14:38:00,4.95,17850,United Kingdom
4,572861,21668,RED STRIPE CERAMIC DRAWER KNOB,6,2011-10-26 12:46:00,1.45,14102,United Kingdom
4,574292,20751,FUNKY WASHING UP GLOVES ASSORTED,1,2011-11-03 15:27:00,2.1,16914,United Kingdom
4,572312,21484,CHICK GREY HOT WATER BOTTLE,1,2011-10-23 15:47:00,4.25,15022,United Kingdom
4,541414,21755,LOVE BUILDING BLOCK WORD,1,2011-01-17 16:14:00,5.95,18212,United Kingdom
4,550331,21383,PACK OF 12 STICKY BUNNIES,1,2011-04-17 13:43:00,0.65,15555,United Kingdom
4,578289,23396,LE JARDIN BOTANIQUE CUSHION COVER,1,2011-11-23 14:07:00,3.75,17841,United Kingdom
4,574709,22158,3 HEARTS HANGING DECORATION RUSTIC,8,2011-11-06 14:14:00,2.95,17768,United Kingdom
4,568212,21992,VINTAGE PAISLEY STATIONERY SET,1,2011-09-25 16:05:00,1.25,15154,United Kingdom
4,578289,23393,HOME SWEET HOME CUSHION COVER ,1,2011-11-23 14:07:00,3.75,17841,United Kingdom
4,553657,22131,FOOD CONTAINER SET 3 LOVE HEART ,1,2011-05-18 11:28:00,1.95,14583,United Kingdom
4,574545,85174,S/4 CACTI CANDLES,1,2011-11-04 14:54:00,4.95,17084,United Kingdom
4,557271,21034,REX CASH+CARRY JUMBO SHOPPER,1,2011-06-19 11:41:00,0.95,17769,United Kingdom
3,580958,23084,RABBIT NIGHT LIGHT,1,2011-12-06 14:30:00,2.08,17266,United Kingdom
3,576236,35819B,"ACRYLIC HANGING JEWEL,BLUE",1,2011-11-14 13:31:00,0.38,13755,United Kingdom
3,580358,23498,CLASSIC BICYCLE CLIPS ,1,2011-12-02 16:07:00,1.45,17238,United Kingdom
3,580385,21376,LARGE  TALL CAMPHOR WOOD TOADSTOOL ,2,2011-12-04 10:11:00,1.25,16326,United Kingdom
3,544450,22430,ENAMEL WATERING CAN CREAM,1,2011-02-20 12:23:00,4.95,17811,United Kingdom
3,552652,22607,WOODEN ROUNDERS GARDEN SET ,1,2011-05-10 14:09:00,9.95,14591,United Kingdom
3,558700,21242,RED RETROSPOT PLATE ,1,2011-07-01 12:33:00,1.69,17920,United Kingdom
3,569670,22402,MAGNETS PACK OF 4 VINTAGE COLLAGE,1,2011-10-05 13:47:00,0.39,14730,United Kingdom
3,547969,22521,CHILDS GARDEN TROWEL PINK,3,2011-03-28 16:27:00,0.85,17238,United Kingdom
3,571216,20992,JAZZ HEARTS PURSE NOTEBOOK,1,2011-10-14 13:06:00,0.39,16081,United Kingdom
3,574481,23350,ROLL WRAP VINTAGE SPOT ,4,2011-11-04 12:45:00,1.25,18022,United Kingdom
3,574545,23159,SET OF 5 PANCAKE DAY MAGNETS,12,2011-11-04 14:54:00,2.08,17084,United Kingdom
3,537196,21811,CHRISTMAS HANGING HEART WITH BELL,1,2010-12-05 13:55:00,1.25,15426,United Kingdom
3,569897,21446,12 RED ROSE PEG PLACE SETTINGS,1,2011-10-06 16:01:00,1.25,17813,United Kingdom
3,536796,21967,PACK OF 12 SKULL TISSUES,1,2010-12-02 15:46:00,0.29,15574,United Kingdom
3,536874,22866,HAND WARMER SCOTTY DOG DESIGN,1,2010-12-03 11:35:00,2.1,16891,United Kingdom
3,558751,22851,SET 20 NAPKINS FAIRY CAKES DESIGN ,1,2011-07-03 11:26:00,0.85,16009,United Kingdom
3,578921,23371,SET 36 COLOUR PENCILS SPACEBOY ,1,2011-11-27 11:57:00,1.25,13596,United Kingdom
3,544930,21894,POTTING SHED SEED ENVELOPES,1,2011-02-24 18:26:00,1.25,17472,United Kingdom
3,578781,23569,TRADTIONAL ALPHABET STAMP SET,1,2011-11-25 11:54:00,4.95,15872,United Kingdom
3,578017,21137,BLACK RECORD COVER FRAME,2,2011-11-22 13:07:00,3.75,13569,United Kingdom
3,577058,22111,SCOTTIE DOG HOT WATER BOTTLE,1,2011-11-17 14:29:00,4.95,18122,United Kingdom
3,576212,35970,ZINC FOLKART SLEIGH BELLS,6,2011-11-14 12:45:00,1.69,18082,United Kingdom
3,553034,22103,MIRROR MOSAIC T-LIGHT HOLDER ROUND,6,2011-05-12 20:03:00,1.65,17970,United Kingdom
3,578016,22750,FELTCRAFT PRINCESS LOLA DOLL,1,2011-11-22 13:02:00,3.75,14506,United Kingdom
3,546502,22979,PANTRY WASHING UP BRUSH,1,2011-03-14 11:46:00,1.45,16005,United Kingdom
3,572103,22505,MEMO BOARD COTTAGE DESIGN,1,2011-10-20 15:57:00,4.95,17571,United Kingdom
3,557063,21278,VINTAGE KITCHEN PRINT PUDDINGS,6,2011-06-16 15:01:00,2.55,17368,United Kingdom
3,555853,22161,HEART DECORATION RUSTIC HANGING ,1,2011-06-07 13:44:00,0.19,14375,United Kingdom
3,536464,22866,HAND WARMER SCOTTY DOG DESIGN,1,2010-12-01 12:23:00,2.1,17968,United Kingdom
3,537422,22585,PACK OF 6 BIRDY GIFT TAGS,2,2010-12-06 15:27:00,1.25,17812,United Kingdom
3,538517,22568,FELTCRAFT CUSHION OWL,1,2010-12-12 16:05:00,3.75,17618,United Kingdom
3,539019,20751,FUNKY WASHING UP GLOVES ASSORTED,2,2010-12-15 14:12:00,2.1,17551,United Kingdom
3,573413,85036B,CHOCOLATE 1 WICK MORRIS BOX CANDLE,1,2011-10-30 16:12:00,1.25,15444,United Kingdom
3,555515,21533,RETROSPOT LARGE MILK JUG,1,2011-06-05 10:47:00,4.95,17690,United Kingdom
3,576690,22150,3 STRIPEY MICE FELTCRAFT,1,2011-11-16 12:19:00,1.95,15900,United Kingdom
3,577057,22633,HAND WARMER UNION JACK,1,2011-11-17 14:26:00,2.1,12748,United Kingdom
3,577319,23085,ANTIQUE SILVER BAUBLE LAMP  ,1,2011-11-18 13:43:00,10.4,17301,United Kingdom
3,577473,21497,FANCY FONTS BIRTHDAY WRAP,25,2011-11-20 11:28:00,0.42,15919,United Kingdom
3,536749,22174,PHOTO CUBE,2,2010-12-02 13:49:00,1.65,17976,United Kingdom
3,578950,20668,DISCO BALL CHRISTMAS DECORATION,24,2011-11-27 14:40:00,0.12,17885,United Kingdom
3,547705,22191,IVORY DINER WALL CLOCK,1,2011-03-24 18:20:00,8.5,14056,United Kingdom
3,552277,22926,IVORY GIANT GARDEN THERMOMETER,1,2011-05-08 12:34:00,5.95,13642,United Kingdom
3,576274,23103,JINGLE BELL HEART DECORATION,1,2011-11-14 14:24:00,1.65,17793,United Kingdom
3,570244,22809,SET OF 6 T-LIGHTS SANTA,6,2011-10-09 16:05:00,2.95,14514,United Kingdom
3,578041,22629,SPACEBOY LUNCH BOX ,1,2011-11-22 14:23:00,1.95,17338,United Kingdom
3,537265,21163,DO NOT TOUCH MY STUFF DOOR HANGER ,1,2010-12-06 11:26:00,1.45,15919,United Kingdom
3,575083,23483,HANGING  BUTTERFLY T-LIGHT HOLDER,6,2011-11-08 13:31:00,1.25,18123,United Kingdom
3,578814,85049E,SCANDINAVIAN REDS RIBBONS,1,2011-11-25 13:40:00,1.25,12748,United Kingdom
3,572103,22138,BAKING SET 9 PIECE RETROSPOT ,1,2011-10-20 15:57:00,4.95,17571,United Kingdom
3,567462,23242,TREASURE TIN BUFFALO BILL ,1,2011-09-20 12:35:00,2.08,14446,United Kingdom
3,565141,20726,LUNCH BAG WOODLAND,1,2011-09-01 13:40:00,1.65,17841,United Kingdom
3,547651,22291,HANGING CHICK CREAM DECORATION,1,2011-03-24 12:11:00,1.45,16904,United Kingdom
3,C538341,22730,ALARM CLOCK BAKELIKE IVORY,-1,2010-12-10 14:03:00,3.75,15514,United Kingdom
3,569472,84947,ANTIQUE SILVER TEA GLASS ENGRAVED,6,2011-10-04 12:38:00,1.25,14515,United Kingdom
3,569524,23211,RED ROCKING HORSE HAND PAINTED,1,2011-10-04 14:42:00,1.25,14506,United Kingdom
3,566266,21114,LAVENDER SCENTED FABRIC HEART,5,2011-09-11 13:22:00,1.25,17299,United Kingdom
3,573369,23308,SET OF 60 VINTAGE LEAF CAKE CASES ,1,2011-10-30 13:19:00,0.55,16049,United Kingdom
3,560251,23235,STORAGE TIN VINTAGE LEAF,1,2011-07-17 12:32:00,2.89,17774,United Kingdom
3,558105,21832,CHOCOLATE CALCULATOR,1,2011-06-26 14:54:00,1.65,15644,United Kingdom
3,538849,22073,RED RETROSPOT STORAGE JAR,1,2010-12-14 13:31:00,3.75,14415,United Kingdom
3,570455,23247,"BISCUIT TIN 50'S CHRISTMAS",1,2011-10-10 15:27:00,2.89,14529,United Kingdom
3,572318,22581,WOOD STOCKING CHRISTMAS SCANDISPOT,1,2011-10-23 16:19:00,0.85,15436,United Kingdom
3,564715,22297,HEART IVORY TRELLIS SMALL,1,2011-08-28 11:01:00,1.25,14472,United Kingdom
3,536749,21415,CLAM SHELL SMALL ,2,2010-12-02 13:49:00,2.1,17976,United Kingdom
3,537154,22727,ALARM CLOCK BAKELIKE RED ,1,2010-12-05 13:05:00,3.75,15808,United Kingdom
3,547498,37444A,YELLOW BREAKFAST CUP AND SAUCER,1,2011-03-23 12:24:00,0.39,15021,United Kingdom
3,538371,22113,GREY HEART HOT WATER BOTTLE,1,2010-12-12 11:07:00,3.75,15570,United Kingdom
3,576559,22360,GLASS JAR ENGLISH CONFECTIONERY,1,2011-11-15 13:19:00,2.95,14711,United Kingdom
3,578757,23126,FELTCRAFT GIRL AMELIE KIT,1,2011-11-25 11:41:00,4.95,12748,United Kingdom
3,580137,85053,FRENCH ENAMEL CANDLEHOLDER,1,2011-12-01 19:54:00,2.1,17566,United Kingdom
3,536412,21448,12 DAISY PEGS IN WOOD BOX,2,2010-12-01 11:49:00,1.65,17920,United Kingdom
3,580137,22629,SPACEBOY LUNCH BOX ,1,2011-12-01 19:54:00,1.95,17566,United Kingdom
3,575950,22065,CHRISTMAS PUDDING TRINKET POT ,2,2011-11-13 11:53:00,0.39,16983,United Kingdom
3,548703,22804,CANDLEHOLDER PINK HANGING HEART,1,2011-04-03 11:37:00,2.95,16010,United Kingdom
3,555124,21975,PACK OF 60 DINOSAUR CAKE CASES,1,2011-05-31 15:26:00,0.55,18204,United Kingdom
3,555835,21622,VINTAGE UNION JACK CUSHION COVER,3,2011-06-07 12:34:00,4.95,14525,United Kingdom
3,559894,84596B,SMALL DOLLY MIX DESIGN ORANGE BOWL,8,2011-07-13 12:06:00,0.42,14159,United Kingdom
3,571461,20727,LUNCH BAG  BLACK SKULL.,1,2011-10-17 14:12:00,1.65,16932,United Kingdom
3,572103,22921,HERB MARKER CHIVES ,1,2011-10-20 15:57:00,0.65,17571,United Kingdom
3,574287,21817,GLITTER CHRISTMAS TREE,1,2011-11-03 15:09:00,0.39,14723,United Kingdom
3,553935,82583,HOT BATHS METAL SIGN,12,2011-05-20 10:32:00,2.1,15856,United Kingdom
3,568170,22312,OFFICE MUG WARMER POLKADOT,1,2011-09-25 13:08:00,2.95,16931,United Kingdom
3,574959,22900,SET 2 TEA TOWELS I LOVE LONDON ,1,2011-11-08 10:09:00,3.25,17886,United Kingdom
3,550138,47422,ASSORTED MONKEY SUCTION CUP HOOK,2,2011-04-14 14:02:00,0.42,12841,United Kingdom
3,547705,22722,SET OF 6 SPICE TINS PANTRY DESIGN,1,2011-03-24 18:20:00,3.95,14056,United Kingdom
3,579673,23208,LUNCH BAG VINTAGE LEAF DESIGN,1,2011-11-30 12:59:00,1.65,18283,United Kingdom
3,567662,21648,ASSORTED TUTTI FRUTTI SMALL PURSE,4,2011-09-21 15:12:00,1.25,17758,United Kingdom
3,545188,22720,SET OF 3 CAKE TINS PANTRY DESIGN ,1,2011-02-28 15:19:00,4.95,14056,United Kingdom
3,566290,21928,JUMBO BAG SCANDINAVIAN BLUE PAISLEY,1,2011-09-11 15:24:00,2.08,14456,United Kingdom
3,539470,21340,CLASSIC METAL BIRDCAGE PLANT HOLDER,1,2010-12-19 14:03:00,12.75,14472,United Kingdom
3,538514,21755,LOVE BUILDING BLOCK WORD,1,2010-12-12 14:27:00,5.95,15044,United Kingdom
3,556910,37479P,CUBIC MUG FLOCK PINK ON BROWN,6,2011-06-15 13:25:00,0.39,12748,United Kingdom
3,537042,21579,LOLITA  DESIGN  COTTON TOTE BAG,1,2010-12-05 10:45:00,2.25,13838,United Kingdom
3,539484,22941,CHRISTMAS LIGHTS 10 REINDEER,1,2010-12-19 15:44:00,8.5,15640,United Kingdom
3,576857,22616,PACK OF 12 LONDON TISSUES ,1,2011-11-16 15:52:00,0.39,12748,United Kingdom
3,577855,22593,CHRISTMAS GINGHAM STAR,1,2011-11-22 11:18:00,0.85,15877,United Kingdom
3,578255,23120,PACK OF 6 SMALL FRUIT STRAWS,1,2011-11-23 12:58:00,0.42,14675,United Kingdom
3,575583,85036C,ROSE 1 WICK MORRIS BOXED CANDLE,1,2011-11-10 11:55:00,1.25,14456,United Kingdom
3,547651,22293,HANGING CHICK GREEN DECORATION,1,2011-03-24 12:11:00,1.45,16904,United Kingdom
3,580635,23265,SET OF 3 WOODEN TREE DECORATIONS,1,2011-12-05 12:30:00,1.25,14649,United Kingdom
3,580958,20781,GOLD EAR MUFF HEADPHONES,1,2011-12-06 14:30:00,1.95,17266,United Kingdom
3,581414,22327,ROUND SNACK BOXES SET OF 4 SKULLS,1,2011-12-08 14:39:00,2.95,14730,United Kingdom
3,579458,23274,STAR T-LIGHT HOLDER WILLIE WINKIE,1,2011-11-29 14:38:00,1.65,16549,United Kingdom
3,566279,17136A,BLUE STONES ON WIRE FOR CANDLE,24,2011-09-11 14:09:00,0.08,14432,United Kingdom
3,575904,21647,ASSORTED TUTTI FRUTTI LARGE PURSE,1,2011-11-11 15:28:00,2.1,18014,United Kingdom
3,546982,22659,LUNCH BOX I LOVE LONDON,1,2011-03-18 12:26:00,1.95,15483,United Kingdom
3,573346,21034,REX CASH+CARRY JUMBO SHOPPER,1,2011-10-30 12:18:00,0.95,17255,United Kingdom
3,537781,22898,CHILDRENS APRON APPLES DESIGN,1,2010-12-08 12:46:00,1.95,17341,United Kingdom
3,569524,23101,SILVER STARS TABLE DECORATION,1,2011-10-04 14:42:00,0.83,14506,United Kingdom
3,577503,84086C,PINK/PURPLE RETRO RADIO,2,2011-11-20 12:34:00,2.95,18110,United Kingdom
3,566269,21975,PACK OF 60 DINOSAUR CAKE CASES,1,2011-09-11 13:39:00,0.55,17864,United Kingdom
3,568710,23399,HOME SWEET HOME HANGING HEART,1,2011-09-28 15:42:00,0.85,14649,United Kingdom
3,545995,20751,FUNKY WASHING UP GLOVES ASSORTED,2,2011-03-08 13:54:00,2.1,15023,United Kingdom
3,546951,22149,FELTCRAFT 6 FLOWER FRIENDS,1,2011-03-18 11:30:00,2.1,17673,United Kingdom
3,556067,21623,VINTAGE UNION JACK MEMOBOARD,1,2011-06-08 14:35:00,9.95,12748,United Kingdom
3,542107,21212,PACK OF 72 RETROSPOT CAKE CASES,1,2011-01-25 13:38:00,0.55,16222,United Kingdom
3,552652,20914,SET/5 RED RETROSPOT LID GLASS BOWLS,1,2011-05-10 14:09:00,2.95,14591,United Kingdom
3,548309,21121,SET/10 RED POLKADOT PARTY CANDLES,1,2011-03-30 12:02:00,1.25,16657,United Kingdom
3,580289,21166,COOK WITH WINE METAL SIGN ,12,2011-12-02 13:32:00,2.08,15856,United Kingdom
3,576463,22144,CHRISTMAS CRAFT LITTLE FRIENDS,2,2011-11-15 11:37:00,2.1,17974,United Kingdom
3,568712,21216,"SET 3 RETROSPOT TEA,COFFEE,SUGAR",1,2011-09-28 15:50:00,4.95,17841,United Kingdom
3,579002,20985,HEART CALCULATOR,1,2011-11-27 16:27:00,1.25,14093,United Kingdom
3,548714,21272,SALLE DE BAIN HOOK,1,2011-04-03 15:07:00,1.25,17337,United Kingdom
3,580305,23121,PACK OF 6 COCKTAIL PARASOL STRAWS,1,2011-12-02 14:26:00,0.42,12970,United Kingdom
3,562574,22784,LANTERN CREAM GAZEBO ,1,2011-08-07 12:42:00,4.95,14903,United Kingdom
3,574481,22328,ROUND SNACK BOXES SET OF 4 FRUITS ,1,2011-11-04 12:45:00,2.95,18022,United Kingdom
3,573377,20751,FUNKY WASHING UP GLOVES ASSORTED,2,2011-10-30 13:51:00,2.1,14653,United Kingdom
3,538313,22976,CIRCUS PARADE CHILDRENS EGG CUP ,12,2010-12-10 13:50:00,1.25,15514,United Kingdom
3,538517,22570,FELTCRAFT CUSHION RABBIT,1,2010-12-12 16:05:00,3.75,17618,United Kingdom
3,542401,22563,HAPPY STENCIL CRAFT,1,2011-01-27 15:51:00,1.25,14541,United Kingdom
3,562258,21832,CHOCOLATE CALCULATOR,1,2011-08-03 15:28:00,1.65,16348,United Kingdom
3,576928,22772,PINK DRAWER KNOB ACRYLIC EDWARDIAN,12,2011-11-17 11:04:00,1.25,14102,United Kingdom
3,568170,22311,OFFICE MUG WARMER BLACK+SILVER ,1,2011-09-25 13:08:00,2.95,16931,United Kingdom
3,574741,23431,NATURAL HANGING QUILTED HEARTS ,2,2011-11-06 16:13:00,0.83,15993,United Kingdom
3,563915,23023,RIDGED BONNE JAM JAR T-LIGHT HOLDER,6,2011-08-21 13:24:00,1.65,14224,United Kingdom
3,557956,20719,WOODLAND CHARLOTTE BAG,1,2011-06-23 19:20:00,0.85,18283,United Kingdom
3,550320,22890,NOVELTY BISCUITS CAKE STAND 3 TIER,1,2011-04-17 12:37:00,9.95,12748,United Kingdom
3,578921,22951,60 CAKE CASES DOLLY GIRL DESIGN,1,2011-11-27 11:57:00,0.55,13596,United Kingdom
3,578041,22726,ALARM CLOCK BAKELIKE GREEN,1,2011-11-22 14:23:00,3.75,17338,United Kingdom
3,549901,23155,KNICKERBOCKERGLORY MAGNET ASSORTED ,6,2011-04-12 16:17:00,0.83,17180,United Kingdom
3,537208,90082B,DIAMANTE BOW BROOCH RED COLOUR,1,2010-12-05 15:12:00,6.35,15889,United Kingdom
3,542401,22562,MONSTERS STENCIL CRAFT,1,2011-01-27 15:51:00,1.25,14541,United Kingdom
3,566269,85185B,PINK HORSE SOCK PUPPET,1,2011-09-11 13:39:00,2.95,17864,United Kingdom
3,558330,84596B,SMALL DOLLY MIX DESIGN ORANGE BOWL,8,2011-06-28 12:16:00,0.42,12748,United Kingdom
3,580677,23329,DECORATIVE WICKER HEART LARGE,1,2011-12-05 14:40:00,1.65,16200,United Kingdom
3,580137,22630,DOLLY GIRL LUNCH BOX,1,2011-12-01 19:54:00,1.95,17566,United Kingdom
3,575985,85199S,SMALL HANGING IVORY/RED WOOD BIRD,1,2011-11-13 14:09:00,0.42,17841,United Kingdom
3,567662,21647,ASSORTED TUTTI FRUTTI LARGE PURSE,4,2011-09-21 15:12:00,2.1,17758,United Kingdom
3,571054,23265,SET OF 3 WOODEN TREE DECORATIONS,1,2011-10-13 13:58:00,1.25,14234,United Kingdom
3,570197,44092C,PURPLE/COPPER HANGING LAMPSHADE,1,2011-10-07 15:45:00,0.85,13755,United Kingdom
3,580982,22536,MAGIC DRAWING SLATE PURDEY,1,2011-12-06 16:21:00,0.42,17861,United Kingdom
3,578041,23061,VINTAGE EMBOSSED HEART,6,2011-11-22 14:23:00,1.25,17338,United Kingdom
3,547498,37444C,PINK BREAKFAST CUP AND SAUCER ,1,2011-03-23 12:24:00,0.39,15021,United Kingdom
3,567170,23238,SET OF 4 KNICK KNACK TINS LONDON ,1,2011-09-18 12:40:00,4.15,13566,United Kingdom
3,570019,23500,KEY RING BASEBALL BOOT ASSORTED ,1,2011-10-07 10:13:00,1.25,17841,United Kingdom
3,556905,20727,LUNCH BAG  BLACK SKULL.,1,2011-06-15 13:05:00,1.65,16904,United Kingdom
3,546502,22993,SET OF 4 PANTRY JELLY MOULDS,1,2011-03-14 11:46:00,1.25,16005,United Kingdom
3,557213,23263,SET OF 3 WOODEN HEART DECORATIONS,1,2011-06-17 12:16:00,1.25,15021,United Kingdom
3,537781,22745,"POPPY'S PLAYHOUSE BEDROOM ",1,2010-12-08 12:46:00,2.1,17341,United Kingdom
3,565432,23432,PRETTY HANGING QUILTED HEARTS,1,2011-09-04 13:16:00,0.83,16241,United Kingdom
3,553657,22060,LARGE CAKE STAND HANGING HEARTS,1,2011-05-18 11:28:00,3.95,14583,United Kingdom
3,538625,22502,PICNIC BASKET WICKER SMALL,1,2010-12-13 12:50:00,5.95,14544,United Kingdom
3,571837,85227,SET OF 6 3D KIT CARDS FOR KIDS,1,2011-10-19 12:11:00,0.85,16470,United Kingdom
3,549690,47422,ASSORTED MONKEY SUCTION CUP HOOK,1,2011-04-11 13:41:00,0.42,17841,United Kingdom
3,572861,21670,BLUE SPOT CERAMIC DRAWER KNOB,6,2011-10-26 12:46:00,1.45,14102,United Kingdom
3,573150,23265,SET OF 3 WOODEN TREE DECORATIONS,1,2011-10-27 20:07:00,1.25,15014,United Kingdom
3,552286,22384,LUNCH BAG PINK POLKADOT,1,2011-05-08 13:07:00,1.65,16393,United Kingdom
3,569670,22326,ROUND SNACK BOXES SET OF4 WOODLAND ,1,2011-10-05 13:47:00,2.95,14730,United Kingdom
3,547498,22972,"CHILDREN'S SPACEBOY MUG",1,2011-03-23 12:24:00,1.65,15021,United Kingdom
3,545039,47567B,TEA TIME KITCHEN APRON,1,2011-02-27 10:22:00,5.95,17243,United Kingdom
3,575034,21034,REX CASH+CARRY JUMBO SHOPPER,1,2011-11-08 11:38:00,0.95,15573,United Kingdom
3,537224,22086,"PAPER CHAIN KIT 50'S CHRISTMAS ",1,2010-12-05 16:24:00,2.95,13174,United Kingdom
3,537646,21484,CHICK GREY HOT WATER BOTTLE,1,2010-12-07 15:39:00,3.45,17591,United Kingdom
3,568712,23263,SET OF 3 WOODEN HEART DECORATIONS,1,2011-09-28 15:50:00,1.25,17841,United Kingdom
3,555853,84279P,CHERRY BLOSSOM  DECORATIVE FLASK,1,2011-06-07 13:44:00,3.75,14375,United Kingdom
3,548544,22294,HEART FILIGREE DOVE  SMALL,24,2011-03-31 18:49:00,1.25,14525,United Kingdom
3,544445,22434,BALLOON PUMP WITH 10 BALLOONS,1,2011-02-20 10:56:00,1.95,16746,United Kingdom
3,537781,21098,CHRISTMAS TOILET ROLL,1,2010-12-08 12:46:00,1.25,17341,United Kingdom
3,537265,79000,MOROCCAN TEA GLASS,12,2010-12-06 11:26:00,0.85,15919,United Kingdom
3,537144,21882,SKULLS TAPE,1,2010-12-05 13:00:00,0.65,15880,United Kingdom
3,537051,22730,ALARM CLOCK BAKELIKE IVORY,1,2010-12-05 11:12:00,3.75,15708,United Kingdom
3,565426,44234,ASSORTED CIRCULAR MOBILE,1,2011-09-04 12:41:00,0.21,12851,United Kingdom
3,564715,22296,HEART IVORY TRELLIS LARGE,1,2011-08-28 11:01:00,1.65,14472,United Kingdom
3,571909,20652,BLUE POLKADOT LUGGAGE TAG ,1,2011-10-19 15:08:00,1.25,15006,United Kingdom
3,569243,23294,SET OF 6 SNACK LOAF BAKING CASES,8,2011-10-03 09:44:00,0.83,13344,United Kingdom
3,570197,22062,CERAMIC BOWL WITH LOVE HEART DESIGN,1,2011-10-07 15:45:00,0.83,13755,United Kingdom
3,572668,23392,SPACEBOY ROCKET LOLLY MAKERS,1,2011-10-25 13:07:00,2.08,18045,United Kingdom
3,547651,22292,HANGING CHICK  YELLOW DECORATION,1,2011-03-24 12:11:00,1.45,16904,United Kingdom
3,578707,21034,REX CASH+CARRY JUMBO SHOPPER,1,2011-11-25 11:20:00,0.95,17870,United Kingdom
3,579516,22692,DOORMAT WELCOME TO OUR HOME,1,2011-11-29 17:52:00,8.25,17841,United Kingdom
3,577302,21034,REX CASH+CARRY JUMBO SHOPPER,1,2011-11-18 12:57:00,0.95,17904,United Kingdom
3,537144,22086,"PAPER CHAIN KIT 50'S CHRISTMAS ",1,2010-12-05 13:00:00,2.95,15880,United Kingdom
3,577056,17021,NAMASTE SWAGAT INCENSE,6,2011-11-17 14:24:00,0.3,17985,United Kingdom
3,560555,85123A,WHITE HANGING HEART T-LIGHT HOLDER,1,2011-07-19 13:01:00,2.95,14178,United Kingdom
3,549943,22998,TRAVEL CARD WALLET KEEP CALM,1,2011-04-13 12:09:00,0.42,13544,United Kingdom
3,571682,23176,ABC TREASURE BOOK BOX ,1,2011-10-18 14:00:00,2.25,14179,United Kingdom
3,555012,22771,CLEAR DRAWER KNOB ACRYLIC EDWARDIAN,12,2011-05-31 10:43:00,1.25,16814,United Kingdom
3,570093,21034,REX CASH+CARRY JUMBO SHOPPER,1,2011-10-07 11:55:00,0.95,18096,United Kingdom
3,580908,22367,CHILDRENS APRON SPACEBOY DESIGN,1,2011-12-06 13:20:00,1.95,16495,United Kingdom
3,574675,85034A,3 GARDENIA MORRIS BOXED CANDLES,1,2011-11-06 12:31:00,1.25,17289,United Kingdom
3,574686,35471D,SET OF 3 BIRD LIGHT PINK FEATHER ,1,2011-11-06 13:00:00,0.39,17608,United Kingdom
3,574734,23571,TRADITIONAL NAUGHTS & CROSSES,1,2011-11-06 15:20:00,1.65,15025,United Kingdom
3,575856,23307,SET OF 60 PANTRY DESIGN CAKE CASES ,1,2011-11-11 12:28:00,0.55,16386,United Kingdom
3,562031,22675,FRENCH KITCHEN SIGN BLUE METAL,1,2011-08-01 17:37:00,1.25,16984,United Kingdom
3,566269,84375,SET OF 20 KIDS COOKIE CUTTERS,1,2011-09-11 13:39:00,2.1,17864,United Kingdom
3,571461,23344,"JUMBO BAG 50'S CHRISTMAS ",1,2011-10-17 14:12:00,2.08,16932,United Kingdom
3,575943,20697,LITTLE GREEN MONSTER SOFT TOY,1,2011-11-13 11:44:00,2.55,17920,United Kingdom
3,538379,22966,GINGERBREAD MAN COOKIE CUTTER,1,2010-12-12 11:26:00,1.25,17126,United Kingdom
3,560863,22174,PHOTO CUBE,6,2011-07-21 13:53:00,1.65,12748,United Kingdom
3,577228,23048,SET OF 10 LANTERNS FAIRY LIGHT STAR,1,2011-11-18 12:07:00,4.15,12391,Cyprus
3,545658,16237,SLEEPING CAT ERASERS,1,2011-03-04 14:13:00,0.21,14670,United Kingdom
3,549537,22860,EASTER TIN CHICKS PINK DAISY,1,2011-04-08 17:22:00,1.65,,United Kingdom
3,577938,23293,SET OF 12 FAIRY CAKE BAKING CASES,1,2011-11-22 12:07:00,0.83,15525,United Kingdom
3,579167,37448,CERAMIC CAKE DESIGN SPOTTED MUG,1,2011-11-28 14:06:00,1.49,16800,United Kingdom
3,545658,22264,FELT FARM ANIMAL WHITE BUNNY ,1,2011-03-04 14:13:00,0.85,14670,United Kingdom
3,572103,84826,ASSTD DESIGN 3D PAPER STICKERS,1,2011-10-20 15:57:00,0.85,17571,United Kingdom
3,575753,47422,ASSORTED MONKEY SUCTION CUP HOOK,1,2011-11-11 10:41:00,0.42,17841,United Kingdom
3,569424,22436,12 COLOURED PARTY BALLOONS,10,2011-10-04 10:49:00,0.65,15529,United Kingdom
3,570197,71270,PHOTO CLIP LINE,1,2011-10-07 15:45:00,1.25,13755,United Kingdom
3,566258,22835,HOT WATER BOTTLE I AM SO POORLY,1,2011-09-11 12:45:00,4.95,13124,United Kingdom
3,537646,22585,PACK OF 6 BIRDY GIFT TAGS,1,2010-12-07 15:39:00,1.25,17591,United Kingdom
3,552269,22917,HERB MARKER ROSEMARY,1,2011-05-08 11:52:00,0.65,16121,United Kingdom
3,569866,20767,BLUE PAISLEY JOURNAL ,1,2011-10-06 14:50:00,2.55,12757,Portugal
3,569897,22759,SET OF 3 NOTEBOOKS IN PARCEL,1,2011-10-06 16:01:00,1.65,17813,United Kingdom
3,560209,23075,PARLOUR CERAMIC WALL HOOK,2,2011-07-15 14:05:00,4.15,15004,United Kingdom
3,572528,22937,BAKING MOULD CHOCOLATE CUPCAKES,1,2011-10-24 15:43:00,2.55,13176,United Kingdom
3,550301,21755,LOVE BUILDING BLOCK WORD,1,2011-04-17 10:15:00,5.95,17243,United Kingdom
3,563924,18097C,WHITE TALL PORCELAIN T-LIGHT HOLDER,1,2011-08-21 14:32:00,2.55,15984,United Kingdom
3,538313,22725,ALARM CLOCK BAKELIKE CHOCOLATE,1,2010-12-10 13:50:00,3.75,15514,United Kingdom
3,538313,22730,ALARM CLOCK BAKELIKE IVORY,1,2010-12-10 13:50:00,3.75,15514,United Kingdom
3,C538341,22976,CIRCUS PARADE CHILDRENS EGG CUP ,-12,2010-12-10 14:03:00,1.25,15514,United Kingdom
3,C538341,22725,ALARM CLOCK BAKELIKE CHOCOLATE,-1,2010-12-10 14:03:00,3.75,15514,United Kingdom
3,556915,23091,ZINC HERB GARDEN CONTAINER,2,2011-06-15 13:35:00,6.25,15036,United Kingdom
3,576686,23223,CHRISTMAS TREE HANGING SILVER ,1,2011-11-16 12:08:00,0.83,16916,United Kingdom
3,571682,23182,TOILET SIGN OCCUPIED OR VACANT,1,2011-10-18 14:00:00,0.83,14179,United Kingdom
3,578041,72800E,4 IVORY DINNER CANDLES SILVER FLOCK,1,2011-11-22 14:23:00,2.55,17338,United Kingdom
3,549943,21865,PINK UNION JACK  PASSPORT COVER ,1,2011-04-13 12:09:00,2.1,13544,United Kingdom
2,563555,22371,AIRLINE BAG VINTAGE TOKYO 78,1,2011-08-17 13:21:00,4.25,16755,United Kingdom
2,554981,20728,LUNCH BAG CARS BLUE,1,2011-05-29 12:06:00,1.65,17613,United Kingdom
2,559542,22156,HEART DECORATION WITH PEARLS ,1,2011-07-10 13:32:00,0.85,17126,United Kingdom
2,559921,22553,PLASTERS IN TIN SKULLS,1,2011-07-13 15:42:00,1.65,13667,United Kingdom
2,568212,22398,MAGNETS PACK OF 4 SWALLOWS,1,2011-09-25 16:05:00,0.39,15154,United Kingdom
2,538839,72760B,VINTAGE CREAM 3 BASKET CAKE STAND,1,2010-12-14 13:10:00,9.95,14606,United Kingdom
2,539075,21086,SET/6 RED SPOTTY PAPER CUPS,1,2010-12-15 17:28:00,0.65,17189,United Kingdom
2,539324,84991,60 TEATIME FAIRY CAKE CASES,1,2010-12-16 19:51:00,0.55,14985,United Kingdom
2,540021,21164,HOME SWEET HOME METAL SIGN ,1,2011-01-04 12:51:00,2.95,17841,United Kingdom
2,568193,23206,LUNCH BAG APPLE DESIGN,10,2011-09-25 14:37:00,1.65,17107,United Kingdom
2,540953,22333,RETROSPOT PARTY BAG + STICKER SET,1,2011-01-12 13:16:00,1.65,14587,United Kingdom
2,541251,22286,"DECORATION , WOBBLY RABBIT , METAL ",12,2011-01-16 13:25:00,1.65,15046,United Kingdom
2,567661,23159,SET OF 5 PANCAKE DAY MAGNETS,1,2011-09-21 15:06:00,2.08,13959,United Kingdom
2,541660,85123A,WHITE HANGING HEART T-LIGHT HOLDER,3,2011-01-20 12:20:00,2.95,17787,United Kingdom
2,541712,22256,FELT FARM ANIMAL CHICKEN,1,2011-01-21 11:19:00,1.25,17890,United Kingdom
2,541839,21890,S/6 WOODEN SKITTLES IN COTTON BAG,2,2011-01-23 11:15:00,2.95,17769,United Kingdom
2,541849,22072,RED RETROSPOT TEA CUP AND SAUCER ,1,2011-01-23 13:34:00,3.75,13230,United Kingdom
2,541854,22758,LARGE PURPLE BABUSHKA NOTEBOOK  ,1,2011-01-23 14:58:00,1.25,18283,United Kingdom
2,543814,22084,PAPER CHAIN KIT EMPIRE,6,2011-02-13 15:17:00,2.95,15640,United Kingdom
2,542617,21690,SILVER  CANDLEPOT JARDIN ,2,2011-01-30 15:48:00,3.75,17463,United Kingdom
2,543040,22311,OFFICE MUG WARMER BLACK+SILVER ,1,2011-02-02 17:06:00,2.95,17337,United Kingdom
2,543108,22435,SET OF 9 HEART SHAPED BALLOONS,2,2011-02-03 12:37:00,1.25,14085,United Kingdom
2,543631,85017C,ENVELOPE 50 CURIOUS IMAGES,1,2011-02-10 16:17:00,0.85,14081,United Kingdom
2,543800,21669,BLUE STRIPE CERAMIC DRAWER KNOB,6,2011-02-13 11:36:00,1.25,17282,United Kingdom
2,538518,21820,GLITTER HEART GARLAND WITH BELLS ,1,2010-12-12 16:14:00,3.75,14505,United Kingdom
2,563209,22150,3 STRIPEY MICE FELTCRAFT,2,2011-08-14 12:23:00,1.95,13527,United Kingdom
2,536846,21673,WHITE SPOT BLUE CERAMIC DRAWER KNOB,2,2010-12-02 19:59:00,1.25,14573,United Kingdom
2,536464,21992,VINTAGE PAISLEY STATIONERY SET,1,2010-12-01 12:23:00,2.95,17968,United Kingdom
2,568226,21034,REX CASH+CARRY JUMBO SHOPPER,1,2011-09-26 10:39:00,0.95,16719,United Kingdom
2,542107,21671,RED SPOT CERAMIC DRAWER KNOB,6,2011-01-25 13:38:00,1.25,16222,United Kingdom
2,540953,22367,CHILDRENS APRON SPACEBOY DESIGN,1,2011-01-12 13:16:00,1.95,14587,United Kingdom
2,566400,22698,PINK REGENCY TEACUP AND SAUCER,6,2011-09-12 13:16:00,2.95,17139,United Kingdom
2,566290,23208,LUNCH BAG VINTAGE LEAF DESIGN,1,2011-09-11 15:24:00,1.65,14456,United Kingdom
2,566272,22465,HANGING METAL STAR LANTERN,6,2011-09-11 13:51:00,1.65,14487,United Kingdom
2,565331,23048,SET OF 10 LANTERNS FAIRY LIGHT STAR,1,2011-09-02 13:59:00,4.15,16674,United Kingdom
2,565067,21558,SKULL LUNCH BOX WITH CUTLERY ,1,2011-08-31 17:16:00,2.55,15856,United Kingdom
2,564848,23028,DRAWER KNOB CRACKLE GLAZE BLUE,6,2011-08-30 15:37:00,1.65,16928,United Kingdom
2,564745,22171,3 HOOK PHOTO SHELF ANTIQUE WHITE,1,2011-08-28 15:27:00,8.5,16806,United Kingdom
2,564725,22077,6 RIBBONS RUSTIC CHARM,1,2011-08-28 12:28:00,1.65,18041,United Kingdom
2,564647,22453,MEASURING TAPE BABUSHKA BLUE,1,2011-08-26 13:56:00,2.95,17920,United Kingdom
2,563349,22643,SET OF 4 NAPKIN CHARMS LEAVES   ,1,2011-08-15 13:51:00,2.55,14623,United Kingdom
2,575760,84879,ASSORTED COLOUR BIRD ORNAMENT,8,2011-11-11 10:50:00,1.69,15965,United Kingdom
2,563021,22300,COFFEE MUG DOG + BALL DESIGN,6,2011-08-11 13:25:00,2.55,18077,United Kingdom
2,562680,20726,LUNCH BAG WOODLAND,1,2011-08-08 13:46:00,1.65,17954,United Kingdom
2,562213,23342,MINT DINER WALL CLOCK,1,2011-08-03 13:39:00,8.5,13975,United Kingdom
2,561900,22571,ROCKING HORSE RED CHRISTMAS ,1,2011-07-31 15:31:00,0.85,16655,United Kingdom
2,575856,23378,"PACK OF 12 50'S CHRISTMAS TISSUES",1,2011-11-11 12:28:00,0.39,16386,United Kingdom
2,575851,23350,ROLL WRAP VINTAGE SPOT ,1,2011-11-11 12:13:00,1.25,14662,United Kingdom
2,575959,23454,THREE MINI HANGING FRAMES,2,2011-11-13 12:27:00,4.15,14547,United Kingdom
2,576059,22120,WELCOME  WOODEN BLOCK LETTERS,1,2011-11-13 15:19:00,9.95,15411,United Kingdom
2,576066,23343,JUMBO BAG VINTAGE CHRISTMAS ,1,2011-11-13 15:44:00,2.08,16898,United Kingdom
2,576071,23571,TRADITIONAL NAUGHTS & CROSSES,1,2011-11-13 16:03:00,1.65,18069,United Kingdom
2,576246,22818,CARD CHRISTMAS VILLAGE,12,2011-11-14 13:42:00,0.42,17566,United Kingdom
2,576249,22726,ALARM CLOCK BAKELIKE GREEN,1,2011-11-14 13:47:00,3.75,17811,United Kingdom
2,576300,21993,FLORAL FOLK STATIONERY SET,1,2011-11-14 14:39:00,1.25,15058,United Kingdom
2,576326,22791,T-LIGHT GLASS FLUTED ANTIQUE,12,2011-11-14 15:18:00,1.25,16504,United Kingdom
2,576779,22720,SET OF 3 CAKE TINS PANTRY DESIGN ,3,2011-11-16 13:25:00,4.95,14554,United Kingdom
2,577359,82583,HOT BATHS METAL SIGN,1,2011-11-18 16:07:00,2.1,14903,United Kingdom
2,577438,22865,HAND WARMER OWL DESIGN,1,2011-11-20 11:09:00,2.1,18118,United Kingdom
2,577473,22962,JAM JAR WITH PINK LID,6,2011-11-20 11:28:00,0.85,15919,United Kingdom
2,577482,22382,LUNCH BAG SPACEBOY DESIGN ,5,2011-11-20 11:43:00,1.65,16762,United Kingdom
2,577485,23370,SET 36 COLOURING PENCILS DOILY,1,2011-11-20 11:56:00,1.25,16360,United Kingdom
2,577503,20971,PINK BLUE FELT CRAFT TRINKET BOX,1,2011-11-20 12:34:00,1.25,18110,United Kingdom
2,577506,22775,PURPLE DRAWERKNOB ACRYLIC EDWARDIAN,1,2011-11-20 12:40:00,1.25,13212,United Kingdom
2,577507,23192,BUNDLE OF 3 ALPHABET EXERCISE BOOKS,1,2011-11-20 12:42:00,1.65,14710,United Kingdom
2,577751,84879,ASSORTED COLOUR BIRD ORNAMENT,8,2011-11-21 14:34:00,1.69,12904,United Kingdom
2,577782,23100,SILVER BELLS TABLE DECORATION,1,2011-11-21 16:17:00,1.25,16549,United Kingdom
2,578153,84748,FOLK FELT HANGING MULTICOL GARLAND,1,2011-11-23 11:22:00,3.75,12748,United Kingdom
2,578516,21930,JUMBO STORAGE BAG SKULLS,10,2011-11-24 13:53:00,2.08,14591,United Kingdom
2,578519,22327,ROUND SNACK BOXES SET OF 4 SKULLS,1,2011-11-24 13:56:00,2.95,14591,United Kingdom
2,578664,22075,6 RIBBONS ELEGANT CHRISTMAS ,2,2011-11-24 16:59:00,1.65,15910,United Kingdom
2,578757,23084,RABBIT NIGHT LIGHT,1,2011-11-25 11:41:00,2.08,12748,United Kingdom
2,578852,22666,RECIPE BOX PANTRY YELLOW DESIGN,1,2011-11-27 11:12:00,2.95,17841,United Kingdom
2,578926,21531,RED RETROSPOT SUGAR JAM BOWL,1,2011-11-27 12:24:00,2.55,18156,United Kingdom
2,578929,82483,WOOD 2 DRAWER CABINET WHITE FINISH,2,2011-11-27 12:31:00,6.95,13064,United Kingdom
2,578935,23582,VINTAGE DOILY JUMBO BAG RED ,1,2011-11-27 12:52:00,2.08,15351,United Kingdom
2,579458,23406,HOME SWEET HOME KEY HOLDER,1,2011-11-29 14:38:00,6.25,16549,United Kingdom
2,579458,23426,METAL SIGN DROP YOUR PANTS,1,2011-11-29 14:38:00,2.89,16549,United Kingdom
2,580276,22556,PLASTERS IN TIN CIRCUS PARADE ,1,2011-12-02 12:59:00,1.65,16426,United Kingdom
2,580293,22413,METAL SIGN TAKE IT OR LEAVE IT ,1,2011-12-02 13:38:00,2.95,16426,United Kingdom
2,580399,22099,CARAVAN SQUARE TISSUE BOX,1,2011-12-04 11:45:00,0.39,13471,United Kingdom
2,580434,23330,DECORATIVE WICKER HEART MEDIUM,1,2011-12-04 12:17:00,1.25,17114,United Kingdom
2,580884,21064,BOOM BOX SPEAKER BOYS,2,2011-12-06 12:21:00,1.25,15907,United Kingdom
2,580903,21850,BLUE  DIAMANTE PEN IN GIFT BOX,1,2011-12-06 12:56:00,4.95,14606,United Kingdom
2,580908,23127,FELTCRAFT GIRL NICOLE KIT,1,2011-12-06 13:20:00,4.95,16495,United Kingdom
2,581352,22564,ALPHABET STENCIL CRAFT,1,2011-12-08 12:26:00,1.25,14698,United Kingdom
2,581471,21411,GINGHAM HEART  DOORSTOP RED,2,2011-12-08 19:29:00,1.95,14702,United Kingdom
2,544461,21671,RED SPOT CERAMIC DRAWER KNOB,6,2011-02-20 14:08:00,1.25,13744,United Kingdom
2,C544580,S,SAMPLES,-1,2011-02-21 14:25:00,9.74,,United Kingdom
2,545043,47566B,TEA TIME PARTY BUNTING,1,2011-02-27 11:05:00,4.95,16407,United Kingdom
2,546089,21829,DINOSAUR KEYRINGS ASSORTED,36,2011-03-09 11:44:00,0.21,17864,United Kingdom
2,546108,20726,LUNCH BAG WOODLAND,1,2011-03-09 12:35:00,1.65,15529,United Kingdom
2,546846,16046,TEATIME PEN CASE & PENS,2,2011-03-17 12:47:00,0.85,13533,United Kingdom
2,547194,22895,SET OF 2 TEA TOWELS APPLE AND PEARS,1,2011-03-21 12:42:00,2.95,12637,France
2,547651,21389,IVORY HANGING DECORATION  BIRD,1,2011-03-24 12:11:00,0.85,16904,United Kingdom
2,574170,21034,REX CASH+CARRY JUMBO SHOPPER,2,2011-11-03 11:43:00,0.95,16221,United Kingdom
2,538510,22739,RIBBON REEL CHRISTMAS SOCK BAUBLE,1,2010-12-12 13:47:00,1.65,18004,United Kingdom
2,550512,35961,FOLKART ZINC HEART CHRISTMAS DEC,1,2011-04-18 16:31:00,0.85,18069,United Kingdom
2,551776,22678,FRENCH BLUE METAL DOOR SIGN 3,1,2011-05-04 11:23:00,1.25,13268,United Kingdom
2,552259,22698,PINK REGENCY TEACUP AND SAUCER,1,2011-05-08 11:13:00,2.95,15796,United Kingdom
2,552285,84991,60 TEATIME FAIRY CAKE CASES,1,2011-05-08 12:58:00,0.55,14684,United Kingdom
2,552310,22440,BALLOON WATER BOMB PACK OF 35,10,2011-05-08 15:22:00,0.42,17323,United Kingdom
2,552828,23207,LUNCH BAG ALPHABET DESIGN,10,2011-05-11 13:23:00,1.65,13662,United Kingdom
2,553657,20727,LUNCH BAG  BLACK SKULL.,1,2011-05-18 11:28:00,1.65,14583,United Kingdom
2,553856,84991,60 TEATIME FAIRY CAKE CASES,1,2011-05-19 13:28:00,0.55,16813,United Kingdom
2,553935,35810A,ENAMEL PINK COFFEE CONTAINER,1,2011-05-20 10:32:00,0.83,15856,United Kingdom
2,554108,21175,GIN + TONIC DIET METAL SIGN,1,2011-05-22 14:29:00,2.55,13668,United Kingdom
2,554112,90200D,PINK SWEETHEART BRACELET,1,2011-05-22 14:44:00,4.25,17611,United Kingdom
2,554981,22383,LUNCH BAG SUKI DESIGN ,1,2011-05-29 12:06:00,1.65,17613,United Kingdom
2,556487,23102,SILVER HEARTS TABLE DECORATION,1,2011-06-12 13:51:00,0.83,17289,United Kingdom
2,557019,21484,CHICK GREY HOT WATER BOTTLE,1,2011-06-16 12:45:00,3.45,15907,United Kingdom
2,558767,21034,REX CASH+CARRY JUMBO SHOPPER,1,2011-07-03 13:27:00,0.95,13833,United Kingdom
2,559921,22637,PIGGY BANK RETROSPOT ,1,2011-07-13 15:42:00,2.55,13667,United Kingdom
2,560245,22469,HEART OF WICKER SMALL,1,2011-07-17 12:15:00,1.65,,Switzerland
2,560644,23263,SET OF 3 WOODEN HEART DECORATIONS,1,2011-07-20 11:22:00,1.25,16271,United Kingdom
2,569261,22925,BLUE GIANT GARDEN THERMOMETER,1,2011-10-03 11:34:00,5.95,17321,United Kingdom
2,569367,23013,GLASS APOTHECARY BOTTLE TONIC,1,2011-10-03 15:28:00,3.95,13994,United Kingdom
2,569670,23372,SET 36 COLOUR PENCILS DOLLY GIRL,1,2011-10-05 13:47:00,1.25,14730,United Kingdom
2,570241,90188,DROP EARRINGS W FLOWER & LEAF,1,2011-10-09 15:24:00,2.55,14801,United Kingdom
2,571039,21034,REX CASH+CARRY JUMBO SHOPPER,1,2011-10-13 12:59:00,0.95,16121,United Kingdom
2,571054,23225,CHERUB HEART DECORATION SILVER ,1,2011-10-13 13:58:00,0.83,14234,United Kingdom
2,571105,85034B,3 WHITE CHOC MORRIS BOXED CANDLES,1,2011-10-13 16:01:00,1.25,17614,United Kingdom
2,550459,21381,MINI WOODEN HAPPY BIRTHDAY GARLAND,1,2011-04-18 13:17:00,1.69,18116,United Kingdom
2,571372,22185,SLATE TILE NATURAL HANGING,36,2011-10-17 11:55:00,1.45,17201,United Kingdom
2,571461,72807B,SET/3 OCEAN SCENT CANDLE JEWEL BOX,1,2011-10-17 14:12:00,4.25,16932,United Kingdom
2,571654,21108,FAIRY CAKE FLANNEL ASSORTED COLOUR,1,2011-10-18 12:17:00,0.79,18118,United Kingdom
2,571837,21494,ROTATING LEAVES T-LIGHT HOLDER,2,2011-10-19 12:11:00,1.25,16470,United Kingdom
2,571883,22800,ANTIQUE TALL SWIRLGLASS TRINKET POT,1,2011-10-19 13:58:00,3.75,14704,United Kingdom
2,572103,22747,"POPPY'S PLAYHOUSE BATHROOM",1,2011-10-20 15:57:00,2.1,17571,United Kingdom
2,572306,47421,ASSORTED COLOUR LIZARD SUCTION HOOK,2,2011-10-23 15:11:00,0.42,17841,United Kingdom
2,548309,16012,FOOD/DRINK SPONGE STICKERS,24,2011-03-30 12:02:00,0.21,16657,United Kingdom
2,572732,22712,CARD DOLLY GIRL ,12,2011-10-25 15:21:00,0.42,18079,United Kingdom
2,572732,21504,SKULLS GREETING CARD,24,2011-10-25 15:21:00,0.42,18079,United Kingdom
2,573139,22609,PENS ASSORTED SPACEBALL,36,2011-10-27 17:29:00,0.19,14716,United Kingdom
2,573300,22412,METAL SIGN NEIGHBOURHOOD WITCH ,1,2011-10-28 16:10:00,2.1,16049,United Kingdom
2,573315,22748,"POPPY'S PLAYHOUSE KITCHEN",1,2011-10-28 17:27:00,2.1,17839,United Kingdom
2,573330,23378,"PACK OF 12 50'S CHRISTMAS TISSUES",1,2011-10-30 11:22:00,0.39,16923,United Kingdom
2,573347,20914,SET/5 RED RETROSPOT LID GLASS BOWLS,1,2011-10-30 12:26:00,2.95,13137,United Kingdom
2,573384,22158,3 HEARTS HANGING DECORATION RUSTIC,8,2011-10-30 14:19:00,2.95,15478,United Kingdom
2,573396,22421,LIPSTICK PEN FUSCHIA,1,2011-10-30 15:13:00,0.42,14723,United Kingdom
2,574040,20914,SET/5 RED RETROSPOT LID GLASS BOWLS,1,2011-11-02 13:01:00,2.95,14974,United Kingdom
2,550322,84029E,RED WOOLLY HOTTIE WHITE HEART.,1,2011-04-17 12:53:00,3.75,14524,United Kingdom
2,574481,23192,BUNDLE OF 3 ALPHABET EXERCISE BOOKS,1,2011-11-04 12:45:00,1.65,18022,United Kingdom
2,574683,21354,TOAST ITS - BEST MUM,1,2011-11-06 12:50:00,1.25,16372,United Kingdom
2,574709,85066,CREAM SWEETHEART MINI CHEST,2,2011-11-06 14:14:00,12.75,17768,United Kingdom
2,574839,23284,DOORMAT KEEP CALM AND COME IN,1,2011-11-07 11:40:00,8.25,15493,United Kingdom
2,574864,23084,RABBIT NIGHT LIGHT,24,2011-11-07 12:29:00,1.79,14387,United Kingdom
2,575258,90206C,CRYSTAL DIAMANTE STAR BROOCH,1,2011-11-09 12:00:00,4.95,13623,United Kingdom
2,575583,23558,LANDMARK FRAME LONDON BRIDGE ,1,2011-11-10 11:55:00,12.5,14456,United Kingdom
2,575856,47578A,ENGLISH ROSE SMALL SCENTED FLOWER,2,2011-11-11 12:28:00,0.85,16386,United Kingdom
2,575856,21058,PARTY INVITES WOODLAND,1,2011-11-11 12:28:00,0.85,16386,United Kingdom
2,563376,21985,PACK OF 12 HEARTS DESIGN TISSUES ,12,2011-08-16 10:36:00,0.29,15752,United Kingdom
2,563909,85204,HANGING WOOD AND FELT FLOWER,5,2011-08-21 12:36:00,0.12,15701,United Kingdom
2,549728,21212,PACK OF 72 RETROSPOT CAKE CASES,2,2011-04-11 16:15:00,0.55,17799,United Kingdom
2,564335,21980,PACK OF 12 RED RETROSPOT TISSUES ,1,2011-08-24 14:23:00,0.29,15800,United Kingdom
2,564729,22208,WOOD STAMP SET THANK YOU,2,2011-08-28 12:44:00,0.83,13137,United Kingdom
2,565331,22699,ROSES REGENCY TEACUP AND SAUCER ,1,2011-09-02 13:59:00,2.95,16674,United Kingdom
2,565401,21041,RED RETROSPOT OVEN GLOVE DOUBLE,1,2011-09-02 17:38:00,2.95,16686,United Kingdom
2,565421,84988,SET OF 72 PINK HEART PAPER DOILIES,1,2011-09-04 12:10:00,1.45,16744,United Kingdom
2,565734,82552,WASHROOM METAL SIGN,1,2011-09-06 12:15:00,1.45,17191,United Kingdom
2,566408,22393,PAPERWEIGHT VINTAGE COLLAGE,2,2011-09-12 13:43:00,2.55,16984,United Kingdom
2,567183,22047,EMPIRE GIFT WRAP,25,2011-09-18 15:32:00,0.42,14769,United Kingdom
2,568325,21533,RETROSPOT LARGE MILK JUG,1,2011-09-26 13:57:00,4.95,14667,United Kingdom
2,568531,22570,FELTCRAFT CUSHION RABBIT,1,2011-09-27 13:49:00,3.75,16713,United Kingdom
2,536412,21448,12 DAISY PEGS IN WOOD BOX,1,2010-12-01 11:49:00,1.65,17920,United Kingdom
2,536528,22743,MAKE YOUR OWN FLOWERPOWER CARD KIT,1,2010-12-01 13:17:00,2.95,15525,United Kingdom
2,536637,22654,DELUXE SEWING KIT ,1,2010-12-02 11:35:00,5.95,18041,United Kingdom
2,536846,20983,12 PENCILS TALL TUBE RED RETROSPOT,1,2010-12-02 19:59:00,0.85,14573,United Kingdom
2,537059,84508B,STRIPES DESIGN TEDDY,1,2010-12-05 11:54:00,2.55,14813,United Kingdom
2,537382,22754,SMALL RED BABUSHKA NOTEBOOK ,1,2010-12-06 13:13:00,0.85,16710,United Kingdom
2,538307,22910,PAPER CHAIN KIT VINTAGE CHRISTMAS,2,2010-12-10 13:27:00,2.95,14667,United Kingdom
2,548792,21212,PACK OF 72 RETROSPOT CAKE CASES,1,2011-04-04 12:42:00,0.55,14711,United Kingdom
2,548792,21242,RED RETROSPOT PLATE ,1,2011-04-04 12:42:00,1.69,14711,United Kingdom
2,548711,21786,POLKADOT RAIN HAT ,1,2011-04-03 14:24:00,0.42,18116,United Kingdom
2,547772,22113,GREY HEART HOT WATER BOTTLE,1,2011-03-25 11:34:00,3.75,17979,United Kingdom
2,578041,85014A,BLACK/BLUE POLKADOT UMBRELLA,1,2011-11-22 14:23:00,5.95,17338,United Kingdom
2,538518,21620,SET OF 4 ROSE BOTANICAL CANDLES,1,2010-12-12 16:14:00,3.75,14505,United Kingdom
2,538744,84029G,KNITTED UNION FLAG HOT WATER BOTTLE,2,2010-12-14 11:26:00,3.75,15356,United Kingdom
2,539317,22443,GROW YOUR OWN HERBS SET OF 3,1,2010-12-16 19:04:00,7.95,17392,United Kingdom
2,540247,84375,SET OF 20 KIDS COOKIE CUTTERS,1,2011-01-05 15:56:00,2.1,15464,United Kingdom
2,540839,22284,HEN HOUSE DECORATION,1,2011-01-11 15:42:00,1.65,16791,United Kingdom
2,541843,85212,MINI PAINTED GARDEN DECORATION ,12,2011-01-23 12:08:00,0.85,13659,United Kingdom
2,541855,22723,SET OF 6 HERB TINS SKETCHBOOK,1,2011-01-23 14:59:00,3.95,13742,United Kingdom
2,542231,21675,BUTTERFLIES STICKERS,6,2011-01-26 13:40:00,0.85,16714,United Kingdom
2,542239,22464,HANGING METAL HEART LANTERN,1,2011-01-26 14:35:00,1.65,17786,United Kingdom
2,542393,85039A,SET/4 RED MINI ROSE CANDLE IN BOWL,1,2011-01-27 15:02:00,1.65,18125,United Kingdom
2,542611,84992,72 SWEETHEART FAIRY CAKE CASES,24,2011-01-30 14:13:00,0.55,15415,United Kingdom
2,543309,20751,FUNKY WASHING UP GLOVES ASSORTED,1,2011-02-07 12:05:00,2.1,18118,United Kingdom
2,543653,22174,PHOTO CUBE,1,2011-02-11 10:26:00,1.65,14796,United Kingdom
2,544077,22967,SET 3 SONG BIRD PAPER EGGS ASSORTED,2,2011-02-15 15:04:00,2.95,14825,United Kingdom
2,575972,21329,DINOSAURS  WRITING SET ,1,2011-11-13 13:01:00,1.65,14499,United Kingdom
2,576246,22360,GLASS JAR ENGLISH CONFECTIONERY,1,2011-11-14 13:42:00,2.95,17566,United Kingdom
2,576249,20713,JUMBO BAG OWLS,2,2011-11-14 13:47:00,2.08,17811,United Kingdom
2,576249,23191,BUNDLE OF 3 RETRO NOTE BOOKS,1,2011-11-14 13:47:00,1.65,17811,United Kingdom
2,576463,22092,BLUE PAISLEY TISSUE BOX,1,2011-11-15 11:37:00,0.39,17974,United Kingdom
2,576686,22271,FELTCRAFT DOLL ROSIE,1,2011-11-16 12:08:00,2.95,16916,United Kingdom
2,576689,22082,RIBBON REEL STRIPES DESIGN ,5,2011-11-16 12:18:00,1.65,16657,United Kingdom
2,576779,22667,RECIPE BOX RETROSPOT ,1,2011-11-16 13:25:00,2.95,14554,United Kingdom
2,576784,21731,RED TOADSTOOL LED NIGHT LIGHT,1,2011-11-16 13:40:00,1.65,16204,United Kingdom
2,577536,21232,STRAWBERRY CERAMIC TRINKET POT,1,2011-11-20 14:14:00,1.25,15850,United Kingdom
2,571229,23329,DECORATIVE WICKER HEART LARGE,1,2011-10-14 14:04:00,1.65,15453,United Kingdom
2,578233,23527,WALL ART ANIMALS AND NATURE ,1,2011-11-23 12:20:00,3.75,14049,United Kingdom
2,578262,84991,60 TEATIME FAIRY CAKE CASES,2,2011-11-23 13:27:00,0.55,18283,United Kingdom
2,578781,22979,PANTRY WASHING UP BRUSH,1,2011-11-25 11:54:00,1.45,15872,United Kingdom
2,578781,22097,SWALLOW SQUARE TISSUE BOX,1,2011-11-25 11:54:00,0.39,15872,United Kingdom
2,578808,22379,RECYCLING BAG RETROSPOT ,10,2011-11-25 13:23:00,2.1,16327,United Kingdom
2,578921,23372,SET 36 COLOUR PENCILS DOLLY GIRL,1,2011-11-27 11:57:00,1.25,13596,United Kingdom
2,578926,21537,RED RETROSPOT PUDDING BOWL,1,2011-11-27 12:24:00,4.25,18156,United Kingdom
2,578949,22996,TRAVEL CARD WALLET VINTAGE TICKET,1,2011-11-27 14:30:00,0.42,14954,United Kingdom
2,579458,22158,3 HEARTS HANGING DECORATION RUSTIC,1,2011-11-29 14:38:00,2.95,16549,United Kingdom
2,579491,22076,6 RIBBONS EMPIRE  ,1,2011-11-29 15:23:00,1.65,14723,United Kingdom
2,579600,22750,FELTCRAFT PRINCESS LOLA DOLL,8,2011-11-30 12:00:00,3.75,13647,United Kingdom
2,580193,23317,BLUE REFECTORY CLOCK ,1,2011-12-02 12:03:00,9.95,16899,United Kingdom
2,580305,23193,BUFFALO BILL TREASURE BOOK BOX,1,2011-12-02 14:26:00,2.25,12970,United Kingdom
2,580516,21822,GLITTER CHRISTMAS TREE WITH BELLS,6,2011-12-04 14:15:00,0.79,17954,United Kingdom
2,580619,21034,REX CASH+CARRY JUMBO SHOPPER,1,2011-12-05 12:08:00,0.95,15053,United Kingdom
2,580654,84006,MAGIC TREE -PAPER FLOWERS,1,2011-12-05 13:37:00,0.85,15854,United Kingdom
2,580695,22721,SET OF 3 CAKE TINS SKETCHBOOK,1,2011-12-05 16:03:00,1.95,13230,United Kingdom
2,580877,84347,ROTATING SILVER ANGELS T-LIGHT HLDR,1,2011-12-06 12:15:00,2.55,17250,United Kingdom
2,544336,22289,HANGING METAL CHICKEN DECORATION,2,2011-02-17 19:36:00,1.25,13230,United Kingdom
2,545066,22993,SET OF 4 PANTRY JELLY MOULDS,1,2011-02-27 14:44:00,1.25,13610,United Kingdom
2,545165,21524,DOORMAT SPOTTY HOME SWEET HOME,1,2011-02-28 13:41:00,7.95,16339,United Kingdom
2,546426,22784,LANTERN CREAM GAZEBO ,1,2011-03-13 13:46:00,4.95,13708,United Kingdom
2,546731,15044A,PINK PAPER PARASOL ,6,2011-03-16 11:39:00,2.95,13089,United Kingdom
2,546866,21754,HOME BUILDING BLOCK WORD,1,2011-03-17 15:47:00,5.95,14462,United Kingdom
2,546950,22256,FELT FARM ANIMAL CHICKEN,1,2011-03-18 11:24:00,1.25,16511,United Kingdom
2,546951,21671,RED SPOT CERAMIC DRAWER KNOB,6,2011-03-18 11:30:00,1.25,17673,United Kingdom
2,547651,22287,"DECORATION , WOBBLY CHICKEN, METAL ",1,2011-03-24 12:11:00,1.65,16904,United Kingdom
2,547795,22851,SET 20 NAPKINS FAIRY CAKES DESIGN ,1,2011-03-25 12:21:00,0.85,14536,United Kingdom
2,548308,21086,SET/6 RED SPOTTY PAPER CUPS,2,2011-03-30 12:00:00,0.65,17220,United Kingdom
2,548400,85144,JARDIN ETCHED GLASS CHEESE DISH,1,2011-03-30 17:33:00,1.95,17400,United Kingdom
2,549568,22296,HEART IVORY TRELLIS LARGE,12,2011-04-10 15:09:00,1.65,15665,United Kingdom
2,550320,20728,LUNCH BAG CARS BLUE,1,2011-04-17 12:37:00,1.65,12748,United Kingdom
2,550632,23055,IVORY CHANDELIER T-LIGHT HOLDER,1,2011-04-19 14:56:00,6.25,16907,United Kingdom
2,550803,84992,72 SWEETHEART FAIRY CAKE CASES,1,2011-04-20 15:25:00,0.55,18177,United Kingdom
2,551440,22620,4 TRADITIONAL SPINNING TOPS,1,2011-04-28 15:29:00,1.45,15311,United Kingdom
2,552277,21714,CITRONELLA CANDLE GARDEN POT,6,2011-05-08 12:34:00,1.25,13642,United Kingdom
2,552285,22951,60 CAKE CASES DOLLY GIRL DESIGN,1,2011-05-08 12:58:00,0.55,14684,United Kingdom
2,552296,21078,SET/20 STRAWBERRY PAPER NAPKINS ,2,2011-05-08 14:09:00,0.85,15518,United Kingdom
2,553141,48187,DOORMAT NEW ENGLAND,1,2011-05-13 13:01:00,7.95,15907,United Kingdom
2,553657,48185,DOORMAT FAIRY CAKE,1,2011-05-18 11:28:00,7.95,14583,United Kingdom
2,553673,22771,CLEAR DRAWER KNOB ACRYLIC EDWARDIAN,12,2011-05-18 12:46:00,1.25,16814,United Kingdom
2,554989,16235,RECYCLED PENCIL WITH RABBIT ERASER,36,2011-05-29 13:50:00,0.21,15897,United Kingdom
2,554993,20718,RED RETROSPOT SHOPPER BAG,5,2011-05-29 14:13:00,1.25,17051,United Kingdom
2,C555723,22171,3 HOOK PHOTO SHELF ANTIQUE WHITE,-2,2011-06-06 16:21:00,8.5,15737,United Kingdom
2,557442,22630,DOLLY GIRL LUNCH BOX,1,2011-06-20 12:53:00,1.95,14808,United Kingdom
2,557956,22385,JUMBO BAG SPACEBOY DESIGN,1,2011-06-23 19:20:00,2.08,18283,United Kingdom
2,558232,47566B,TEA TIME PARTY BUNTING,1,2011-06-27 14:30:00,4.95,17841,United Kingdom
2,558702,22557,PLASTERS IN TIN VINTAGE PAISLEY ,1,2011-07-01 12:45:00,1.65,12748,United Kingdom
2,558876,22662,LUNCH BAG DOLLY GIRL DESIGN,1,2011-07-04 13:36:00,1.65,17841,United Kingdom
2,558888,22730,ALARM CLOCK BAKELIKE IVORY,1,2011-07-04 15:29:00,3.75,14056,United Kingdom
2,559672,37446,MINI CAKE STAND WITH HANGING CAKES,1,2011-07-11 14:04:00,1.45,14796,United Kingdom
2,560018,21989,PACK OF 20 SKULL PAPER NAPKINS,1,2011-07-14 12:52:00,0.85,15987,United Kingdom
2,560271,37327,ASSTD MULTICOLOUR CIRCLES MUG,1,2011-07-17 14:51:00,0.39,16474,United Kingdom
2,560444,21395,BLUE POLKADOT BEAKER ,6,2011-07-18 17:15:00,0.39,13764,United Kingdom
2,569332,22124,SET OF 2 TEA TOWELS PING MICROWAVE,1,2011-10-03 13:46:00,2.95,12637,France
2,566249,22940,FELTCRAFT CHRISTMAS FAIRY,1,2011-09-11 12:09:00,4.25,13527,United Kingdom
2,537781,22867,HAND WARMER BIRD DESIGN,2,2010-12-08 12:46:00,2.1,17341,United Kingdom
2,570423,20728,LUNCH BAG CARS BLUE,2,2011-10-10 13:38:00,1.65,14451,United Kingdom
2,570442,22952,60 CAKE CASES VINTAGE CHRISTMAS,1,2011-10-10 14:37:00,0.55,16549,United Kingdom
2,571046,15056P,EDWARDIAN PARASOL PINK,1,2011-10-13 13:35:00,5.95,18096,United Kingdom
2,571270,23330,DECORATIVE WICKER HEART MEDIUM,2,2011-10-16 12:09:00,1.25,12940,United Kingdom
2,571291,23032,DRAWER KNOB CRACKLE GLAZE IVORY,6,2011-10-16 15:44:00,1.65,13610,United Kingdom
2,571408,22970,LONDON BUS COFFEE MUG,1,2011-10-17 12:22:00,2.55,15012,United Kingdom
2,572058,21739,COSY SLIPPER SHOES SMALL GREEN,1,2011-10-20 12:43:00,2.95,18252,United Kingdom
2,572073,21873,"IF YOU CAN'T STAND THE HEAT MUG",1,2011-10-20 13:46:00,1.25,13263,United Kingdom
2,572074,21027,NINJA RABBIT PINK,2,2011-10-20 13:54:00,1.25,16284,United Kingdom
2,572295,85034A,3 GARDENIA MORRIS BOXED CANDLES,1,2011-10-23 13:49:00,1.25,16686,United Kingdom
2,572859,22795,SWEETHEART RECIPE BOOK STAND,1,2011-10-26 12:39:00,6.75,16418,United Kingdom
2,573093,23354,"6 GIFT TAGS 50'S CHRISTMAS ",1,2011-10-27 14:38:00,0.83,18283,United Kingdom
2,573300,85036C,ROSE 1 WICK MORRIS BOXED CANDLE,6,2011-10-28 16:10:00,1.25,16049,United Kingdom
2,573323,82486,3 DRAWER ANTIQUE WHITE WOOD CABINET,2,2011-10-30 10:54:00,8.95,15708,United Kingdom
2,573772,23353,6 GIFT TAGS VINTAGE CHRISTMAS ,5,2011-11-01 10:16:00,0.83,17377,United Kingdom
2,574032,22736,RIBBON REEL MAKING SNOWMEN ,5,2011-11-02 12:37:00,1.65,17754,United Kingdom
2,574536,21531,RED RETROSPOT SUGAR JAM BOWL,1,2011-11-04 14:35:00,2.55,15707,United Kingdom
2,574700,23479,WIRE EGG BASKET ,1,2011-11-06 13:53:00,7.85,16033,United Kingdom
2,570410,21213,PACK OF 72 SKULL CAKE CASES,2,2011-10-10 13:04:00,0.55,16776,United Kingdom
2,575087,21210,SET OF 72 RETROSPOT PAPER  DOILIES,1,2011-11-08 13:57:00,1.45,16549,United Kingdom
2,575152,23508,MINI PLAYING CARDS DOLLY GIRL ,1,2011-11-08 16:12:00,0.42,16284,United Kingdom
2,575368,23319,"BOX OF 6 MINI 50'S CRACKERS",4,2011-11-09 15:07:00,2.49,14482,United Kingdom
2,575681,20751,FUNKY WASHING UP GLOVES ASSORTED,1,2011-11-10 15:32:00,2.1,16903,United Kingdom
2,570019,21976,PACK OF 60 MUSHROOM CAKE CASES,1,2011-10-07 10:13:00,0.55,17841,United Kingdom
2,575760,84375,SET OF 20 KIDS COOKIE CUTTERS,2,2011-11-11 10:50:00,2.1,15965,United Kingdom
2,561485,21090,SET/6 COLLAGE PAPER PLATES,6,2011-07-27 13:42:00,0.39,17841,United Kingdom
2,561626,84879,ASSORTED COLOUR BIRD ORNAMENT,8,2011-07-28 14:03:00,1.69,14898,United Kingdom
2,561868,20723,STRAWBERRY CHARLOTTE BAG,1,2011-07-31 11:26:00,0.85,16813,United Kingdom
2,562772,22390,PAPERWEIGHT CHILDHOOD MEMORIES,2,2011-08-09 12:07:00,2.55,13097,United Kingdom
2,563924,82483,WOOD 2 DRAWER CABINET WHITE FINISH,1,2011-08-21 14:32:00,6.95,15984,United Kingdom
2,564172,21891,TRADITIONAL WOODEN SKIPPING ROPE,1,2011-08-23 14:19:00,1.45,16033,United Kingdom
2,564342,22400,MAGNETS PACK OF 4 HOME SWEET HOME,1,2011-08-24 14:53:00,0.39,16340,United Kingdom
2,565426,22666,RECIPE BOX PANTRY YELLOW DESIGN,1,2011-09-04 12:41:00,2.95,12851,United Kingdom
2,570333,23101,SILVER STARS TABLE DECORATION,1,2011-10-10 12:19:00,0.83,18126,United Kingdom
2,570223,22496,SET OF 2 ROUND TINS DUTCH CHEESE,1,2011-10-09 13:11:00,2.95,15787,United Kingdom
2,566408,22544,MINI JIGSAW SPACEBOY,1,2011-09-12 13:43:00,0.42,16984,United Kingdom
2,567183,23031,DRAWER KNOB CRACKLE GLAZE PINK,6,2011-09-18 15:32:00,1.65,14769,United Kingdom
2,568141,22569,FELTCRAFT CUSHION BUTTERFLY,1,2011-09-25 11:21:00,3.75,16326,United Kingdom
2,568163,23424,GINGHAM RECIPE BOOK BOX,4,2011-09-25 12:34:00,4.95,14540,United Kingdom
2,568191,84050,PINK HEART SHAPE EGG FRYING PAN,2,2011-09-25 14:37:00,1.65,16655,United Kingdom
2,568212,23493,VINTAGE DOILY TRAVEL SEWING KIT,1,2011-09-25 16:05:00,1.95,15154,United Kingdom
2,568703,22068,BLACK PIRATE TREASURE CHEST,2,2011-09-28 15:21:00,1.65,12748,United Kingdom
2,568901,23132,SMALL IVORY HEART WALL ORGANISER,6,2011-09-29 13:22:00,5.75,15050,United Kingdom
2,568938,21123,SET/10 IVORY POLKADOT PARTY CANDLES,1,2011-09-29 14:46:00,1.25,17220,United Kingdom
2,536412,22273,FELTCRAFT DOLL MOLLY,1,2010-12-01 11:49:00,2.95,17920,United Kingdom
2,536464,22945,CHRISTMAS METAL TAGS ASSORTED ,6,2010-12-01 12:23:00,0.85,17968,United Kingdom
2,536528,85114B,IVORY ENCHANTED FOREST PLACEMAT,1,2010-12-01 13:17:00,1.65,15525,United Kingdom
2,536551,22112,CHOCOLATE HOT WATER BOTTLE,1,2010-12-01 14:34:00,4.95,17346,United Kingdom
2,537140,22633,HAND WARMER UNION JACK,1,2010-12-05 12:53:00,2.1,12748,United Kingdom
2,537199,82616B,FRAPPUCINO SCARF KNITTING KIT,1,2010-12-05 14:06:00,2.95,15894,United Kingdom
2,537202,22147,FELTCRAFT BUTTERFLY HEARTS,2,2010-12-05 14:25:00,1.45,14506,United Kingdom
2,537208,90082D,DIAMANTE BOW BROOCH BLACK COLOUR,1,2010-12-05 15:12:00,6.35,15889,United Kingdom
2,537224,21822,GLITTER CHRISTMAS TREE WITH BELLS,6,2010-12-05 16:24:00,1.95,13174,United Kingdom
2,569823,21071,VINTAGE BILLBOARD DRINK ME MUG,4,2011-10-06 12:15:00,1.25,16895,United Kingdom
2,537781,21625,VINTAGE UNION JACK APRON,1,2010-12-08 12:46:00,6.95,17341,United Kingdom
2,537781,22563,HAPPY STENCIL CRAFT,1,2010-12-08 12:46:00,1.25,17341,United Kingdom
2,537781,22759,SET OF 3 NOTEBOOKS IN PARCEL,1,2010-12-08 12:46:00,1.65,17341,United Kingdom
2,543306,22543,MINI JIGSAW BAKE A CAKE ,1,2011-02-07 11:56:00,0.42,16686,United Kingdom
2,538051,22659,LUNCH BOX I LOVE LONDON,2,2010-12-09 13:24:00,1.95,18041,United Kingdom
2,538166,21915,RED  HARMONICA IN BOX ,5,2010-12-09 18:09:00,1.25,17965,United Kingdom
2,538201,22652,TRAVEL SEWING KIT,1,2010-12-10 11:12:00,1.65,15723,United Kingdom
2,538419,21981,PACK OF 12 WOODLAND TISSUES ,1,2010-12-12 12:01:00,0.29,16367,United Kingdom
2,538656,20782,CAMOUFLAGE EAR MUFF HEADPHONES,1,2010-12-13 15:20:00,5.49,17371,United Kingdom
2,539475,22197,SMALL POPCORN HOLDER,1,2010-12-19 14:41:00,0.85,16686,United Kingdom
2,540992,22078,RIBBON REEL LACE DESIGN ,5,2011-01-12 16:57:00,2.1,17364,United Kingdom
2,541244,84030E,ENGLISH ROSE HOT WATER BOTTLE,1,2011-01-16 12:35:00,4.25,15535,United Kingdom
2,541249,22900, SET 2 TEA TOWELS I LOVE LONDON ,1,2011-01-16 13:18:00,2.95,13700,United Kingdom
2,541266,22558,CLOTHES PEGS RETROSPOT PACK 24 ,6,2011-01-16 16:25:00,1.49,15673,United Kingdom
2,541414,22583,PACK OF 6 HANDBAG GIFT BOXES,1,2011-01-17 16:14:00,2.55,18212,United Kingdom
2,541604,21124,SET/10 BLUE POLKADOT PARTY CANDLES,1,2011-01-19 17:23:00,1.25,14572,United Kingdom
2,541838,85066,CREAM SWEETHEART MINI CHEST,2,2011-01-23 10:43:00,12.75,12916,United Kingdom
2,542398,22464,HANGING METAL HEART LANTERN,6,2011-01-27 15:36:00,1.65,13174,United Kingdom
2,542607,22335,HEART DECORATION PAINTED ZINC ,1,2011-01-30 13:48:00,0.65,13148,United Kingdom
2,542607,22185,SLATE TILE NATURAL HANGING,2,2011-01-30 13:48:00,1.65,13148,United Kingdom
2,543300,22301,COFFEE MUG CAT + BIRD DESIGN,6,2011-02-07 11:42:00,2.55,13334,United Kingdom
2,574722,71038,WHITE HANGING BEADS CANDLE HOLDER,1,2011-11-06 14:45:00,5.45,14502,United Kingdom
2,571667,85032A,ROMANTIC IMAGES GIFT WRAP SET,1,2011-10-18 13:04:00,0.65,14554,United Kingdom
2,575681,23300,GARDENERS KNEELING PAD CUP OF TEA ,1,2011-11-10 15:32:00,1.65,16903,United Kingdom
2,575668,23209,LUNCH BAG VINTAGE DOILY ,1,2011-11-10 14:59:00,1.65,18283,United Kingdom
2,575631,21386,IVORY HANGING DECORATION  EGG,24,2011-11-10 13:41:00,0.19,15184,United Kingdom
2,575337,21636,MADRAS NOTEBOOK MEDIUM,1,2011-11-09 14:11:00,0.75,17867,United Kingdom
2,575117,22952,60 CAKE CASES VINTAGE CHRISTMAS,1,2011-11-08 14:22:00,0.55,12748,United Kingdom
2,575117,23005,TRAVEL CARD WALLET I LOVE LONDON,1,2011-11-08 14:22:00,0.42,12748,United Kingdom
2,574840,20914,SET/5 RED RETROSPOT LID GLASS BOWLS,1,2011-11-07 11:41:00,2.95,12748,United Kingdom
2,574629,20726,LUNCH BAG WOODLAND,1,2011-11-06 11:21:00,1.65,16326,United Kingdom
2,574624,23530,WALL ART ONLY ONE PERSON ,6,2011-11-06 11:20:00,4.95,17769,United Kingdom
2,574536,22727,ALARM CLOCK BAKELIKE RED ,1,2011-11-04 14:35:00,3.75,15707,United Kingdom
2,574481,84509C,SET OF 4 POLKADOT PLACEMATS ,1,2011-11-04 12:45:00,3.75,18022,United Kingdom
2,574477,23323,WHITE WICKER STAR ,1,2011-11-04 12:21:00,2.1,15453,United Kingdom
2,573361,21062,PARTY INVITES SPACEMAN,1,2011-10-30 12:53:00,0.85,14456,United Kingdom
2,573346,23294,SET OF 6 SNACK LOAF BAKING CASES,1,2011-10-30 12:18:00,0.83,17255,United Kingdom
2,573344,21891,TRADITIONAL WOODEN SKIPPING ROPE,1,2011-10-30 12:07:00,1.45,14179,United Kingdom
2,572318,84992,72 SWEETHEART FAIRY CAKE CASES,1,2011-10-23 16:19:00,0.55,15436,United Kingdom
2,572318,23270,SET OF 2 CERAMIC PAINTED HEARTS ,1,2011-10-23 16:19:00,1.45,15436,United Kingdom
2,572103,22917,HERB MARKER ROSEMARY,1,2011-10-20 15:57:00,0.65,17571,United Kingdom
2,572103,20764,ABSTRACT CIRCLES SKETCHBOOK ,2,2011-10-20 15:57:00,3.75,17571,United Kingdom
2,571779,22606,WOODEN SKITTLES GARDEN SET,1,2011-10-19 11:27:00,15.95,12748,United Kingdom
2,571669,21787,RAIN PONCHO RETROSPOT,3,2011-10-18 13:11:00,0.85,17758,United Kingdom
2,575952,22529,MAGIC DRAWING SLATE GO TO THE FAIR ,2,2011-11-13 11:55:00,0.42,16015,United Kingdom
2,554992,84375,SET OF 20 KIDS COOKIE CUTTERS,1,2011-05-29 14:08:00,2.1,16686,United Kingdom
2,576463,21878,PACK OF 6 SANDCASTLE FLAGS ASSORTED,1,2011-11-15 11:37:00,0.85,17974,United Kingdom
2,576520,20956,PORCELAIN T-LIGHT HOLDERS ASSORTED,2,2011-11-15 12:33:00,1.25,14467,United Kingdom
2,576779,22400,MAGNETS PACK OF 4 HOME SWEET HOME,1,2011-11-16 13:25:00,0.39,14554,United Kingdom
2,576784,23308,SET OF 60 VINTAGE LEAF CAKE CASES ,3,2011-11-16 13:40:00,0.55,16204,United Kingdom
2,577024,84821,DANISH ROSE DELUXE COASTER,12,2011-11-17 12:47:00,0.85,14704,United Kingdom
2,577034,22066,LOVE HEART TRINKET POT,8,2011-11-17 13:16:00,0.39,12847,United Kingdom
2,577057,23154,SET OF 4 JAM JAR MAGNETS,1,2011-11-17 14:26:00,2.08,12748,United Kingdom
2,577855,22435,SET OF 9 HEART SHAPED BALLOONS,1,2011-11-22 11:18:00,1.25,15877,United Kingdom
2,578041,22630,DOLLY GIRL LUNCH BOX,1,2011-11-22 14:23:00,1.95,17338,United Kingdom
2,578088,23454,THREE MINI HANGING FRAMES,1,2011-11-22 16:47:00,4.15,16376,United Kingdom
2,578289,23210,WHITE ROCKING HORSE HAND PAINTED,2,2011-11-23 14:07:00,1.25,17841,United Kingdom
2,578935,23498,CLASSIC BICYCLE CLIPS ,1,2011-11-27 12:52:00,1.45,15351,United Kingdom
2,578935,23333,IVORY WICKER HEART MEDIUM,1,2011-11-27 12:52:00,1.25,15351,United Kingdom
2,578950,21463,MIRRORED DISCO BALL ,1,2011-11-27 14:40:00,5.95,17885,United Kingdom
2,578998,22961,JAM MAKING SET PRINTED,1,2011-11-27 16:05:00,1.45,15436,United Kingdom
2,576246,22627,MINT KITCHEN SCALES,1,2011-11-14 13:42:00,8.5,17566,United Kingdom
2,579468,22624,IVORY KITCHEN SCALES,1,2011-11-29 14:58:00,8.5,14711,United Kingdom
2,580469,22346,PARTY PIZZA DISH GREEN POLKADOT,3,2011-12-04 12:32:00,0.19,14583,United Kingdom
2,580908,22952,60 CAKE CASES VINTAGE CHRISTMAS,1,2011-12-06 13:20:00,0.55,16495,United Kingdom
2,581134,21592,RETROSPOT CIGAR BOX MATCHES ,1,2011-12-07 13:12:00,0.39,16368,United Kingdom
2,544586,22835,HOT WATER BOTTLE I AM SO POORLY,1,2011-02-21 15:04:00,4.65,17338,United Kingdom
2,544597,22966,GINGERBREAD MAN COOKIE CUTTER,1,2011-02-21 17:42:00,1.25,16014,United Kingdom
2,545045,82486,WOOD S/3 CABINET ANT WHITE FINISH,2,2011-02-27 11:40:00,8.95,15708,United Kingdom
2,545337,22445,PENCIL CASE LIFE IS BEAUTIFUL,2,2011-03-01 17:28:00,2.95,15984,United Kingdom
2,545559,22993,SET OF 4 PANTRY JELLY MOULDS,1,2011-03-03 15:31:00,1.25,15005,United Kingdom
2,576076,21034,REX CASH+CARRY JUMBO SHOPPER,2,2011-11-13 16:18:00,0.95,14382,United Kingdom
2,545980,21172,PARTY METAL SIGN ,1,2011-03-08 12:49:00,1.45,14730,United Kingdom
2,546105,21981,PACK OF 12 WOODLAND TISSUES ,12,2011-03-09 12:21:00,0.29,14662,United Kingdom
2,546502,79321,CHILLI LIGHTS,1,2011-03-14 11:46:00,5.75,16005,United Kingdom
2,546866,22294,HEART FILIGREE DOVE  SMALL,1,2011-03-17 15:47:00,1.25,14462,United Kingdom
2,547069,22551,PLASTERS IN TIN SPACEBOY,1,2011-03-20 13:52:00,1.65,16710,United Kingdom
2,547374,22266,EASTER DECORATION HANGING BUNNY,1,2011-03-22 13:54:00,0.65,16110,United Kingdom
2,547498,72051S,BAG OF SILVER STONES,1,2011-03-23 12:24:00,0.42,15021,United Kingdom
2,547651,22595,GINGHAM HEART DECORATION,1,2011-03-24 12:11:00,0.85,16904,United Kingdom
2,547874,22477,WATERING CAN GARDEN MARKER,10,2011-03-27 15:39:00,1.25,14476,United Kingdom
2,548400,85141,JARDIN ETCHED GLASS FRUITBOWL,1,2011-03-30 17:33:00,3.95,17400,United Kingdom
2,576076,23355,HOT WATER BOTTLE KEEP CALM,1,2011-11-13 16:18:00,4.95,14382,United Kingdom
2,549555,21381,MINI WOODEN HAPPY BIRTHDAY GARLAND,1,2011-04-10 12:52:00,1.69,13606,United Kingdom
2,549567,79030G,TUMBLER NEW ENGLAND,6,2011-04-10 15:07:00,0.39,13632,United Kingdom
2,550191,85141,JARDIN ETCHED GLASS FRUITBOWL,1,2011-04-14 19:59:00,3.95,16806,United Kingdom
2,550651,21900,"KEY FOB , SHED",1,2011-04-19 16:52:00,0.65,15436,United Kingdom
2,551276,85141,JARDIN ETCHED GLASS FRUITBOWL,1,2011-04-27 13:06:00,3.95,16016,United Kingdom
2,551966,21169,"YOU'RE CONFUSING ME METAL SIGN ",2,2011-05-05 13:14:00,1.69,15356,United Kingdom
2,552376,48188,DOORMAT WELCOME PUPPIES,1,2011-05-09 12:30:00,7.95,16326,United Kingdom
2,552652,22906,12 MESSAGE CARDS WITH ENVELOPES,1,2011-05-10 14:09:00,1.65,14591,United Kingdom
2,553035,22535,MAGIC DRAWING SLATE BUNNIES ,1,2011-05-12 20:13:00,0.42,17337,United Kingdom
2,553141,22178,VICTORIAN GLASS HANGING T-LIGHT,4,2011-05-13 13:01:00,1.25,15907,United Kingdom
2,560732,20727,LUNCH BAG  BLACK SKULL.,1,2011-07-20 14:55:00,1.65,14056,United Kingdom
2,555124,22311,OFFICE MUG WARMER BLACK+SILVER ,1,2011-05-31 15:26:00,2.95,18204,United Kingdom
2,556042,22386,JUMBO BAG PINK POLKADOT,10,2011-06-08 12:44:00,2.08,14367,United Kingdom
2,556776,23234,BISCUIT TIN VINTAGE CHRISTMAS,2,2011-06-14 12:24:00,2.89,14730,United Kingdom
2,556910,22068,BLACK PIRATE TREASURE CHEST,2,2011-06-15 13:25:00,1.65,12748,United Kingdom
2,557250,22917,HERB MARKER ROSEMARY,1,2011-06-17 15:59:00,0.65,12748,United Kingdom
2,558757,21420,OYSTER TRINKET BOX,1,2011-07-03 12:22:00,3.25,13148,United Kingdom
2,558757,35648,VINTAGE BEAD PINK PURSE ,2,2011-07-03 12:22:00,0.83,13148,United Kingdom
2,559109,23344,"JUMBO BAG 50'S CHRISTMAS ",1,2011-07-06 11:52:00,2.08,15021,United Kingdom
2,559520,90122A,PINK CRYSTAL+GLASS BRACELET,1,2011-07-08 16:26:00,4.95,,United Kingdom
2,559552,22382,LUNCH BAG SPACEBOY DESIGN ,1,2011-07-10 16:29:00,1.65,16014,United Kingdom
2,559984,85049E,SCANDINAVIAN REDS RIBBONS,1,2011-07-14 11:45:00,1.25,16657,United Kingdom
2,560018,22489,PACK OF 12 TRADITIONAL CRAYONS,1,2011-07-14 12:52:00,0.42,15987,United Kingdom
2,560271,82578,KITCHEN METAL SIGN,1,2011-07-17 14:51:00,0.55,16474,United Kingdom
2,560393,22233,JIGSAW RABBIT AND BIRDHOUSE,1,2011-07-18 13:33:00,0.59,14808,United Kingdom
2,579167,21166,COOK WITH WINE METAL SIGN ,2,2011-11-28 14:06:00,2.08,16800,United Kingdom
2,569219,21034,REX CASH+CARRY JUMBO SHOPPER,1,2011-10-02 13:01:00,0.95,13558,United Kingdom
2,569843,22209,WOOD STAMP SET HAPPY BIRTHDAY,1,2011-10-06 13:29:00,0.83,14449,United Kingdom
2,569866,22755,SMALL PURPLE BABUSHKA NOTEBOOK ,1,2011-10-06 14:50:00,0.85,12757,Portugal
2,570007,20676,RED RETROSPOT BOWL,8,2011-10-07 09:26:00,1.25,12519,Germany
2,570210,21816,CHRISTMAS TREE T-LIGHT HOLDER,1,2011-10-09 10:48:00,1.45,13259,United Kingdom
2,570214,22138,BAKING SET 9 PIECE RETROSPOT ,2,2011-10-09 11:50:00,4.95,12748,United Kingdom
2,571046,22607,WOODEN ROUNDERS GARDEN SET ,2,2011-10-13 13:35:00,9.95,18096,United Kingdom
2,571317,22951,60 CAKE CASES DOLLY GIRL DESIGN,3,2011-10-17 10:48:00,0.55,17377,United Kingdom
2,571408,23299,FOOD COVER WITH BEADS SET 2 ,1,2011-10-17 12:22:00,3.75,15012,United Kingdom
2,571433,23294,SET OF 6 SNACK LOAF BAKING CASES,8,2011-10-17 13:19:00,0.83,13015,United Kingdom
2,571837,21915,RED  HARMONICA IN BOX ,1,2011-10-19 12:11:00,1.25,16470,United Kingdom
2,571883,21807,WHITE CHRISTMAS STAR DECORATION,1,2011-10-19 13:58:00,0.42,14704,United Kingdom
2,571899,85036A,GARDENIA 1 WICK MORRIS BOXED CANDLE,2,2011-10-19 14:22:00,1.25,16885,United Kingdom
2,572192,23329,DECORATIVE WICKER HEART LARGE,1,2011-10-21 11:30:00,1.65,18118,United Kingdom
2,572295,21484,CHICK GREY HOT WATER BOTTLE,1,2011-10-23 13:49:00,4.25,16686,United Kingdom
2,572314,22355,CHARLOTTE BAG SUKI DESIGN,20,2011-10-23 15:59:00,0.85,17111,United Kingdom
2,572475,84991,60 TEATIME FAIRY CAKE CASES,1,2011-10-24 13:37:00,0.55,15271,United Kingdom
2,572662,84944,SET OF 6 KASHMIR FOLKART BAUBLES,1,2011-10-25 12:54:00,1.65,15443,United Kingdom
2,572859,21742,LARGE ROUND WICKER PLATTER ,1,2011-10-26 12:39:00,5.95,16418,United Kingdom
2,573139,23192,BUNDLE OF 3 ALPHABET EXERCISE BOOKS,1,2011-10-27 17:29:00,1.65,14716,United Kingdom
2,573344,22197,POPCORN HOLDER,4,2011-10-30 12:07:00,0.85,14179,United Kingdom
2,573361,21159,MOODY BOY  DOOR HANGER ,1,2011-10-30 12:53:00,0.39,14456,United Kingdom
2,573368,22300,COFFEE MUG DOG + BALL DESIGN,6,2011-10-30 13:18:00,2.55,14507,United Kingdom
2,573492,21012,ANTIQUE ALL GLASS CANDLESTICK,2,2011-10-31 11:57:00,2.1,13544,United Kingdom
2,573897,21485,RETROSPOT HEART HOT WATER BOTTLE,1,2011-11-01 14:29:00,4.95,16729,United Kingdom
2,574063,47563A,RETRO LONGBOARD IRONING BOARD COVER,1,2011-11-02 14:31:00,1.25,13271,United Kingdom
2,574079,82582,AREA PATROLLED METAL SIGN,1,2011-11-02 16:19:00,2.1,17595,United Kingdom
2,574292,21623,VINTAGE UNION JACK MEMOBOARD,1,2011-11-03 15:27:00,9.95,16914,United Kingdom
2,574481,22748,"POPPY'S PLAYHOUSE KITCHEN",1,2011-11-04 12:45:00,2.1,18022,United Kingdom
2,574481,85177,BASKET OF FLOWERS SEWING KIT,1,2011-11-04 12:45:00,0.85,18022,United Kingdom
2,574502,23241,TREASURE TIN GYMKHANA DESIGN,1,2011-11-04 13:16:00,2.08,17274,United Kingdom
2,574544,23240,SET OF 4 KNICK KNACK TINS DOILY ,6,2011-11-04 14:49:00,4.15,17084,United Kingdom
2,574663,82486,3 DRAWER ANTIQUE WHITE WOOD CABINET,2,2011-11-06 12:04:00,8.95,13527,United Kingdom
2,574683,22604,SET OF 4 NAPKIN CHARMS CUTLERY,1,2011-11-06 12:50:00,2.55,16372,United Kingdom
2,574840,23571,TRADITIONAL NAUGHTS & CROSSES,1,2011-11-07 11:41:00,1.65,12748,United Kingdom
2,574898,23582,VINTAGE DOILY JUMBO BAG RED ,10,2011-11-07 15:07:00,2.08,16242,United Kingdom
2,574909,21034,REX CASH+CARRY JUMBO SHOPPER,1,2011-11-07 15:40:00,0.95,13673,United Kingdom
2,575070,22772,PINK DRAWER KNOB ACRYLIC EDWARDIAN,4,2011-11-08 12:58:00,1.25,17841,United Kingdom
2,575117,37446,MINI CAKE STAND WITH HANGING CAKES,1,2011-11-08 14:22:00,1.45,12748,United Kingdom
2,575117,23263,SET OF 3 WOODEN HEART DECORATIONS,1,2011-11-08 14:22:00,1.25,12748,United Kingdom
2,575368,21809,CHRISTMAS HANGING TREE WITH BELL,1,2011-11-09 15:07:00,0.39,14482,United Kingdom
2,575491,23439,HAND WARMER RED LOVE HEART,1,2011-11-09 17:47:00,2.1,15531,United Kingdom
2,575681,21993,FLORAL FOLK STATIONERY SET,1,2011-11-10 15:32:00,1.25,16903,United Kingdom
2,575851,23319,"BOX OF 6 MINI 50'S CRACKERS",1,2011-11-11 12:13:00,2.49,14662,United Kingdom
2,561465,22981,PANTRY APPLE CORER,1,2011-07-27 12:45:00,1.45,16447,United Kingdom
2,561968,23152,IVORY SWEETHEART WIRE LETTER RACK ,2,2011-08-01 13:29:00,3.75,16332,United Kingdom
2,562204,20982,12 PENCILS TALL TUBE SKULLS,1,2011-08-03 12:54:00,0.85,16324,United Kingdom
2,562517,22907,PACK OF 20 NAPKINS PANTRY DESIGN,2,2011-08-05 12:27:00,0.85,15719,United Kingdom
2,562539,21533,RETROSPOT LARGE MILK JUG,1,2011-08-05 15:30:00,4.95,17220,United Kingdom
2,563909,21977,PACK OF 60 PINK PAISLEY CAKE CASES,1,2011-08-21 12:36:00,0.55,15701,United Kingdom
2,563924,22870,NUMBER TILE COTTAGE GARDEN 2,1,2011-08-21 14:32:00,1.95,15984,United Kingdom
2,564342,23280,FOLDING BUTTERFLY MIRROR HOT PINK ,1,2011-08-24 14:53:00,0.83,16340,United Kingdom
2,564342,21212,PACK OF 72 RETROSPOT CAKE CASES,1,2011-08-24 14:53:00,0.55,16340,United Kingdom
2,564727,22328,ROUND SNACK BOXES SET OF 4 FRUITS ,1,2011-08-28 12:31:00,2.95,16686,United Kingdom
2,564745,22099,CARAVAN SQUARE TISSUE BOX,1,2011-08-28 15:27:00,0.39,16806,United Kingdom
2,565329,15056N,EDWARDIAN PARASOL NATURAL,1,2011-09-02 13:54:00,5.95,14606,United Kingdom
2,565456,37370,RETRO COFFEE MUGS ASSORTED,1,2011-09-04 16:12:00,1.65,16629,United Kingdom
2,565456,23128,FELTCRAFT BOY JEAN-PAUL KIT,1,2011-09-04 16:12:00,4.95,16629,United Kingdom
2,566018,20674,GREEN POLKADOT BOWL,1,2011-09-08 12:42:00,1.25,13137,United Kingdom
2,566269,21829,DINOSAUR KEYRINGS ASSORTED,36,2011-09-11 13:39:00,0.21,17864,United Kingdom
2,566272,22789,T-LIGHT HOLDER SWEETHEART HANGING,4,2011-09-11 13:51:00,1.95,14487,United Kingdom
2,566851,23295,SET OF 12 MINI LOAF BAKING CASES,2,2011-09-15 12:16:00,0.83,15573,United Kingdom
2,567168,22063,CERAMIC BOWL WITH STRAWBERRY DESIGN,1,2011-09-18 12:24:00,2.95,14878,United Kingdom
2,567768,22411,JUMBO SHOPPER VINTAGE RED PAISLEY,10,2011-09-22 11:17:00,2.08,15950,United Kingdom
2,568141,48173C,DOORMAT BLACK FLOCK ,1,2011-09-25 11:21:00,8.25,16326,United Kingdom
2,568657,22095,LADS ONLY TISSUE BOX,1,2011-09-28 12:22:00,0.39,16460,United Kingdom
2,536412,22141,CHRISTMAS CRAFT TREE TOP ANGEL,1,2010-12-01 11:49:00,2.1,17920,United Kingdom
2,536796,21578,WOODLAND DESIGN  COTTON TOTE BAG,1,2010-12-02 15:46:00,2.25,15574,United Kingdom
2,537144,22553,PLASTERS IN TIN SKULLS,1,2010-12-05 13:00:00,1.65,15880,United Kingdom
2,537224,21802,CHRISTMAS TREE HEART DECORATION,3,2010-12-05 16:24:00,0.42,13174,United Kingdom
2,537955,22379,RECYCLING BAG RETROSPOT ,1,2010-12-09 11:28:00,2.1,16782,United Kingdom
2,538744,22952,60 CAKE CASES VINTAGE CHRISTMAS,2,2010-12-14 11:26:00,0.55,15356,United Kingdom
2,538810,22554,PLASTERS IN TIN WOODLAND ANIMALS,1,2010-12-14 12:18:00,1.65,14871,United Kingdom
2,538849,21539,RED RETROSPOT BUTTER DISH,1,2010-12-14 13:31:00,4.95,14415,United Kingdom
2,539321,85035A,GARDENIA 3 WICK MORRIS BOXED CANDLE,1,2010-12-16 19:19:00,4.25,14723,United Kingdom
2,539484,22988,SOLDIERS EGG CUP ,12,2010-12-19 15:44:00,1.25,15640,United Kingdom
2,541258,82486,WOOD S/3 CABINET ANT WHITE FINISH,2,2011-01-16 15:30:00,7.95,13634,United Kingdom
2,541259,22371,AIRLINE BAG VINTAGE TOKYO 78,1,2011-01-16 15:38:00,4.25,14404,United Kingdom
2,541291,21181,PLEASE ONE PERSON METAL SIGN,12,2011-01-17 13:25:00,2.1,14667,United Kingdom
2,541855,20886,BOX OF 9 PEBBLE CANDLES,1,2011-01-23 14:59:00,1.95,13742,United Kingdom
2,542112,85152,HAND OVER THE CHOCOLATE   SIGN ,1,2011-01-25 13:55:00,2.1,13168,United Kingdom
2,542231,22630,DOLLY GIRL LUNCH BOX,1,2011-01-26 13:40:00,1.95,16714,United Kingdom
2,542393,21733,RED HANGING HEART T-LIGHT HOLDER,1,2011-01-27 15:02:00,2.95,18125,United Kingdom
2,542898,22268,EASTER DECORATION SITTING BUNNY,1,2011-02-01 14:01:00,0.85,16110,United Kingdom
2,543040,84429A,MEDIUM PINK BUDDHA HEAD ,1,2011-02-02 17:06:00,2.95,17337,United Kingdom
2,543800,21754,HOME BUILDING BLOCK WORD,1,2011-02-13 11:36:00,5.95,17282,United Kingdom
2,543802,22722,SET OF 6 SPICE TINS PANTRY DESIGN,1,2011-02-13 12:03:00,3.95,13742,United Kingdom
2,543804,22178,VICTORIAN GLASS HANGING T-LIGHT,6,2011-02-13 12:17:00,1.25,16434,United Kingdom
2,C575940,23309,SET OF 60 I LOVE LONDON CAKE CASES ,-24,2011-11-13 11:38:00,0.55,17838,United Kingdom
2,575985,21917,SET 12 KIDS  WHITE CHALK STICKS,1,2011-11-13 14:09:00,0.42,17841,United Kingdom
2,576071,85099B,JUMBO BAG RED RETROSPOT,1,2011-11-13 16:03:00,2.08,18069,United Kingdom
2,576274,16225,RATTLE SNAKE EGGS,1,2011-11-14 14:24:00,1.25,17793,United Kingdom
2,576592,22723,SET OF 6 HERB TINS SKETCHBOOK,1,2011-11-15 14:47:00,3.95,13614,United Kingdom
2,576661,23203,JUMBO BAG VINTAGE DOILY ,2,2011-11-16 11:17:00,2.08,17377,United Kingdom
2,576696,85071B,RED CHARLIE+LOLA PERSONAL DOORSIGN,1,2011-11-16 12:26:00,0.39,16669,United Kingdom
2,576784,21158,MOODY GIRL DOOR HANGER ,2,2011-11-16 13:40:00,0.39,16204,United Kingdom
2,577690,21744,SNOWFLAKE PORTABLE TABLE LIGHT ,1,2011-11-21 11:34:00,2.95,12856,United Kingdom
2,577773,22910,PAPER CHAIN KIT VINTAGE CHRISTMAS,3,2011-11-21 15:57:00,2.95,16712,United Kingdom
2,577778,22178,VICTORIAN GLASS HANGING T-LIGHT,1,2011-11-21 16:10:00,1.95,16549,United Kingdom
2,578211,22209,WOOD STAMP SET HAPPY BIRTHDAY,1,2011-11-23 11:47:00,0.83,12748,United Kingdom
2,578515,22158,3 HEARTS HANGING DECORATION RUSTIC,1,2011-11-24 13:40:00,2.95,16885,United Kingdom
2,578521,22910,PAPER CHAIN KIT VINTAGE CHRISTMAS,1,2011-11-24 14:06:00,2.95,17812,United Kingdom
2,578678,84836,ZINC METAL HEART DECORATION,1,2011-11-24 19:59:00,1.25,17841,United Kingdom
2,578757,21428,SET3 BOOK BOX GREEN GINGHAM FLOWER ,1,2011-11-25 11:41:00,4.25,12748,United Kingdom
2,578781,22094,RED RETROSPOT TISSUE BOX,1,2011-11-25 11:54:00,0.39,15872,United Kingdom
2,578808,15044C,PURPLE PAPER PARASOL,1,2011-11-25 13:23:00,2.95,16327,United Kingdom
2,578814,23320,"GIANT 50'S CHRISTMAS CRACKER",1,2011-11-25 13:40:00,2.89,12748,United Kingdom
2,578926,22144,CHRISTMAS CRAFT LITTLE FRIENDS,1,2011-11-27 12:24:00,2.1,18156,United Kingdom
2,578950,22411,JUMBO SHOPPER VINTAGE RED PAISLEY,1,2011-11-27 14:40:00,2.08,17885,United Kingdom
2,578998,23302,KNEELING MAT HOUSEWORK  DESIGN,1,2011-11-27 16:05:00,1.65,15436,United Kingdom
2,578998,23330,DECORATIVE WICKER HEART MEDIUM,1,2011-11-27 16:05:00,1.25,15436,United Kingdom
2,579161,22356,CHARLOTTE BAG PINK POLKADOT,1,2011-11-28 13:56:00,0.85,17379,United Kingdom
2,579161,22608,PENS ASSORTED FUNKY JEWELED ,36,2011-11-28 13:56:00,0.19,17379,United Kingdom
2,579413,82483,WOOD 2 DRAWER CABINET WHITE FINISH,2,2011-11-29 12:50:00,6.95,13668,United Kingdom
2,579430,22834,HAND WARMER BABUSHKA DESIGN,1,2011-11-29 13:06:00,2.1,12748,United Kingdom
2,579458,82583,HOT BATHS METAL SIGN,1,2011-11-29 14:38:00,2.1,16549,United Kingdom
2,579690,85049A,TRADITIONAL CHRISTMAS RIBBONS,1,2011-11-30 14:03:00,1.25,15060,United Kingdom
2,580305,21240,BLUE POLKADOT CUP,2,2011-12-02 14:26:00,0.85,12970,United Kingdom
2,580305,22748,"POPPY'S PLAYHOUSE KITCHEN",1,2011-12-02 14:26:00,2.1,12970,United Kingdom
2,580402,22065,CHRISTMAS PUDDING TRINKET POT ,10,2011-12-04 11:55:00,0.39,13536,United Kingdom
2,580884,22371,AIRLINE BAG VINTAGE TOKYO 78,1,2011-12-06 12:21:00,4.25,15907,United Kingdom
2,572653,22566,FELTCRAFT HAIRBAND PINK AND PURPLE,2,2011-10-25 12:12:00,0.85,15861,United Kingdom
2,543309,21161,KEEP OUT BOYS DOOR HANGER ,1,2011-02-07 12:05:00,1.45,18118,United Kingdom
2,549235,22713,CARD I LOVE LONDON ,12,2011-04-07 11:16:00,0.42,15530,United Kingdom
2,549555,35914,PINK CHICK EGG WARMER + EGG CUP,1,2011-04-10 12:52:00,0.85,13606,United Kingdom
2,549981,21891,TRADITIONAL WOODEN SKIPPING ROPE,1,2011-04-13 15:49:00,1.45,16348,United Kingdom
2,549983,22957,SET 3 PAPER VINTAGE CHICK PAPER EGG,1,2011-04-13 15:55:00,2.95,16348,United Kingdom
2,551418,22713,CARD I LOVE LONDON ,12,2011-04-28 13:50:00,0.42,17893,United Kingdom
2,551471,22083,PAPER CHAIN KIT RETROSPOT,1,2011-04-28 16:40:00,2.95,16370,United Kingdom
2,551616,21356,TOAST ITS - FAIRY FLOWER,1,2011-05-03 11:40:00,1.25,15048,United Kingdom
2,552282,22274,FELTCRAFT DOLL EMILY,1,2011-05-08 12:44:00,2.95,14040,United Kingdom
2,553015,37370,RETRO COFFEE MUGS ASSORTED,1,2011-05-12 18:55:00,1.25,12748,United Kingdom
2,553576,22896,PEG BAG APPLES DESIGN,6,2011-05-18 10:29:00,2.55,14282,United Kingdom
2,555473,22384,LUNCH BAG PINK POLKADOT,10,2011-06-03 11:59:00,1.65,14700,United Kingdom
2,555558,22384,LUNCH BAG PINK POLKADOT,1,2011-06-05 14:06:00,1.65,14159,United Kingdom
2,555560,85213,MINI  ZINC GARDEN DECORATIONS ,12,2011-06-05 14:20:00,0.29,17346,United Kingdom
2,555560,22659,LUNCH BOX I LOVE LONDON,1,2011-06-05 14:20:00,1.95,17346,United Kingdom
2,556107,23256,CHILDRENS CUTLERY SPACEBOY ,1,2011-06-08 17:09:00,4.15,17360,United Kingdom
2,556910,22196,SMALL HEART MEASURING SPOONS,1,2011-06-15 13:25:00,0.85,12748,United Kingdom
2,557389,23175,REGENCY MILK JUG PINK ,4,2011-06-20 11:03:00,3.25,15921,United Kingdom
2,558370,23005,TRAVEL CARD WALLET I LOVE LONDON,24,2011-06-28 15:44:00,0.42,17750,United Kingdom
2,558707,22906,12 MESSAGE CARDS WITH ENVELOPES,2,2011-07-01 12:58:00,1.65,12748,United Kingdom
2,558709,23012,GLASS APOTHECARY BOTTLE PERFUME,1,2011-07-01 13:02:00,3.95,17338,United Kingdom
2,558888,22974,CHILDRENS DOLLY GIRL MUG,1,2011-07-04 15:29:00,1.65,14056,United Kingdom
2,558991,85049G,CHOCOLATE BOX RIBBONS ,1,2011-07-05 11:32:00,1.25,14606,United Kingdom
2,559123,23200,JUMBO BAG PEARS,1,2011-07-06 12:26:00,2.08,17341,United Kingdom
2,560650,22923,FRIDGE MAGNETS LES ENFANTS ASSORTED,12,2011-07-20 11:38:00,0.85,15529,United Kingdom
2,560692,21034,REX CASH+CARRY JUMBO SHOPPER,1,2011-07-20 12:01:00,0.95,14704,United Kingdom
2,569261,22429,ENAMEL MEASURING JUG CREAM,1,2011-10-03 11:34:00,4.25,17321,United Kingdom
2,569670,23389,SPACEBOY MINI BACKPACK,1,2011-10-05 13:47:00,4.15,14730,United Kingdom
2,569843,21745,GAOLERS KEYS DECORATIVE GARDEN ,1,2011-10-06 13:29:00,3.75,14449,United Kingdom
2,569866,22487,WHITE WOOD GARDEN PLANT LADDER,1,2011-10-06 14:50:00,9.95,12757,Portugal
2,570019,21558,SKULL LUNCH BOX WITH CUTLERY ,1,2011-10-07 10:13:00,2.55,17841,United Kingdom
2,570232,20685,DOORMAT RED RETROSPOT,3,2011-10-09 13:58:00,8.25,14040,United Kingdom
2,571286,23402,HOME SWEET HOME 3 PEG HANGER ,1,2011-10-16 14:35:00,3.75,14547,United Kingdom
2,571289,22791,T-LIGHT GLASS FLUTED ANTIQUE,24,2011-10-16 15:27:00,1.25,15113,United Kingdom
2,572023,22567,20 DOLLY PEGS RETROSPOT,1,2011-10-20 11:03:00,1.45,17764,United Kingdom
2,572074,21891,TRADITIONAL WOODEN SKIPPING ROPE,2,2011-10-20 13:54:00,1.45,16284,United Kingdom
2,572092,22697,GREEN REGENCY TEACUP AND SAUCER,1,2011-10-20 14:41:00,2.95,17125,United Kingdom
2,572227,23543,WALL ART KEEP CALM ,1,2011-10-21 14:01:00,8.25,15051,United Kingdom
2,572302,22037,ROBOT BIRTHDAY CARD,12,2011-10-23 14:47:00,0.42,15427,United Kingdom
2,572302,22900,SET 2 TEA TOWELS I LOVE LONDON ,1,2011-10-23 14:47:00,3.25,15427,United Kingdom
2,581237,23498,CLASSIC BICYCLE CLIPS ,1,2011-12-08 10:40:00,1.45,15443,United Kingdom
2,572911,84974,S/2 ZINC HEART DESIGN PLANTERS,1,2011-10-26 16:03:00,9.95,16345,United Kingdom
2,573385,22080,RIBBON REEL POLKADOTS ,5,2011-10-30 14:21:00,1.65,13421,United Kingdom
2,574051,21670,BLUE SPOT CERAMIC DRAWER KNOB,12,2011-11-02 13:46:00,1.45,14102,United Kingdom
2,574077,21619,4 VANILLA BOTANICAL CANDLES,1,2011-11-02 15:56:00,1.25,17999,United Kingdom
2,574481,22746,"POPPY'S PLAYHOUSE LIVINGROOM ",1,2011-11-04 12:45:00,2.1,18022,United Kingdom
2,547910,22993,SET OF 4 PANTRY JELLY MOULDS,1,2011-03-28 12:23:00,1.25,14159,United Kingdom
2,574619,23368,SET 12 COLOUR PENCILS DOLLY GIRL ,1,2011-11-06 11:18:00,0.65,15952,United Kingdom
2,547910,37482P,CUBIC MUG PINK POLKADOT,6,2011-03-28 12:23:00,0.39,14159,United Kingdom
2,547670,22364,GLASS JAR DIGESTIVE BISCUITS,1,2011-03-24 13:41:00,2.95,16769,United Kingdom
2,547194,22554,PLASTERS IN TIN WOODLAND ANIMALS,1,2011-03-21 12:42:00,1.65,12637,France
2,574909,22620,4 TRADITIONAL SPINNING TOPS,1,2011-11-07 15:40:00,1.45,13673,United Kingdom
2,575034,23389,SPACEBOY MINI BACKPACK,1,2011-11-08 11:38:00,4.15,15573,United Kingdom
2,575073,23254,CHILDRENS CUTLERY DOLLY GIRL ,1,2011-11-08 13:10:00,4.15,13975,United Kingdom
2,575117,22920,HERB MARKER BASIL,1,2011-11-08 14:22:00,0.65,12748,United Kingdom
2,575117,22921,HERB MARKER CHIVES ,1,2011-11-08 14:22:00,0.65,12748,United Kingdom
2,575325,22111,SCOTTIE DOG HOT WATER BOTTLE,2,2011-11-09 13:46:00,4.95,17293,United Kingdom
2,575843,84997D,CHILDRENS CUTLERY POLKADOT PINK,1,2011-11-11 12:02:00,4.15,14446,United Kingdom
2,575851,22779,WOODEN OWLS LIGHT GARLAND ,1,2011-11-11 12:13:00,4.25,14662,United Kingdom
2,545685,47578A,ENGLISH ROSE SMALL SCENTED FLOWER,2,2011-03-06 11:55:00,0.85,14499,United Kingdom
2,561113,79321,CHILLI LIGHTS,1,2011-07-25 12:09:00,5.75,17841,United Kingdom
2,561860,85049G,CHOCOLATE BOX RIBBONS ,1,2011-07-29 17:28:00,1.25,17997,United Kingdom
2,545053,22244,3 HOOK HANGER MAGIC GARDEN,1,2011-02-27 12:41:00,1.95,17516,United Kingdom
2,562453,72351A,SET/6 TURQUOISE BUTTERFLY T-LIGHTS,12,2011-08-05 10:31:00,2.1,18097,United Kingdom
2,563214,22329,ROUND CONTAINER SET OF 5 RETROSPOT,1,2011-08-14 12:56:00,1.65,16370,United Kingdom
2,564745,22665,RECIPE BOX BLUE SKETCHBOOK DESIGN,1,2011-08-28 15:27:00,2.95,16806,United Kingdom
2,564962,22445,PENCIL CASE LIFE IS BEAUTIFUL,1,2011-08-31 14:35:00,2.95,17777,United Kingdom
2,565408,22113,GREY HEART HOT WATER BOTTLE,1,2011-09-04 11:12:00,4.25,16813,United Kingdom
2,544678,21066,VINTAGE RED MUG,1,2011-02-22 16:15:00,1.25,13077,United Kingdom
2,566283,22955,36 FOIL STAR CAKE CASES ,6,2011-09-11 14:34:00,2.1,17838,United Kingdom
2,567165,23148,MINIATURE ANTIQUE ROSE HOOK IVORY,1,2011-09-18 11:58:00,0.83,17841,United Kingdom
2,567182,22750,FELTCRAFT PRINCESS LOLA DOLL,3,2011-09-18 15:21:00,3.75,13334,United Kingdom
2,567462,21213,PACK OF 72 SKULL CAKE CASES,1,2011-09-20 12:35:00,0.55,14446,United Kingdom
2,568163,22909,SET OF 20 VINTAGE CHRISTMAS NAPKINS,1,2011-09-25 12:34:00,0.85,14540,United Kingdom
2,568212,22992,REVOLVER WOODEN RULER ,1,2011-09-25 16:05:00,1.95,15154,United Kingdom
2,568301,20971,PINK BLUE FELT CRAFT TRINKET BOX,1,2011-09-26 12:45:00,1.25,16383,United Kingdom
2,536569,22111,SCOTTIE DOG HOT WATER BOTTLE,1,2010-12-01 15:35:00,4.95,16274,United Kingdom
2,536796,20719,WOODLAND CHARLOTTE BAG,1,2010-12-02 15:46:00,0.85,15574,United Kingdom
2,537045,22296,HEART IVORY TRELLIS LARGE,1,2010-12-05 10:54:00,1.65,15038,United Kingdom
2,537196,22570,FELTCRAFT CUSHION RABBIT,1,2010-12-05 13:55:00,3.75,15426,United Kingdom
2,537199,84991,60 TEATIME FAIRY CAKE CASES,1,2010-12-05 14:06:00,0.55,15894,United Kingdom
2,537224,21202,DOLLY HONEYCOMB GARLAND,1,2010-12-05 16:24:00,1.65,13174,United Kingdom
2,537382,21818,GLITTER CHRISTMAS HEART ,2,2010-12-06 13:13:00,0.85,16710,United Kingdom
2,537772,22659,LUNCH BOX I LOVE LONDON,4,2010-12-08 12:35:00,1.95,18043,United Kingdom
2,537781,22746,"POPPY'S PLAYHOUSE LIVINGROOM ",1,2010-12-08 12:46:00,2.1,17341,United Kingdom
2,537955,22382,LUNCH BAG SPACEBOY DESIGN ,1,2010-12-09 11:28:00,1.65,16782,United Kingdom
2,538707,20981,12 PENCILS TALL TUBE WOODLAND,1,2010-12-14 10:38:00,0.85,17894,United Kingdom
2,538744,20983,12 PENCILS TALL TUBE RED RETROSPOT,1,2010-12-14 11:26:00,0.85,15356,United Kingdom
2,539324,22396,MAGNETS PACK OF 4 RETRO PHOTO,1,2010-12-16 19:51:00,1.25,14985,United Kingdom
2,540373,22429,ENAMEL MEASURING JUG CREAM,2,2011-01-06 17:10:00,4.25,13280,United Kingdom
2,581134,22281,EASTER TREE YELLOW BIRDS,1,2011-12-07 13:12:00,5.95,16368,United Kingdom
2,541414,21181,PLEASE ONE PERSON METAL SIGN,1,2011-01-17 16:14:00,2.1,18212,United Kingdom
2,541414,21756,BATH BUILDING BLOCK WORD,1,2011-01-17 16:14:00,5.95,18212,United Kingdom
2,542409,22908,PACK OF 20 NAPKINS RED APPLES,2,2011-01-27 16:30:00,0.85,15311,United Kingdom
2,542419,20684,STRAWBERRY DREAM CHILDS UMBRELLA,1,2011-01-27 17:41:00,3.25,14662,United Kingdom
2,543040,22625,RED KITCHEN SCALES,1,2011-02-02 17:06:00,8.5,17337,United Kingdom
2,548703,22297,HEART IVORY TRELLIS SMALL,2,2011-04-03 11:37:00,1.25,16010,United Kingdom
2,570428,23174,REGENCY SUGAR BOWL GREEN,2,2011-10-10 14:02:00,4.15,15553,United Kingdom
2,571046,17136A,BLUE STONES ON WIRE FOR CANDLE,4,2011-10-13 13:35:00,0.08,18096,United Kingdom
2,570458,22082,RIBBON REEL STRIPES DESIGN ,5,2011-10-10 15:39:00,1.65,14535,United Kingdom
2,555558,21933,PINK VINTAGE PAISLEY PICNIC BAG,1,2011-06-05 14:06:00,1.65,14159,United Kingdom
2,570420,23395,BELLE JARDINIERE CUSHION COVER,2,2011-10-10 13:33:00,3.75,17841,United Kingdom
2,570244,22768,FAMILY PHOTO FRAME CORNICE,1,2011-10-09 16:05:00,9.95,14514,United Kingdom
2,570232,21481,FAWN BLUE HOT WATER BOTTLE,2,2011-10-09 13:58:00,3.75,14040,United Kingdom
2,570211,23330,DECORATIVE WICKER HEART MEDIUM,1,2011-10-09 11:15:00,1.25,13558,United Kingdom
2,570197,22097,SWALLOW SQUARE TISSUE BOX,1,2011-10-07 15:45:00,0.39,13755,United Kingdom
2,569897,22079,RIBBON REEL HEARTS DESIGN ,5,2011-10-06 16:01:00,1.65,17813,United Kingdom
2,560692,22097,SWALLOW SQUARE TISSUE BOX,1,2011-07-20 12:01:00,0.39,14704,United Kingdom
2,560244,21900,"KEY FOB , SHED",3,2011-07-17 12:14:00,0.65,16931,United Kingdom
2,560223,20677,PINK POLKADOT BOWL,1,2011-07-15 15:32:00,1.25,16904,United Kingdom
2,560212,84920,PINK FLOWER FABRIC PONY,2,2011-07-15 14:58:00,3.75,14722,United Kingdom
2,559921,20996,JAZZ HEARTS ADDRESS BOOK,1,2011-07-13 15:42:00,0.19,13667,United Kingdom
2,559876,20719,WOODLAND CHARLOTTE BAG,1,2011-07-13 11:09:00,0.85,15752,United Kingdom
2,558710,22955,36 FOIL STAR CAKE CASES ,1,2011-07-01 13:04:00,2.1,15483,United Kingdom
2,558700,22332,SKULLS PARTY BAG + STICKER SET,1,2011-07-01 12:33:00,1.65,17920,United Kingdom
2,558232,84510A,SET OF 4 ENGLISH ROSE COASTERS,1,2011-06-27 14:30:00,1.25,17841,United Kingdom
2,558063,84247K,"FOLK ART GREETING CARD,pack/12",1,2011-06-24 15:28:00,2.95,16395,United Kingdom
2,556879,21621,VINTAGE UNION JACK BUNTING,1,2011-06-15 12:07:00,8.5,16461,United Kingdom
2,555855,71270,PHOTO CLIP LINE,1,2011-06-07 13:56:00,1.25,15311,United Kingdom
2,555573,85062,PEARL CRYSTAL PUMPKIN T-LIGHT HLDR,6,2011-06-05 15:46:00,1.65,15349,United Kingdom
2,576463,22422,TOOTHPASTE TUBE PEN,1,2011-11-15 11:37:00,0.65,17974,United Kingdom
2,544463,22429,ENAMEL MEASURING JUG CREAM,1,2011-02-20 14:31:00,4.25,12988,United Kingdom
2,577034,23275,SET OF 3 HANGING OWLS OLLIE BEAK,1,2011-11-17 13:16:00,1.25,12847,United Kingdom
2,577057,23080,RED METAL BOX TOP SECRET,1,2011-11-17 14:26:00,8.25,12748,United Kingdom
2,577058,22383,LUNCH BAG SUKI DESIGN ,1,2011-11-17 14:29:00,1.65,18122,United Kingdom
2,577482,23208,LUNCH BAG VINTAGE LEAF DESIGN,5,2011-11-20 11:43:00,1.65,16762,United Kingdom
2,577482,21485,RETROSPOT HEART HOT WATER BOTTLE,3,2011-11-20 11:43:00,4.95,16762,United Kingdom
2,577495,23245,SET OF 3 REGENCY CAKE TINS,1,2011-11-20 12:20:00,4.95,14704,United Kingdom
2,577504,22326,ROUND SNACK BOXES SET OF4 WOODLAND ,1,2011-11-20 12:36:00,2.95,14159,United Kingdom
2,577507,23239,SET OF 4 KNICK KNACK TINS POPPIES,1,2011-11-20 12:42:00,4.15,14710,United Kingdom
2,576933,21967,PACK OF 12 SKULL TISSUES,1,2011-11-17 11:29:00,0.39,15529,United Kingdom
2,578041,22952,60 CAKE CASES VINTAGE CHRISTMAS,1,2011-11-22 14:23:00,0.55,17338,United Kingdom
2,578275,21110,LARGE CAKE TOWEL PINK SPOTS,1,2011-11-23 13:46:00,6.75,15916,United Kingdom
2,578510,22338,STAR DECORATION PAINTED ZINC ,4,2011-11-24 13:25:00,0.19,14056,United Kingdom
2,576857,22077,6 RIBBONS RUSTIC CHARM,1,2011-11-16 15:52:00,1.95,12748,United Kingdom
2,578707,84859B,BLUE DISCO HANDBAG,1,2011-11-25 11:20:00,1.95,17870,United Kingdom
2,578757,22141,CHRISTMAS CRAFT TREE TOP ANGEL,1,2011-11-25 11:41:00,2.1,12748,United Kingdom
2,578933,21955,DOORMAT UNION JACK GUNS AND ROSES,1,2011-11-27 12:47:00,8.25,16923,United Kingdom
2,578950,22663,JUMBO BAG DOLLY GIRL DESIGN,1,2011-11-27 14:40:00,2.08,17885,United Kingdom
2,579472,22977,DOLLY GIRL CHILDRENS EGG CUP,1,2011-11-29 15:09:00,1.25,13521,United Kingdom
2,576779,22555,PLASTERS IN TIN STRONGMAN,2,2011-11-16 13:25:00,1.65,14554,United Kingdom
2,579556,22865,HAND WARMER OWL DESIGN,2,2011-11-30 11:17:00,2.1,17835,United Kingdom
2,579711,23461,SWEETHEART BIRD HOUSE,1,2011-11-30 14:17:00,4.15,15060,United Kingdom
2,580048,22327,ROUND SNACK BOXES SET OF 4 SKULLS,1,2011-12-01 12:53:00,2.95,12748,United Kingdom
2,580469,23048,SET OF 10 LANTERNS FAIRY LIGHT STAR,1,2011-12-04 12:32:00,4.15,14583,United Kingdom
2,581166,23235,STORAGE TIN VINTAGE LEAF,1,2011-12-07 14:43:00,1.25,15525,United Kingdom
2,581352,22481,BLACK TEA TOWEL CLASSIC DESIGN,2,2011-12-08 12:26:00,0.39,14698,United Kingdom
2,581538,22992,REVOLVER WOODEN RULER ,1,2011-12-09 11:34:00,1.95,14446,United Kingdom
2,547063,22805,BLUE DRAWER KNOB ACRYLIC EDWARDIAN,12,2011-03-20 13:33:00,1.25,14769,United Kingdom
2,545045,22624,IVORY KITCHEN SCALES,1,2011-02-27 11:40:00,8.5,15708,United Kingdom
2,545045,22957,SET 3 PAPER VINTAGE CHICK PAPER EGG,1,2011-02-27 11:40:00,2.95,15708,United Kingdom
2,546105,22857,ASSORTED EASTER GIFT TAGS,2,2011-03-09 12:21:00,0.85,14662,United Kingdom
2,546429,84992,72 SWEETHEART FAIRY CAKE CASES,1,2011-03-13 15:25:00,0.55,17611,United Kingdom
2,546912,22562,MONSTERS STENCIL CRAFT,3,2011-03-17 20:12:00,1.25,15861,United Kingdom
2,547063,22924,FRIDGE MAGNETS LA VIE EN ROSE,12,2011-03-20 13:33:00,0.85,14769,United Kingdom
2,547063,84755,COLOUR GLASS T-LIGHT HOLDER HANGING,8,2011-03-20 13:33:00,0.65,14769,United Kingdom
2,577869,22892,SET OF SALT AND PEPPER TOADSTOOLS,6,2011-11-22 11:34:00,1.25,13268,United Kingdom
2,548327,21982,PACK OF 12 SUKI TISSUES ,1,2011-03-30 13:05:00,0.29,16788,United Kingdom
2,548666,22375,AIRLINE BAG VINTAGE JET SET BROWN,1,2011-04-01 14:58:00,4.25,13124,United Kingdom
2,548670,22413,METAL SIGN TAKE IT OR LEAVE IT ,1,2011-04-01 15:37:00,2.95,15356,United Kingdom
2,548703,85049G,CHOCOLATE BOX RIBBONS ,1,2011-04-03 11:37:00,1.25,16010,United Kingdom
2,549575,85130C,BEADED CRYSTAL HEART BLUE  LARGE,1,2011-04-10 16:04:00,1.65,13956,United Kingdom
2,550331,20726,LUNCH BAG WOODLAND,1,2011-04-17 13:43:00,1.65,15555,United Kingdom
2,552285,37468,HARDMAN MUG 3 ASSORTED,1,2011-05-08 12:58:00,0.39,14684,United Kingdom
2,552285,22564,ALPHABET STENCIL CRAFT,1,2011-05-08 12:58:00,1.25,14684,United Kingdom
2,553005,22907,PACK OF 20 NAPKINS PANTRY DESIGN,1,2011-05-12 16:29:00,0.85,14651,United Kingdom
2,553488,84692,BOX OF 24 COCKTAIL PARASOLS,1,2011-05-17 12:40:00,0.42,18043,United Kingdom
2,553520,22749,FELTCRAFT PRINCESS CHARLOTTE DOLL,1,2011-05-17 14:32:00,3.75,17238,United Kingdom
2,553731,23208,LUNCH BAG VINTAGE LEAF DESIGN,10,2011-05-19 08:26:00,1.65,12481,Germany
2,553856,21126,SET OF 6 GIRLS CELEBRATION CANDLES,1,2011-05-19 13:28:00,1.25,16813,United Kingdom
2,555108,23132,SMALL IVORY HEART WALL ORGANISER,2,2011-05-31 14:18:00,5.75,18231,United Kingdom
2,555854,22697,GREEN REGENCY TEACUP AND SAUCER,1,2011-06-07 13:47:00,2.95,12748,United Kingdom
2,556056,20725,LUNCH BAG RED RETROSPOT,1,2011-06-08 13:35:00,1.65,17841,United Kingdom
2,556905,23207,LUNCH BAG ALPHABET DESIGN,1,2011-06-15 13:05:00,1.65,16904,United Kingdom
2,557758,21231,SWEETHEART CERAMIC TRINKET BOX,4,2011-06-22 13:28:00,1.25,17585,United Kingdom
2,558538,37446,MINI CAKE STAND WITH HANGING CAKES,1,2011-06-30 12:12:00,1.45,15005,United Kingdom
2,558751,20761,BLUE PAISLEY SKETCHBOOK,1,2011-07-03 11:26:00,3.75,16009,United Kingdom
2,558761,22629,SPACEBOY LUNCH BOX ,1,2011-07-03 12:52:00,1.95,15033,United Kingdom
2,558860,21808,"CHRISTMAS GARLAND STARS,TREES",1,2011-07-04 12:18:00,3.75,17975,United Kingdom
2,559544,22437,SET OF 9 BLACK SKULL BALLOONS,1,2011-07-10 13:52:00,0.85,17126,United Kingdom
2,559902,85061W,WHITE JEWELLED HEART DECORATION,1,2011-07-13 13:14:00,0.85,14502,United Kingdom
2,560223,22244,3 HOOK HANGER MAGIC GARDEN,1,2011-07-15 15:32:00,1.95,16904,United Kingdom
2,560271,21985,PACK OF 12 HEARTS DESIGN TISSUES ,1,2011-07-17 14:51:00,0.29,16474,United Kingdom
2,561034,22615,PACK OF 12 CIRCUS PARADE TISSUES ,2,2011-07-24 11:45:00,0.29,15506,United Kingdom
2,569129,22729,ALARM CLOCK BAKELIKE ORANGE,1,2011-09-30 13:40:00,3.75,15034,United Kingdom
2,569229,23377,PACK OF 12 DOLLY GIRL TISSUES,1,2011-10-02 14:56:00,0.39,14502,United Kingdom
2,569367,23396,LE JARDIN BOTANIQUE CUSHION COVER,2,2011-10-03 15:28:00,3.75,13994,United Kingdom
2,569367,22423,REGENCY CAKESTAND 3 TIER,1,2011-10-03 15:28:00,12.75,13994,United Kingdom
2,569521,81952V,ROUND PURPLE CLOCK WITH SUCKER,1,2011-10-04 14:33:00,0.19,16474,United Kingdom
2,569521,23506,MINI PLAYING CARDS SPACEBOY ,1,2011-10-04 14:33:00,0.42,16474,United Kingdom
2,569670,21587,COSY HOUR GIANT TUBE MATCHES,2,2011-10-05 13:47:00,2.55,14730,United Kingdom
2,569823,22553,PLASTERS IN TIN SKULLS,1,2011-10-06 12:15:00,1.65,16895,United Kingdom
2,569843,23461,SWEETHEART BIRD HOUSE,1,2011-10-06 13:29:00,4.15,14449,United Kingdom
2,569897,22623,BOX OF VINTAGE JIGSAW BLOCKS ,1,2011-10-06 16:01:00,5.95,17813,United Kingdom
2,570103,23534,WALL ART STOP FOR TEA ,1,2011-10-07 12:18:00,5.95,15719,United Kingdom
2,570230,21124,SET/10 BLUE POLKADOT PARTY CANDLES,1,2011-10-09 13:41:00,1.25,18088,United Kingdom
2,571046,22403,MAGNETS PACK OF 4 VINTAGE LABELS ,1,2011-10-13 13:35:00,0.39,18096,United Kingdom
2,571418,37448,CERAMIC CAKE DESIGN SPOTTED MUG,1,2011-10-17 12:35:00,1.49,16412,United Kingdom
2,571442,22558,CLOTHES PEGS RETROSPOT PACK 24 ,3,2011-10-17 13:39:00,1.65,17049,United Kingdom
2,571846,23321,SMALL WHITE HEART OF WICKER,1,2011-10-19 12:35:00,1.65,17841,United Kingdom
2,572103,22554,PLASTERS IN TIN WOODLAND ANIMALS,1,2011-10-20 15:57:00,1.65,17571,United Kingdom
2,572280,20974,12 PENCILS SMALL TUBE SKULL,1,2011-10-23 11:05:00,0.65,16007,United Kingdom
2,572309,47469,ASSORTED SHAPES PHOTO CLIP SILVER ,1,2011-10-23 15:29:00,0.65,14432,United Kingdom
2,572318,85049A,TRADITIONAL CHRISTMAS RIBBONS,1,2011-10-23 16:19:00,1.25,15436,United Kingdom
2,572318,20996,JAZZ HEARTS ADDRESS BOOK,1,2011-10-23 16:19:00,0.19,15436,United Kingdom
2,570455,23263,SET OF 3 WOODEN HEART DECORATIONS,1,2011-10-10 15:27:00,1.25,14529,United Kingdom
2,572880,22094,RED RETROSPOT TISSUE BOX,1,2011-10-26 13:35:00,0.39,16415,United Kingdom
2,572922,20757,RED DAISY POCKET BOOK ,3,2011-10-26 17:00:00,0.85,17895,United Kingdom
2,573373,84991,60 TEATIME FAIRY CAKE CASES,1,2011-10-30 13:37:00,0.55,14684,United Kingdom
2,574034,72351B,SET/6 PINK  BUTTERFLY T-LIGHTS,1,2011-11-02 12:45:00,2.1,17841,United Kingdom
2,574040,22835,HOT WATER BOTTLE I AM SO POORLY,1,2011-11-02 13:01:00,4.95,14974,United Kingdom
2,574304,23319,"BOX OF 6 MINI 50'S CRACKERS",1,2011-11-03 16:30:00,2.49,14428,United Kingdom
2,574481,23193,BUFFALO BILL TREASURE BOOK BOX,1,2011-11-04 12:45:00,2.25,18022,United Kingdom
2,574536,85184C,SET 4 VALENTINE DECOUPAGE HEART BOX,2,2011-11-04 14:35:00,2.95,15707,United Kingdom
2,574657,23497,CLASSIC CHROME BICYCLE BELL ,2,2011-11-06 11:43:00,1.45,13772,United Kingdom
2,574709,22998,TRAVEL CARD WALLET KEEP CALM,24,2011-11-06 14:14:00,0.42,17768,United Kingdom
2,575337,90119,METALIC LEAVES BAG CHARMS,1,2011-11-09 14:11:00,2.55,17867,United Kingdom
2,575491,22726,ALARM CLOCK BAKELIKE GREEN,1,2011-11-09 17:47:00,3.75,15531,United Kingdom
2,575760,21591,COSY HOUR CIGAR BOX MATCHES ,1,2011-11-11 10:50:00,1.25,15965,United Kingdom
2,575837,20970,PINK FLORAL FELTCRAFT SHOULDER BAG,1,2011-11-11 11:37:00,3.75,12748,United Kingdom
2,561113,21179,NO JUNK MAIL METAL SIGN,1,2011-07-25 12:09:00,0.39,17841,United Kingdom
2,561512,22964,3 PIECE SPACEBOY COOKIE CUTTER SET,1,2011-07-27 15:09:00,2.1,14534,United Kingdom
2,561798,22423,REGENCY CAKESTAND 3 TIER,4,2011-07-29 13:39:00,12.75,14911,EIRE
2,561893,22092,BLUE PAISLEY TISSUE BOX,1,2011-07-31 14:39:00,0.39,12942,United Kingdom
2,561897,22772,PINK DRAWER KNOB ACRYLIC EDWARDIAN,12,2011-07-31 15:24:00,1.25,17841,United Kingdom
2,562560,23207,LUNCH BAG ALPHABET DESIGN,2,2011-08-05 17:12:00,1.65,14156,EIRE
2,562928,84947,ANTIQUE SILVER TEA GLASS ENGRAVED,6,2011-08-10 15:29:00,1.25,15494,United Kingdom
2,563328,21985,PACK OF 12 HEARTS DESIGN TISSUES ,2,2011-08-15 13:07:00,0.29,14606,United Kingdom
2,563354,82552,WASHROOM METAL SIGN,1,2011-08-15 14:35:00,1.45,15271,United Kingdom
2,563933,20983,12 PENCILS TALL TUBE RED RETROSPOT,1,2011-08-21 15:54:00,0.85,16536,United Kingdom
2,564303,22553,PLASTERS IN TIN SKULLS,12,2011-08-24 12:04:00,1.65,16042,United Kingdom
2,564727,22564,ALPHABET STENCIL CRAFT,1,2011-08-28 12:31:00,1.25,16686,United Kingdom
2,564727,22659,LUNCH BOX I LOVE LONDON,1,2011-08-28 12:31:00,1.95,16686,United Kingdom
2,565726,22792,FLUTED ANTIQUE CANDLE HOLDER,12,2011-09-06 11:58:00,0.85,14360,United Kingdom
2,566851,22112,CHOCOLATE HOT WATER BOTTLE,1,2011-09-15 12:16:00,4.95,15573,United Kingdom
2,566932,23413,VINTAGE COFFEE GRINDER BOX,1,2011-09-15 15:29:00,4.95,17576,United Kingdom
2,567170,23293,SET OF 12 FAIRY CAKE BAKING CASES,1,2011-09-18 12:40:00,0.83,13566,United Kingdom
2,567472,21080,SET/20 RED RETROSPOT PAPER NAPKINS ,2,2011-09-20 12:47:00,0.85,15039,United Kingdom
2,568170,22191,IVORY DINER WALL CLOCK,1,2011-09-25 13:08:00,8.5,16931,United Kingdom
2,536846,20974,12 PENCILS SMALL TUBE SKULL,1,2010-12-02 19:59:00,0.65,14573,United Kingdom
2,536874,22961,JAM MAKING SET PRINTED,1,2010-12-03 11:35:00,1.45,16891,United Kingdom
2,537045,22295,HEART FILIGREE DOVE LARGE,1,2010-12-05 10:54:00,1.65,15038,United Kingdom
2,537154,22745,"POPPY'S PLAYHOUSE BEDROOM ",1,2010-12-05 13:05:00,2.1,15808,United Kingdom
2,537199,21034,REX CASH+CARRY JUMBO SHOPPER,1,2010-12-05 14:06:00,0.95,15894,United Kingdom
2,537265,22413,METAL SIGN TAKE IT OR LEAVE IT ,1,2010-12-06 11:26:00,2.95,15919,United Kingdom
2,537374,79051A,SMOKEY GREY COLOUR D.O.F. GLASS,4,2010-12-06 12:55:00,0.65,17259,United Kingdom
2,537395,22659,LUNCH BOX I LOVE LONDON,1,2010-12-06 14:05:00,1.95,15356,United Kingdom
2,538207,84596F,SMALL MARSHMALLOWS PINK BOWL,1,2010-12-10 11:33:00,1.25,12748,United Kingdom
2,538951,22348,TEA BAG PLATE RED RETROSPOT,1,2010-12-15 11:26:00,0.85,16782,United Kingdom
2,540953,84375,SET OF 20 KIDS COOKIE CUTTERS,1,2011-01-12 13:16:00,2.1,14587,United Kingdom
2,541262,22241,GARLAND WOODEN HAPPY EASTER,2,2011-01-16 15:50:00,1.25,18069,United Kingdom
2,541511,22113,GREY HEART HOT WATER BOTTLE,1,2011-01-18 16:45:00,3.75,17576,United Kingdom
2,542107,21359,RELAX LARGE WOOD LETTERS,1,2011-01-25 13:38:00,15.95,16222,United Kingdom
2,542107,21673,WHITE SPOT BLUE CERAMIC DRAWER KNOB,6,2011-01-25 13:38:00,1.25,16222,United Kingdom
2,542239,85123A,WHITE HANGING HEART T-LIGHT HOLDER,2,2011-01-26 14:35:00,2.95,17786,United Kingdom
2,542607,21363,HOME SMALL WOOD LETTERS,2,2011-01-30 13:48:00,4.95,13148,United Kingdom
2,542719,22291,HANGING CHICK CREAM DECORATION,1,2011-01-31 14:18:00,1.45,17619,United Kingdom
2,C543837,22423,REGENCY CAKESTAND 3 TIER,-2,2011-02-14 10:56:00,12.75,14431,United Kingdom
2,576181,23535,WALL ART BICYCLE SAFETY,2,2011-11-14 11:19:00,5.95,15572,United Kingdom
2,576857,23090,VINTAGE GLASS T-LIGHT HOLDER,1,2011-11-16 15:52:00,0.83,12748,United Kingdom
2,577228,22144,CHRISTMAS CRAFT LITTLE FRIENDS,1,2011-11-18 12:07:00,2.1,12391,Cyprus
2,577319,22596,CHRISTMAS STAR WISH LIST CHALKBOARD,2,2011-11-18 13:43:00,1.25,17301,United Kingdom
2,577480,23112,PARISIENNE CURIO CABINET,1,2011-11-20 11:37:00,7.5,14525,United Kingdom
2,577482,23332,IVORY WICKER HEART LARGE,6,2011-11-20 11:43:00,1.65,16762,United Kingdom
2,577482,22114,HOT WATER BOTTLE TEA AND SYMPATHY,3,2011-11-20 11:43:00,4.25,16762,United Kingdom
2,577728,23355,HOT WATER BOTTLE KEEP CALM,1,2011-11-21 12:52:00,4.95,17811,United Kingdom
2,578057,23196,VINTAGE LEAF MAGNETIC NOTEPAD,1,2011-11-22 15:05:00,1.45,12920,United Kingdom
2,578250,23307,SET OF 60 PANTRY DESIGN CAKE CASES ,1,2011-11-23 12:43:00,0.55,15901,United Kingdom
2,578251,23312,VINTAGE CHRISTMAS GIFT SACK,1,2011-11-23 12:45:00,4.15,15993,United Kingdom
2,578926,22508,DOORSTOP RETROSPOT HEART,1,2011-11-27 12:24:00,3.75,18156,United Kingdom
2,578935,23292,SPACEBOY CHILDRENS CUP,1,2011-11-27 12:52:00,1.25,15351,United Kingdom
2,578942,22909,SET OF 20 VINTAGE CHRISTMAS NAPKINS,1,2011-11-27 13:29:00,0.85,17288,United Kingdom
2,578949,22802,FAUX FUR CHOCOLATE THROW,1,2011-11-27 14:30:00,19.95,14954,United Kingdom
2,578998,84992,72 SWEETHEART FAIRY CAKE CASES,1,2011-11-27 16:05:00,0.55,15436,United Kingdom
2,578998,23365,SET 12 COLOUR PENCILS LOVE LONDON,1,2011-11-27 16:05:00,0.65,15436,United Kingdom
2,579145,23579,SNACK TRAY I LOVE LONDON,1,2011-11-28 13:13:00,1.95,14597,United Kingdom
2,580305,22983,CARD BILLBOARD FONT,12,2011-12-02 14:26:00,0.42,12970,United Kingdom
2,580305,23349,ROLL WRAP VINTAGE CHRISTMAS,4,2011-12-02 14:26:00,1.25,12970,United Kingdom
2,580305,23343,JUMBO BAG VINTAGE CHRISTMAS ,1,2011-12-02 14:26:00,2.08,12970,United Kingdom
2,580307,84347,ROTATING SILVER ANGELS T-LIGHT HLDR,1,2011-12-02 14:30:00,2.55,12970,United Kingdom
2,580358,22910,PAPER CHAIN KIT VINTAGE CHRISTMAS,1,2011-12-02 16:07:00,2.95,17238,United Kingdom
2,580468,21411,GINGHAM HEART  DOORSTOP RED,4,2011-12-04 12:31:00,1.95,12748,United Kingdom
2,580468,21408,SPOTTY PINK DUCK DOORSTOP,2,2011-12-04 12:31:00,1.95,12748,United Kingdom
2,580677,23503,PLAYING CARDS KEEP CALM & CARRY ON,1,2011-12-05 14:40:00,1.25,16200,United Kingdom
2,580865,85227,SET OF 6 3D KIT CARDS FOR KIDS,1,2011-12-06 11:58:00,0.85,17914,United Kingdom
2,580999,22897,OVEN MITT APPLES DESIGN,2,2011-12-06 17:49:00,1.45,17883,United Kingdom
2,581149,21446,12 RED ROSE PEG PLACE SETTINGS,2,2011-12-07 14:12:00,1.25,15471,United Kingdom
2,581166,23254,CHILDRENS CUTLERY DOLLY GIRL ,1,2011-12-07 14:43:00,4.15,15525,United Kingdom
2,548309,22659,LUNCH BOX I LOVE LONDON,1,2011-03-30 12:02:00,1.95,16657,United Kingdom
2,545518,85186A,EASTER BUNNY GARLAND OF FLOWERS,48,2011-03-03 12:24:00,0.42,18218,United Kingdom
2,546107,22326,ROUND SNACK BOXES SET OF4 WOODLAND ,1,2011-03-09 12:33:00,2.95,17238,United Kingdom
2,546107,20726,LUNCH BAG WOODLAND,1,2011-03-09 12:33:00,1.65,17238,United Kingdom
2,546424,22249,DECORATION WHITE CHICK MAGIC GARDEN,1,2011-03-13 12:51:00,0.85,13956,United Kingdom
2,546561,22456,NATURAL SLATE CHALKBOARD LARGE ,3,2011-03-15 10:34:00,4.95,18260,United Kingdom
2,546950,22139,RETROSPOT TEA SET CERAMIC 11 PC ,1,2011-03-18 11:24:00,4.95,16511,United Kingdom
2,547498,84596L,BISCUITS SMALL BOWL LIGHT BLUE,1,2011-03-23 12:24:00,0.42,15021,United Kingdom
2,547651,22556,PLASTERS IN TIN CIRCUS PARADE ,1,2011-03-24 12:11:00,1.65,16904,United Kingdom
2,547709,21340,CLASSIC METAL BIRDCAGE PLANT HOLDER,1,2011-03-24 18:43:00,12.75,18109,United Kingdom
2,545071,84631,FRUIT TREE AND BIRDS WALL PLAQUE,1,2011-02-27 15:59:00,7.95,15996,United Kingdom
2,544666,82486,WOOD S/3 CABINET ANT WHITE FINISH,2,2011-02-22 15:00:00,8.95,16907,United Kingdom
2,548666,22501,PICNIC BASKET WICKER LARGE,1,2011-04-01 14:58:00,9.95,13124,United Kingdom
2,548739,21527,RED RETROSPOT TRADITIONAL TEAPOT ,1,2011-04-04 11:28:00,7.95,15493,United Kingdom
2,550332,84991,60 TEATIME FAIRY CAKE CASES,2,2011-04-17 13:53:00,0.55,13474,United Kingdom
2,551057,22804,CANDLEHOLDER PINK HANGING HEART,2,2011-04-26 11:59:00,2.95,16942,United Kingdom
2,552285,22563,HAPPY STENCIL CRAFT,1,2011-05-08 12:58:00,1.25,14684,United Kingdom
2,553014,47566,PARTY BUNTING,1,2011-05-12 18:49:00,4.95,13451,United Kingdom
2,553199,21936,RED RETROSPOT PICNIC BAG,1,2011-05-15 15:14:00,2.95,17758,United Kingdom
2,554157,47580,TEA TIME DES TEA COSY,1,2011-05-23 11:33:00,2.55,18283,United Kingdom
2,554202,22063,CERAMIC BOWL WITH STRAWBERRY DESIGN,2,2011-05-23 12:14:00,2.95,13546,United Kingdom
2,555110,85199S,SMALL HANGING IVORY/RED WOOD BIRD,1,2011-05-31 14:34:00,0.42,17841,United Kingdom
2,555515,22625,RED KITCHEN SCALES,1,2011-06-05 10:47:00,8.5,17690,United Kingdom
2,556465,48194,DOORMAT HEARTS,1,2011-06-12 11:04:00,7.95,14984,United Kingdom
2,556484,22139,RETROSPOT TEA SET CERAMIC 11 PC ,1,2011-06-12 13:17:00,4.95,16938,United Kingdom
2,557019,22766,PHOTO FRAME CORNICE,1,2011-06-16 12:45:00,2.95,15907,United Kingdom
2,557019,85232D,SET/3 DECOUPAGE STACKING TINS,1,2011-06-16 12:45:00,4.95,15907,United Kingdom
2,557846,23076,ICE CREAM SUNDAE LIP GLOSS,24,2011-06-23 10:44:00,1.25,17365,United Kingdom
2,558761,22631,CIRCUS PARADE LUNCH BOX ,1,2011-07-03 12:52:00,1.95,15033,United Kingdom
2,559307,23201,JUMBO BAG ALPHABET,4,2011-07-07 13:02:00,2.08,15356,United Kingdom
2,559887,22400,MAGNETS PACK OF 4 HOME SWEET HOME,1,2011-07-13 11:44:00,0.39,13263,United Kingdom
2,560104,22999,TRAVEL CARD WALLET VINTAGE LEAF,2,2011-07-14 18:56:00,0.42,17921,United Kingdom
2,560833,20969,RED FLORAL FELTCRAFT SHOULDER BAG,1,2011-07-21 12:14:00,3.75,16891,United Kingdom
2,C560855,22367,CHILDRENS APRON SPACEBOY DESIGN,-1,2011-07-21 13:00:00,1.95,14410,United Kingdom
2,569367,23014,GLASS APOTHECARY BOTTLE ELIXIR,1,2011-10-03 15:28:00,3.95,13994,United Kingdom
2,569533,21638,ASSORTED TUTTI FRUTTI NOTEBOOK,2,2011-10-04 15:21:00,2.1,16374,United Kingdom
2,569651,23044,PAPER LANTERN 9 POINT HOLLY STAR S,2,2011-10-05 12:49:00,4.15,14534,United Kingdom
2,569669,85123A,WHITE HANGING HEART T-LIGHT HOLDER,1,2011-10-05 13:47:00,2.95,14730,United Kingdom
2,570009,22382,LUNCH BAG SPACEBOY DESIGN ,10,2011-10-07 09:38:00,1.65,14138,United Kingdom
2,570019,22629,SPACEBOY LUNCH BOX ,1,2011-10-07 10:13:00,1.95,17841,United Kingdom
2,570197,21031,SPACE CADET BLACK,1,2011-10-07 15:45:00,1.25,13755,United Kingdom
2,570209,20971,PINK BLUE FELT CRAFT TRINKET BOX,2,2011-10-09 10:29:00,1.25,16326,United Kingdom
2,570246,20914,SET/5 RED RETROSPOT LID GLASS BOWLS,2,2011-10-09 16:22:00,2.95,16921,United Kingdom
2,570404,21034,REX CASH+CARRY JUMBO SHOPPER,1,2011-10-10 12:50:00,0.95,16395,United Kingdom
2,571642,21584,RETROSPOT SMALL TUBE MATCHES,1,2011-10-18 12:07:00,1.65,17203,United Kingdom
2,571809,71053,WHITE METAL LANTERN,1,2011-10-19 11:44:00,3.75,15039,United Kingdom
2,571845,23461,SWEETHEART BIRD HOUSE,2,2011-10-19 12:34:00,4.15,16869,United Kingdom
2,571899,23322,LARGE WHITE HEART OF WICKER,1,2011-10-19 14:22:00,2.95,16885,United Kingdom
2,571909,16048,TEATIME ROUND PENCIL SHARPENER ,1,2011-10-19 15:08:00,0.12,15006,United Kingdom
2,572092,23071,MARIE ANTOINETTE TRINKET BOX GOLD,1,2011-10-20 14:41:00,12.5,17125,United Kingdom
2,572192,23263,SET OF 3 WOODEN HEART DECORATIONS,1,2011-10-21 11:30:00,1.25,18118,United Kingdom
2,572291,22598,CHRISTMAS MUSICAL ZINC TREE,3,2011-10-23 12:46:00,0.29,16931,United Kingdom
2,572296,23300,GARDENERS KNEELING PAD CUP OF TEA ,1,2011-10-23 14:28:00,1.65,13598,United Kingdom
2,572302,22895,SET OF 2 TEA TOWELS APPLE AND PEARS,1,2011-10-23 14:47:00,3.25,15427,United Kingdom
2,572318,22810,SET OF 6 T-LIGHTS SNOWMEN,1,2011-10-23 16:19:00,2.95,15436,United Kingdom
2,572880,21107,CREAM SLICE FLANNEL PINK SPOT ,1,2011-10-26 13:35:00,2.95,16415,United Kingdom
2,573152,23015,CORDIAL GLASS JUG,1,2011-10-27 20:16:00,8.25,17530,United Kingdom
2,573286,21210,SET OF 72 RETROSPOT PAPER  DOILIES,1,2011-10-28 14:38:00,1.45,,Switzerland
2,573492,21591,COSY HOUR CIGAR BOX MATCHES ,1,2011-10-31 11:57:00,1.25,13544,United Kingdom
2,573543,85123A,WHITE HANGING HEART T-LIGHT HOLDER,2,2011-10-31 13:05:00,2.95,17777,United Kingdom
2,573870,22910,PAPER CHAIN KIT VINTAGE CHRISTMAS,1,2011-11-01 12:25:00,2.95,14485,United Kingdom
2,574040,37475,SET/4 COLOURFUL MIXING BOWLS,1,2011-11-02 13:01:00,9.95,14974,United Kingdom
2,574258,21642,ASSORTED TUTTI FRUTTI PEN,1,2011-11-03 13:50:00,0.29,16891,United Kingdom
2,574481,23309,SET OF 60 I LOVE LONDON CAKE CASES ,1,2011-11-04 12:45:00,0.55,18022,United Kingdom
2,574670,23319,"BOX OF 6 MINI 50'S CRACKERS",2,2011-11-06 12:20:00,2.49,12838,United Kingdom
2,574701,23419,HOME SWEET HOME BOTTLE ,1,2011-11-06 13:54:00,2.08,15426,United Kingdom
2,574701,22400,MAGNETS PACK OF 4 HOME SWEET HOME,1,2011-11-06 13:54:00,0.39,15426,United Kingdom
2,537196,22640,SET OF 4 NAPKIN CHARMS 3 KEYS ,1,2010-12-05 13:55:00,2.55,15426,United Kingdom
2,541253,22907,PACK OF 20 NAPKINS PANTRY DESIGN,1,2011-01-16 13:51:00,0.85,17841,United Kingdom
2,561704,21172,PARTY METAL SIGN ,1,2011-07-29 11:07:00,1.45,14606,United Kingdom
2,563585,20914,SET/5 RED RETROSPOT LID GLASS BOWLS,1,2011-08-17 17:01:00,2.95,17070,United Kingdom
2,563917,22624,IVORY KITCHEN SCALES,1,2011-08-21 13:46:00,8.5,14572,United Kingdom
2,565398,22997,TRAVEL CARD WALLET UNION JACK,24,2011-09-02 16:50:00,0.42,15856,United Kingdom
2,565648,23210,WHITE ROCKING HORSE HAND PAINTED,1,2011-09-05 16:22:00,1.25,18196,United Kingdom
2,566013,22865,HAND WARMER OWL DESIGN,48,2011-09-08 12:16:00,2.1,17004,United Kingdom
2,566269,23389,SPACEBOY MINI BACKPACK,1,2011-09-11 13:39:00,4.15,17864,United Kingdom
2,566290,84030E,ENGLISH ROSE HOT WATER BOTTLE,1,2011-09-11 15:24:00,4.25,14456,United Kingdom
2,561113,22135,MINI LADLE LOVE HEART PINK,1,2011-07-25 12:09:00,0.42,17841,United Kingdom
2,568141,20971,PINK BLUE FELT CRAFT TRINKET BOX,1,2011-09-25 11:21:00,1.25,16326,United Kingdom
2,568170,85227,SET OF 6 3D KIT CARDS FOR KIDS,3,2011-09-25 13:08:00,0.85,16931,United Kingdom
2,575337,22030,SWALLOWS GREETING CARD,12,2011-11-09 14:11:00,0.42,17867,United Kingdom
2,536522,21121,SET/10 RED POLKADOT PARTY CANDLES,1,2010-12-01 12:49:00,1.25,15012,United Kingdom
2,536798,82583,HOT BATHS METAL SIGN,12,2010-12-02 15:55:00,2.1,17838,United Kingdom
2,536846,21668,RED STRIPE CERAMIC DRAWER KNOB,2,2010-12-02 19:59:00,1.25,14573,United Kingdom
2,536863,22758,LARGE PURPLE BABUSHKA NOTEBOOK  ,1,2010-12-03 11:19:00,1.25,17967,United Kingdom
2,575753,22621,TRADITIONAL KNITTING NANCY,1,2011-11-11 10:41:00,1.65,17841,United Kingdom
2,575623,23275,SET OF 3 HANGING OWLS OLLIE BEAK,12,2011-11-10 13:14:00,1.25,14064,United Kingdom
2,537265,21175,GIN + TONIC DIET METAL SIGN,1,2010-12-06 11:26:00,2.1,15919,United Kingdom
2,537265,21506,"FANCY FONT BIRTHDAY CARD, ",12,2010-12-06 11:26:00,0.42,15919,United Kingdom
2,575117,21098,CHRISTMAS TOILET ROLL,1,2011-11-08 14:22:00,1.25,12748,United Kingdom
2,537781,22211,WOOD STAMP SET FLOWERS,1,2010-12-08 12:46:00,1.65,17341,United Kingdom
2,537792,47420,ASSORTED COLOUR SUCTION CUP HOOK,2,2010-12-08 12:56:00,0.19,16385,United Kingdom
2,C538341,22727,ALARM CLOCK BAKELIKE RED ,-2,2010-12-10 14:03:00,3.75,15514,United Kingdom
2,538517,22750,FELTCRAFT PRINCESS LOLA DOLL,1,2010-12-12 16:05:00,3.75,17618,United Kingdom
2,538744,21479,WHITE SKULL HOT WATER BOTTLE ,1,2010-12-14 11:26:00,3.75,15356,United Kingdom
2,539317,22763,KEY CABINET MA CAMPAGNE,1,2010-12-16 19:04:00,9.95,17392,United Kingdom
2,539321,22411,JUMBO SHOPPER VINTAGE RED PAISLEY,1,2010-12-16 19:19:00,1.95,14723,United Kingdom
2,541250,22713,CARD I LOVE LONDON ,12,2011-01-16 13:19:00,0.42,13700,United Kingdom
2,543805,22966,GINGERBREAD MAN COOKIE CUTTER,1,2011-02-13 12:41:00,1.25,17050,United Kingdom
2,541259,20727,LUNCH BAG  BLACK SKULL.,10,2011-01-16 15:38:00,1.65,14404,United Kingdom
2,541414,82600,NO SINGING METAL SIGN,1,2011-01-17 16:14:00,2.1,18212,United Kingdom
2,541838,22789,T-LIGHT HOLDER SWEETHEART HANGING,4,2011-01-23 10:43:00,1.95,12916,United Kingdom
2,541855,22465,HANGING METAL STAR LANTERN,1,2011-01-23 14:59:00,1.65,13742,United Kingdom
2,542619,22766,PHOTO FRAME CORNICE,4,2011-01-30 15:54:00,2.95,13869,United Kingdom
2,543040,21527,RED RETROSPOT TRADITIONAL TEAPOT ,1,2011-02-02 17:06:00,7.95,17337,United Kingdom
2,543309,20971,PINK BLUE FELT CRAFT TRINKET BOX,1,2011-02-07 12:05:00,1.25,18118,United Kingdom
2,566450,23238,SET OF 4 KNICK KNACK TINS LONDON ,6,2011-09-12 16:12:00,4.15,15673,United Kingdom
2,551558,21041,RED RETROSPOT OVEN GLOVE DOUBLE,1,2011-05-03 10:41:00,2.95,17841,United Kingdom
2,555124,22644,CERAMIC CHERRY CAKE MONEY BANK,1,2011-05-31 15:26:00,1.45,18204,United Kingdom
2,554992,22328,ROUND SNACK BOXES SET OF 4 FRUITS ,1,2011-05-29 14:08:00,2.95,16686,United Kingdom
2,554992,21328,BALLOONS  WRITING SET ,1,2011-05-29 14:08:00,1.65,16686,United Kingdom
2,554088,85036B,CHOCOLATE 1 WICK MORRIS BOX CANDLE,6,2011-05-22 12:12:00,4.25,16801,United Kingdom
2,553856,22637,PIGGY BANK RETROSPOT ,1,2011-05-19 13:28:00,2.55,16813,United Kingdom
2,553141,23203,JUMBO BAG DOILEY PATTERNS,2,2011-05-13 13:01:00,2.08,15907,United Kingdom
2,553129,22960,JAM MAKING SET WITH JARS,1,2011-05-13 12:34:00,4.25,17765,United Kingdom
2,552821,84992,72 SWEETHEART FAIRY CAKE CASES,1,2011-05-11 12:58:00,0.55,18118,United Kingdom
2,552651,21001,ROSE DU SUD WASHBAG ,1,2011-05-10 14:09:00,5.95,16431,United Kingdom
2,552265,22749,FELTCRAFT PRINCESS CHARLOTTE DOLL,1,2011-05-08 11:41:00,3.75,14161,United Kingdom
2,551739,21864,UNION JACK FLAG PASSPORT COVER ,1,2011-05-04 10:58:00,2.1,18118,United Kingdom
2,575977,23069,EDWARDIAN PHOTO FRAME,2,2011-11-13 13:27:00,6.25,17287,United Kingdom
2,558105,84692,BOX OF 24 COCKTAIL PARASOLS,1,2011-06-26 14:54:00,0.42,15644,United Kingdom
2,576213,22096,PINK PAISLEY SQUARE TISSUE BOX ,1,2011-11-14 12:47:00,0.39,18117,United Kingdom
2,577034,72122,COFFEE SCENT PILLAR CANDLE,1,2011-11-17 13:16:00,0.95,12847,United Kingdom
2,577057,85034C,3 ROSE MORRIS BOXED CANDLES,1,2011-11-17 14:26:00,1.25,12748,United Kingdom
2,577317,23421,PANTRY HOOK SPATULA,2,2011-11-18 13:33:00,2.08,16426,United Kingdom
2,577778,21733,RED HANGING HEART T-LIGHT HOLDER,1,2011-11-21 16:10:00,2.95,16549,United Kingdom
2,578041,23121,PACK OF 6 COCKTAIL PARASOL STRAWS,2,2011-11-22 14:23:00,0.42,17338,United Kingdom
2,578074,21889,WOODEN BOX OF DOMINOES,2,2011-11-22 16:06:00,1.25,17590,United Kingdom
2,578516,85099F,JUMBO BAG STRAWBERRY,10,2011-11-24 13:53:00,2.08,14591,United Kingdom
2,578924,23570,TRADITIONAL PICK UP STICKS GAME ,3,2011-11-27 12:10:00,1.25,16983,United Kingdom
2,578926,21035,SET/2 RED RETROSPOT TEA TOWELS ,1,2011-11-27 12:24:00,3.25,18156,United Kingdom
2,578936,22907,PACK OF 20 NAPKINS PANTRY DESIGN,1,2011-11-27 13:00:00,0.85,16923,United Kingdom
2,578944,23191,BUNDLE OF 3 RETRO NOTE BOOKS,1,2011-11-27 13:41:00,1.65,16005,United Kingdom
2,578950,22633,HAND WARMER UNION JACK,1,2011-11-27 14:40:00,2.1,17885,United Kingdom
2,579124,84748,FOLK FELT HANGING MULTICOL GARLAND,1,2011-11-28 12:14:00,3.75,15721,United Kingdom
2,579141,23320,"GIANT 50'S CHRISTMAS CRACKER",1,2011-11-28 13:06:00,2.89,17019,United Kingdom
2,579491,23439,HAND WARMER RED LOVE HEART,1,2011-11-29 15:23:00,2.1,14723,United Kingdom
2,576065,22064,PINK DOUGHNUT TRINKET POT ,2,2011-11-13 15:42:00,1.65,15005,United Kingdom
2,580305,22438,BALLOON ART MAKE YOUR OWN FLOWERS,1,2011-12-02 14:26:00,0.39,12970,United Kingdom
2,580399,22424,ENAMEL BREAD BIN CREAM,1,2011-12-04 11:45:00,12.75,13471,United Kingdom
2,580468,22464,HANGING METAL HEART LANTERN,1,2011-12-04 12:31:00,0.79,12748,United Kingdom
2,580504,22551,PLASTERS IN TIN SPACEBOY,1,2011-12-04 13:32:00,1.65,17936,United Kingdom
2,580527,85152,HAND OVER THE CHOCOLATE   SIGN ,1,2011-12-04 15:19:00,2.1,13736,United Kingdom
2,580611,21993,FLORAL FOLK STATIONERY SET,1,2011-12-05 11:49:00,1.25,12748,United Kingdom
2,580635,22742,MAKE YOUR OWN PLAYTIME CARD KIT,1,2011-12-05 12:30:00,0.79,14649,United Kingdom
2,580999,22059,CERAMIC STRAWBERRY DESIGN MUG,2,2011-12-06 17:49:00,0.39,17883,United Kingdom
2,581352,82494L,WOODEN FRAME ANTIQUE WHITE ,1,2011-12-08 12:26:00,2.95,14698,United Kingdom
2,581514,22075,6 RIBBONS ELEGANT CHRISTMAS ,24,2011-12-09 11:20:00,0.39,17754,United Kingdom
2,544463,90065A,WHITE VINTAGE CRYSTAL BRACELET,2,2011-02-20 14:31:00,6.75,12988,United Kingdom
2,544465,85049G,CHOCOLATE BOX RIBBONS ,1,2011-02-20 15:06:00,1.25,13168,United Kingdom
2,545039,82494L,WOODEN FRAME ANTIQUE WHITE ,6,2011-02-27 10:22:00,2.95,17243,United Kingdom
2,545054,22284,HEN HOUSE DECORATION,2,2011-02-27 12:41:00,1.65,14472,United Kingdom
2,545838,20728,LUNCH BAG CARS BLUE,1,2011-03-07 13:33:00,1.65,14606,United Kingdom
2,546498,48111,DOORMAT 3 SMILEY CATS,1,2011-03-14 11:44:00,7.95,15493,United Kingdom
2,547223,21870,I CAN ONLY PLEASE ONE PERSON MUG,6,2011-03-21 15:10:00,1.25,12867,United Kingdom
2,548308,21086,SET/6 RED SPOTTY PAPER CUPS,1,2011-03-30 12:00:00,0.65,17220,United Kingdom
2,548388,22891,TEA FOR ONE POLKADOT,1,2011-03-30 16:52:00,4.25,13268,United Kingdom
2,548451,21790,VINTAGE SNAP CARDS,3,2011-03-31 11:25:00,0.85,17365,United Kingdom
2,548666,22859,EASTER TIN BUNNY BOUQUET,6,2011-04-01 14:58:00,1.65,13124,United Kingdom
2,549813,22522,CHILDS GARDEN FORK BLUE ,1,2011-04-12 12:16:00,0.85,17972,United Kingdom
2,549903,22241,GARLAND WOODEN HAPPY EASTER,12,2011-04-12 16:19:00,1.25,17576,United Kingdom
2,575989,23084,RABBIT NIGHT LIGHT,1,2011-11-13 14:20:00,2.08,14698,United Kingdom
2,550477,21215,IVORY PAPER CUP CAKE CASES ,1,2011-04-18 14:01:00,0.55,17338,United Kingdom
2,551137,20829,GLITTER HANGING BUTTERFLY STRING,1,2011-04-26 13:05:00,2.1,15581,United Kingdom
2,552277,21034,REX CASH+CARRY JUMBO SHOPPER,1,2011-05-08 12:34:00,0.95,13642,United Kingdom
2,552318,22077,6 RIBBONS RUSTIC CHARM,2,2011-05-08 16:13:00,1.65,17231,United Kingdom
2,552652,22197,SMALL POPCORN HOLDER,6,2011-05-10 14:09:00,0.85,14591,United Kingdom
2,553004,23232,WRAP VINTAGE PETALS  DESIGN,25,2011-05-12 16:11:00,0.42,17764,United Kingdom
2,553657,22197,SMALL POPCORN HOLDER,2,2011-05-18 11:28:00,0.85,14583,United Kingdom
2,553657,84596F,SMALL MARSHMALLOWS PINK BOWL,2,2011-05-18 11:28:00,0.42,14583,United Kingdom
2,554098,22027,TEA PARTY BIRTHDAY CARD,12,2011-05-22 13:01:00,0.42,14769,United Kingdom
2,554992,22432,WATERING CAN PINK BUNNY,1,2011-05-29 14:08:00,1.95,16686,United Kingdom
2,555524,23170,REGENCY TEA PLATE ROSES ,12,2011-06-05 11:37:00,1.65,16923,United Kingdom
2,556926,22129,PARTY CONES CANDY TREE DECORATION,6,2011-06-15 14:26:00,0.85,16324,United Kingdom
2,571054,35970,ZINC FOLKART SLEIGH BELLS,1,2011-10-13 13:58:00,1.69,14234,United Kingdom
2,558761,22630,DOLLY GIRL LUNCH BOX,1,2011-07-03 12:52:00,1.95,15033,United Kingdom
2,558863,23092,LARGE ANTIQUE WHITE PHOTO FRAME,2,2011-07-04 12:28:00,7.9,17243,United Kingdom
2,558991,22907,PACK OF 20 NAPKINS PANTRY DESIGN,1,2011-07-05 11:32:00,0.85,14606,United Kingdom
2,559109,22844,VINTAGE CREAM DOG FOOD CONTAINER,1,2011-07-06 11:52:00,8.5,15021,United Kingdom
2,560555,22457,NATURAL SLATE HEART CHALKBOARD ,2,2011-07-19 13:01:00,2.95,14178,United Kingdom
2,560833,85036A,GARDENIA 1 WICK MORRIS BOXED CANDLE,1,2011-07-21 12:14:00,4.25,16891,United Kingdom
2,560861,22562,MONSTERS STENCIL CRAFT,1,2011-07-21 13:37:00,1.25,17660,United Kingdom
2,569219,84247E,PACK OF 12 CHRISTMAS FUN CARDS,1,2011-10-02 13:01:00,2.95,13558,United Kingdom
2,569524,85054,FRENCH ENAMEL POT W LID,1,2011-10-04 14:42:00,2.95,14506,United Kingdom
2,569669,79160,HEART SHAPE WIRELESS DOORBELL,1,2011-10-05 13:47:00,2.1,14730,United Kingdom
2,569897,22224,WHITE LOVEBIRD LANTERN,1,2011-10-06 16:01:00,2.95,17813,United Kingdom
2,570210,22982,PANTRY PASTRY BRUSH,1,2011-10-09 10:48:00,1.25,13259,United Kingdom
2,570374,23109,PACK OF SIX LED TEA LIGHTS,6,2011-10-10 12:34:00,2.89,14719,United Kingdom
2,570500,23082,SET 6 PAPER TABLE LANTERN HEARTS ,2,2011-10-11 09:19:00,3.75,15858,United Kingdom
2,571046,23390,DOLLY GIRL MINI BACKPACK,1,2011-10-13 13:35:00,4.15,18096,United Kingdom
2,579711,85049E,SCANDINAVIAN REDS RIBBONS,1,2011-11-30 14:17:00,1.25,15060,United Kingdom
2,571909,22093,MOTORING TISSUE BOX,1,2011-10-19 15:08:00,0.39,15006,United Kingdom
2,572300,23131,MISTLETOE HEART WREATH CREAM,1,2011-10-23 14:40:00,4.15,18005,United Kingdom
2,572317,22738,RIBBON REEL SNOWY VILLAGE,1,2011-10-23 16:13:00,1.65,14629,United Kingdom
2,572732,23309,SET OF 60 I LOVE LONDON CAKE CASES ,24,2011-10-25 15:21:00,0.55,18079,United Kingdom
2,573330,22604,SET OF 4 NAPKIN CHARMS CUTLERY,1,2011-10-30 11:22:00,2.55,16923,United Kingdom
2,574063,22396,MAGNETS PACK OF 4 RETRO PHOTO,1,2011-11-02 14:31:00,0.39,13271,United Kingdom
2,574063,85094,CANDY SPOT EGG WARMER RABBIT,1,2011-11-02 14:31:00,0.19,13271,United Kingdom
2,574077,22998,TRAVEL CARD WALLET KEEP CALM,1,2011-11-02 15:56:00,0.42,17999,United Kingdom
2,574249,84946,ANTIQUE SILVER T-LIGHT GLASS,6,2011-11-03 13:01:00,1.25,16347,United Kingdom
2,574292,23301,GARDENERS KNEELING PAD KEEP CALM ,1,2011-11-03 15:27:00,1.65,16914,United Kingdom
2,574547,22755,SMALL PURPLE BABUSHKA NOTEBOOK ,1,2011-11-04 15:08:00,0.85,17841,United Kingdom
2,574682,23236,STORAGE TIN VINTAGE DOILY ,1,2011-11-06 12:44:00,2.89,14963,United Kingdom
2,574682,23293,SET OF 12 FAIRY CAKE BAKING CASES,1,2011-11-06 12:44:00,0.83,14963,United Kingdom
2,575491,22843,BISCUIT TIN VINTAGE GREEN,1,2011-11-09 17:47:00,6.75,15531,United Kingdom
2,562587,23173,REGENCY TEAPOT ROSES ,1,2011-08-07 14:34:00,9.95,15640,United Kingdom
2,563026,85099F,JUMBO BAG STRAWBERRY,10,2011-08-11 14:04:00,2.08,15747,United Kingdom
2,563920,23031,DRAWER KNOB CRACKLE GLAZE PINK,12,2011-08-21 14:00:00,1.65,16407,United Kingdom
2,564342,22952,60 CAKE CASES VINTAGE CHRISTMAS,3,2011-08-24 14:53:00,0.55,16340,United Kingdom
2,564725,22734,SET OF 6 RIBBONS VINTAGE CHRISTMAS,1,2011-08-28 12:28:00,2.89,18041,United Kingdom
2,564727,22551,PLASTERS IN TIN SPACEBOY,1,2011-08-28 12:31:00,1.65,16686,United Kingdom
2,566033,21989,PACK OF 20 SKULL PAPER NAPKINS,1,2011-09-08 13:07:00,0.85,16031,United Kingdom
2,566249,22142,CHRISTMAS CRAFT WHITE FAIRY ,1,2011-09-11 12:09:00,1.45,13527,United Kingdom
2,566420,22086,"PAPER CHAIN KIT 50'S CHRISTMAS ",2,2011-09-12 13:50:00,2.95,16360,United Kingdom
2,567168,22900,SET 2 TEA TOWELS I LOVE LONDON ,2,2011-09-18 12:24:00,3.25,14878,United Kingdom
2,567185,22840,ROUND CAKE TIN VINTAGE RED,1,2011-09-18 15:55:00,7.95,16370,United Kingdom
2,567475,22082,RIBBON REEL STRIPES DESIGN ,1,2011-09-20 13:11:00,1.65,16360,United Kingdom
2,568212,20733,GOLD MINI TAPE MEASURE ,1,2011-09-25 16:05:00,0.85,15154,United Kingdom
2,C568370,90148,LONG SILVER NECKLACE PASTEL FLOWER,-1,2011-09-26 16:43:00,12.75,15154,United Kingdom
2,568531,22568,FELTCRAFT CUSHION OWL,1,2011-09-27 13:49:00,3.75,16713,United Kingdom
2,568662,22383,LUNCH BAG SUKI DESIGN ,1,2011-09-28 12:36:00,1.65,16764,United Kingdom
2,536412,22902,TOTE BAG I LOVE LONDON,7,2010-12-01 11:49:00,2.1,17920,United Kingdom
2,536945,22956,36 FOIL HEART CAKE CASES,1,2010-12-03 12:24:00,2.1,14083,United Kingdom
2,537136,22694,WICKER STAR ,1,2010-12-05 12:42:00,2.1,12748,United Kingdom
2,537144,22095,LADS ONLY TISSUE BOX,1,2010-12-05 13:00:00,1.25,15880,United Kingdom
2,537196,22430,ENAMEL WATERING CAN CREAM,1,2010-12-05 13:55:00,4.95,15426,United Kingdom
2,537200,21892,TRADITIONAL WOODEN CATCH CUP GAME ,1,2010-12-05 14:17:00,1.25,15867,United Kingdom
2,537265,22960,JAM MAKING SET WITH JARS,1,2010-12-06 11:26:00,4.25,15919,United Kingdom
2,537772,22371,AIRLINE BAG VINTAGE TOKYO 78,1,2010-12-08 12:35:00,4.25,18043,United Kingdom
2,538202,22153,ANGEL DECORATION STARS ON DRESS,48,2010-12-10 11:19:00,0.42,14667,United Kingdom
2,538368,22759,SET OF 3 NOTEBOOKS IN PARCEL,1,2010-12-12 10:57:00,1.65,15503,United Kingdom
2,538369,21485,RETROSPOT HEART HOT WATER BOTTLE,1,2010-12-12 11:06:00,4.95,17251,United Kingdom
2,538951,22629,SPACEBOY LUNCH BOX ,1,2010-12-15 11:26:00,1.95,16782,United Kingdom
2,539044,22890,NOVELTY BISCUITS CAKE STAND 3 TIER,2,2010-12-15 15:47:00,9.95,15727,United Kingdom
2,539092,22423,REGENCY CAKESTAND 3 TIER,16,2010-12-16 10:08:00,10.95,15482,United Kingdom
2,539294,17012C,ORIGAMI LAVENDER INCENSE/CANDL SET ,1,2010-12-16 16:45:00,2.55,15532,United Kingdom
2,539456,84876D,BLUE HEART COMPACT MIRROR,1,2010-12-17 17:23:00,3.75,16885,United Kingdom
2,541248,21832,CHOCOLATE CALCULATOR,1,2011-01-16 13:04:00,1.65,12748,United Kingdom
2,541262,21755,LOVE BUILDING BLOCK WORD,1,2011-01-16 15:50:00,5.95,18069,United Kingdom
2,542057,21625,VINTAGE UNION JACK APRON,1,2011-01-25 11:57:00,6.95,15967,United Kingdom
2,542401,22561,WOODEN SCHOOL COLOURING SET,1,2011-01-27 15:51:00,1.65,14541,United Kingdom
2,542617,85025B,EAU DE NILE HEART SHAPE PHOTO FRAME,2,2011-01-30 15:48:00,1.65,17463,United Kingdom
2,544151,22478,BIRDHOUSE GARDEN MARKER ,6,2011-02-16 12:02:00,1.25,15024,United Kingdom
2,575957,22954,HEN PARTY CORDON BARRIER TAPE,5,2011-11-13 12:19:00,1.25,13170,United Kingdom
2,576014,22619,SET OF 6 SOLDIER SKITTLES,1,2011-11-13 14:29:00,3.75,17218,United Kingdom
2,576076,22904,CALENDAR PAPER CUT DESIGN,1,2011-11-13 16:18:00,2.95,14382,United Kingdom
2,576076,22094,RED RETROSPOT TISSUE BOX,1,2011-11-13 16:18:00,0.39,14382,United Kingdom
2,576213,23376,PACK OF 12 VINTAGE CHRISTMAS TISSUE,12,2011-11-14 12:47:00,0.39,18117,United Kingdom
2,576236,22781,GUMBALL MAGAZINE RACK,1,2011-11-14 13:31:00,7.65,13755,United Kingdom
2,576538,23558,LANDMARK FRAME LONDON BRIDGE ,1,2011-11-15 12:42:00,12.5,14725,United Kingdom
2,576686,22537,MAGIC DRAWING SLATE DINOSAUR,2,2011-11-16 12:08:00,0.42,16916,United Kingdom
2,576689,21030,SPACE CADET RED,10,2011-11-16 12:18:00,1.25,16657,United Kingdom
2,576911,23232,WRAP VINTAGE LEAF DESIGN,25,2011-11-17 10:01:00,0.42,17461,United Kingdom
2,577057,22386,JUMBO BAG PINK POLKADOT,1,2011-11-17 14:26:00,2.08,12748,United Kingdom
2,577128,85136A,YELLOW SHARK HELICOPTER,1,2011-11-17 19:48:00,7.95,14508,United Kingdom
2,577482,23333,IVORY WICKER HEART MEDIUM,12,2011-11-20 11:43:00,1.25,16762,United Kingdom
2,577482,23388,WOODLAND MINI BACKPACK,2,2011-11-20 11:43:00,4.15,16762,United Kingdom
2,577482,23583,LUNCH BAG PAISLEY PARK  ,5,2011-11-20 11:43:00,1.65,16762,United Kingdom
2,577482,23270,SET OF 2 CERAMIC PAINTED HEARTS ,6,2011-11-20 11:43:00,1.45,16762,United Kingdom
2,577482,84879,ASSORTED COLOUR BIRD ORNAMENT,8,2011-11-20 11:43:00,1.69,16762,United Kingdom
2,577482,23300,GARDENERS KNEELING PAD CUP OF TEA ,12,2011-11-20 11:43:00,1.65,16762,United Kingdom
2,577549,21629,SQUARE FLOOR CUSHION VINTAGE RED,1,2011-11-20 15:00:00,7.95,17841,United Kingdom
2,577728,22734,SET OF 6 RIBBONS VINTAGE CHRISTMAS,1,2011-11-21 12:52:00,2.89,17811,United Kingdom
2,577728,22632,HAND WARMER RED RETROSPOT,1,2011-11-21 12:52:00,2.1,17811,United Kingdom
2,578045,22972,"CHILDREN'S SPACEBOY MUG",1,2011-11-22 14:43:00,1.65,17297,United Kingdom
2,578508,23270,SET OF 2 CERAMIC PAINTED HEARTS ,1,2011-11-24 13:06:00,1.45,16892,United Kingdom
2,578531,21124,SET/10 BLUE POLKADOT PARTY CANDLES,1,2011-11-24 14:40:00,1.25,17364,United Kingdom
2,578541,23116,VEGETABLE GARDEN CHOPPING BOARD,2,2011-11-24 15:01:00,4.95,14277,France
2,578676,22328,ROUND SNACK BOXES SET OF 4 FRUITS ,2,2011-11-24 19:07:00,2.95,16016,United Kingdom
2,578817,21810,CHRISTMAS HANGING STAR WITH BELL,1,2011-11-25 13:45:00,0.39,16764,United Kingdom
2,578921,21877,HOME SWEET HOME MUG,1,2011-11-27 11:57:00,1.65,13596,United Kingdom
2,578926,22909,SET OF 20 VINTAGE CHRISTMAS NAPKINS,1,2011-11-27 12:24:00,0.85,18156,United Kingdom
2,579132,22694,WICKER STAR ,1,2011-11-28 12:35:00,2.1,15022,United Kingdom
2,579286,84692,BOX OF 24 COCKTAIL PARASOLS,1,2011-11-29 10:57:00,0.42,17772,United Kingdom
2,579458,23004,TRAVEL CARD WALLET PANTRY,1,2011-11-29 14:38:00,0.42,16549,United Kingdom
2,579520,22748,"POPPY'S PLAYHOUSE KITCHEN",1,2011-11-29 18:14:00,2.1,12748,United Kingdom
2,580305,21125,SET 6 FOOTBALL CELEBRATION CANDLES,1,2011-12-02 14:26:00,1.25,12970,United Kingdom
2,580469,22123,PING MICROWAVE APRON,1,2011-12-04 12:32:00,0.79,14583,United Kingdom
2,580731,22810,SET OF 6 T-LIGHTS SNOWMEN,1,2011-12-05 17:36:00,2.95,17383,United Kingdom
2,580822,22042,CHRISTMAS CARD SINGING ANGEL,12,2011-12-06 11:33:00,0.42,17884,United Kingdom
2,580903,21918,SET 12 KIDS COLOUR  CHALK STICKS,1,2011-12-06 12:56:00,0.42,14606,United Kingdom
2,581134,23560,SET OF 6 RIBBONS COUNTRY STYLE,1,2011-12-07 13:12:00,2.89,16368,United Kingdom
2,581142,23154,SET OF 4 JAM JAR MAGNETS,1,2011-12-07 13:38:00,2.08,14204,United Kingdom
2,581334,84031A,CHARLIE+LOLA RED HOT WATER BOTTLE ,1,2011-12-08 12:07:00,1.25,17841,United Kingdom
2,581404,22469,HEART OF WICKER SMALL,2,2011-12-08 13:47:00,1.65,13680,United Kingdom
2,545054,21811,HANGING HEART WITH BELL,1,2011-02-27 12:41:00,1.25,14472,United Kingdom
2,545188,22535,MAGIC DRAWING SLATE BUNNIES ,1,2011-02-28 15:19:00,0.42,14056,United Kingdom
2,545523,22840,ROUND CAKE TIN VINTAGE RED,1,2011-03-03 12:41:00,7.95,14524,United Kingdom
2,545655,21389,IVORY HANGING DECORATION  BIRD,2,2011-03-04 13:58:00,0.85,14670,United Kingdom
2,546419,84406B,CREAM CUPID HEARTS COAT HANGER,1,2011-03-13 11:06:00,4.15,16693,United Kingdom
2,546426,20727,LUNCH BAG  BLACK SKULL.,4,2011-03-13 13:46:00,1.65,13708,United Kingdom
2,546429,22417,PACK OF 60 SPACEBOY CAKE CASES,1,2011-03-13 15:25:00,0.55,17611,United Kingdom
2,546774,23053,RECYCLED ACAPULCO MAT PINK,1,2011-03-16 15:45:00,8.25,14505,United Kingdom
2,546849,22423,REGENCY CAKESTAND 3 TIER,1,2011-03-17 13:13:00,12.75,13623,United Kingdom
2,546951,21669,BLUE STRIPE CERAMIC DRAWER KNOB,6,2011-03-18 11:30:00,1.25,17673,United Kingdom
2,547374,22587,FELTCRAFT HAIRBAND RED AND BLUE,1,2011-03-22 13:54:00,0.85,16110,United Kingdom
2,548313,21034,REX CASH+CARRY JUMBO SHOPPER,1,2011-03-30 12:15:00,0.95,15353,United Kingdom
2,548327,21984,PACK OF 12 PINK PAISLEY TISSUES ,1,2011-03-30 13:05:00,0.29,16788,United Kingdom
2,548983,85144,JARDIN ETCHED GLASS CHEESE DISH,1,2011-04-05 12:30:00,1.95,16906,United Kingdom
2,549291,21845,DAIRY MAID STRIPE MUG,1,2011-04-07 19:05:00,0.79,16261,United Kingdom
2,549566,21977,PACK OF 60 PINK PAISLEY CAKE CASES,1,2011-04-10 14:27:00,0.55,13610,United Kingdom
2,550320,22061,LARGE CAKE STAND  HANGING STRAWBERY,1,2011-04-17 12:37:00,9.95,12748,United Kingdom
2,551057,20768,GREEN FERN JOURNAL ,1,2011-04-26 11:59:00,2.55,16942,United Kingdom
2,551436,21872,GLAMOROUS  MUG,1,2011-04-28 15:13:00,1.25,16904,United Kingdom
2,552251,22742,MAKE YOUR OWN PLAYTIME CARD KIT,1,2011-05-06 20:00:00,2.95,12748,United Kingdom
2,552269,22161,HEART DECORATION RUSTIC HANGING ,1,2011-05-08 11:52:00,0.65,16121,United Kingdom
2,552285,84992,72 SWEETHEART FAIRY CAKE CASES,1,2011-05-08 12:58:00,0.55,14684,United Kingdom
2,552654,47566,PARTY BUNTING,1,2011-05-10 14:20:00,4.95,15756,United Kingdom
2,552852,22898,CHILDRENS APRON APPLES DESIGN,1,2011-05-11 15:08:00,1.95,16712,United Kingdom
2,553035,20846,ZINC HEART LATTICE T-LIGHT HOLDER,1,2011-05-12 20:13:00,1.25,17337,United Kingdom
2,553553,23230,WRAP ALPHABET DESIGN,25,2011-05-17 16:32:00,0.42,16156,United Kingdom
2,555560,20725,LUNCH BAG RED RETROSPOT,1,2011-06-05 14:20:00,1.65,17346,United Kingdom
2,556252,84970S,HANGING HEART ZINC T-LIGHT HOLDER,12,2011-06-09 16:44:00,0.85,16779,United Kingdom
2,556910,22596,CHRISTMAS STAR WISH LIST CHALKBOARD,12,2011-06-15 13:25:00,1.25,12748,United Kingdom
2,557636,21122,SET/10 PINK POLKADOT PARTY CANDLES,2,2011-06-21 15:41:00,1.25,17841,United Kingdom
2,557886,20713,JUMBO BAG OWLS,1,2011-06-23 13:39:00,2.08,17799,United Kingdom
2,537133,22114,HOT WATER BOTTLE TEA AND SYMPATHY,1,2010-12-05 12:29:00,3.95,18156,United Kingdom
2,537193,22890,NOVELTY BISCUITS CAKE STAND 3 TIER,1,2010-12-05 13:49:00,9.95,15023,United Kingdom
2,537196,85129D,BEADED CRYSTAL HEART PINK SMALL,1,2010-12-05 13:55:00,1.25,15426,United Kingdom
2,559993,22609,PENS ASSORTED SPACEBALL,36,2011-07-14 12:42:00,0.19,14716,United Kingdom
2,560826,22698,PINK REGENCY TEACUP AND SAUCER,6,2011-07-21 11:30:00,2.95,18073,United Kingdom
2,560937,22539,MINI JIGSAW DOLLY GIRL,1,2011-07-22 10:52:00,0.42,17920,United Kingdom
2,569217,22844,VINTAGE CREAM DOG FOOD CONTAINER,1,2011-10-02 12:45:00,8.5,15579,United Kingdom
2,569219,23370,SET 36 COLOURING PENCILS DOILY,1,2011-10-02 13:01:00,1.25,13558,United Kingdom
2,569234,22326,ROUND SNACK BOXES SET OF4 WOODLAND ,1,2011-10-02 15:33:00,2.95,17841,United Kingdom
2,569524,23213,STAR WREATH DECORATION WITH BELL,1,2011-10-04 14:42:00,1.25,14506,United Kingdom
2,569669,22588,CARD HOLDER GINGHAM HEART,1,2011-10-05 13:47:00,2.89,14730,United Kingdom
2,569670,22952,60 CAKE CASES VINTAGE CHRISTMAS,1,2011-10-05 13:47:00,0.55,14730,United Kingdom
2,569670,21098,CHRISTMAS TOILET ROLL,2,2011-10-05 13:47:00,1.25,14730,United Kingdom
2,569897,21257,VICTORIAN SEWING BOX MEDIUM,1,2011-10-06 16:01:00,7.95,17813,United Kingdom
2,570223,21908,CHOCOLATE THIS WAY METAL SIGN,1,2011-10-09 13:11:00,2.1,15787,United Kingdom
2,570333,47480,HANGING PHOTO CLIP ROPE LADDER,1,2011-10-10 12:19:00,1.65,18126,United Kingdom
2,C570556,20971,PINK BLUE FELT CRAFT TRINKET BOX,-1296,2011-10-11 11:10:00,1.06,16029,United Kingdom
2,570842,20725,LUNCH BAG RED RETROSPOT,10,2011-10-12 14:21:00,1.65,17676,United Kingdom
2,571212,21534,DAIRY MAID LARGE MILK JUG,1,2011-10-14 12:53:00,4.95,12856,United Kingdom
2,571265,23353,6 GIFT TAGS VINTAGE CHRISTMAS ,2,2011-10-16 11:31:00,0.83,16674,United Kingdom
2,571779,22467,GUMBALL COAT RACK,1,2011-10-19 11:27:00,2.55,12748,United Kingdom
2,571883,23263,SET OF 3 WOODEN HEART DECORATIONS,2,2011-10-19 13:58:00,1.25,14704,United Kingdom
2,572103,22748,"POPPY'S PLAYHOUSE KITCHEN",1,2011-10-20 15:57:00,2.1,17571,United Kingdom
2,572513,22539,MINI JIGSAW DOLLY GIRL,1,2011-10-24 14:36:00,0.42,16728,United Kingdom
2,572513,21165,BEWARE OF THE CAT METAL SIGN ,1,2011-10-24 14:36:00,1.69,16728,United Kingdom
2,572861,23034,DRAWER KNOB CERAMIC BLACK,6,2011-10-26 12:46:00,1.45,14102,United Kingdom
2,573330,21803,CHRISTMAS TREE STAR DECORATION,1,2011-10-30 11:22:00,0.42,16923,United Kingdom
2,573340,22580,ADVENT CALENDAR GINGHAM SACK,1,2011-10-30 11:55:00,5.95,14159,United Kingdom
2,573369,21977,PACK OF 60 PINK PAISLEY CAKE CASES,1,2011-10-30 13:19:00,0.55,16049,United Kingdom
2,573373,22417,PACK OF 60 SPACEBOY CAKE CASES,1,2011-10-30 13:37:00,0.55,14684,United Kingdom
2,573396,20914,SET/5 RED RETROSPOT LID GLASS BOWLS,1,2011-10-30 15:13:00,2.95,14723,United Kingdom
2,573414,84192,ASSORTED COLOUR METAL CAT ,3,2011-10-30 16:15:00,1.25,16877,United Kingdom
2,573876,22279,POCKET BAG BLUE PAISLEY RED SPOT,1,2011-11-01 12:48:00,1.25,16360,United Kingdom
2,574240,22470,HEART OF WICKER LARGE,1,2011-11-03 12:45:00,2.95,15998,United Kingdom
2,574481,21559,STRAWBERRY LUNCH BOX WITH CUTLERY,1,2011-11-04 12:45:00,2.55,18022,United Kingdom
2,574575,23535,WALL ART BICYCLE SAFETY,1,2011-11-04 17:03:00,5.95,14971,United Kingdom
2,574700,23173,REGENCY TEAPOT ROSES ,1,2011-11-06 13:53:00,9.95,16033,United Kingdom
2,574704,84946,ANTIQUE SILVER T-LIGHT GLASS,6,2011-11-06 14:02:00,1.25,15696,United Kingdom
2,574722,22078,RIBBON REEL LACE DESIGN ,1,2011-11-06 14:45:00,2.1,14502,United Kingdom
2,574743,23242,TREASURE TIN BUFFALO BILL ,1,2011-11-06 16:14:00,2.08,15351,United Kingdom
2,574882,23525,WALL ART BUFFALO BILL ,1,2011-11-07 13:45:00,3.75,13599,United Kingdom
2,574965,22440,BALLOON WATER BOMB PACK OF 35,2,2011-11-08 10:44:00,0.42,17964,United Kingdom
2,575117,84991,60 TEATIME FAIRY CAKE CASES,1,2011-11-08 14:22:00,0.55,12748,United Kingdom
2,575491,22749,FELTCRAFT PRINCESS CHARLOTTE DOLL,1,2011-11-09 17:47:00,3.75,15531,United Kingdom
2,575668,21790,VINTAGE SNAP CARDS,1,2011-11-10 14:59:00,0.85,18283,United Kingdom
2,561661,22289,HANGING METAL CHICKEN DECORATION,2,2011-07-28 16:21:00,1.25,12743,Unspecified
2,562711,21158,MOODY GIRL DOOR HANGER ,1,2011-08-08 14:53:00,0.39,16788,United Kingdom
2,563354,23300,GARDENERS KNEELING PAD CUP OF TEA ,1,2011-08-15 14:35:00,1.65,15271,United Kingdom
2,564719,22951,60 CAKE CASES DOLLY GIRL DESIGN,1,2011-08-28 11:55:00,0.55,15325,United Kingdom
2,564727,22557,PLASTERS IN TIN VINTAGE PAISLEY ,1,2011-08-28 12:31:00,1.65,16686,United Kingdom
2,564739,23004,TRAVEL CARD WALLET PANTRY,6,2011-08-28 14:28:00,0.42,16931,United Kingdom
2,565141,22978,PANTRY ROLLING PIN,1,2011-09-01 13:40:00,3.75,17841,United Kingdom
2,565152,22208,WOOD STAMP SET THANK YOU,1,2011-09-01 14:42:00,0.83,17799,United Kingdom
2,565401,22360,GLASS JAR ENGLISH CONFECTIONERY,1,2011-09-02 17:38:00,2.95,16686,United Kingdom
2,537131,22810,SET OF 6 T-LIGHTS SNOWMEN,6,2010-12-05 12:26:00,2.95,15716,United Kingdom
2,540953,84991,60 TEATIME FAIRY CAKE CASES,1,2011-01-12 13:16:00,0.55,14587,United Kingdom
2,566434,22973,"CHILDREN'S CIRCUS PARADE MUG",6,2011-09-12 15:01:00,1.65,17090,United Kingdom
2,566451,21636,MADRAS NOTEBOOK MEDIUM,2,2011-09-12 16:14:00,0.75,18069,United Kingdom
2,566601,23329,DECORATIVE WICKER HEART LARGE,1,2011-09-13 15:57:00,1.65,16469,United Kingdom
2,566601,21866,UNION JACK FLAG LUGGAGE TAG,1,2011-09-13 15:57:00,1.25,16469,United Kingdom
2,567183,22829,SWEETHEART WIRE WALL TIDY,1,2011-09-18 15:32:00,9.95,14769,United Kingdom
2,567185,21931,JUMBO STORAGE BAG SUKI,1,2011-09-18 15:55:00,2.08,16370,United Kingdom
2,568050,84997D,CHILDRENS CUTLERY POLKADOT PINK,1,2011-09-23 12:38:00,4.15,15901,United Kingdom
2,568141,22150,3 STRIPEY MICE FELTCRAFT,1,2011-09-25 11:21:00,1.95,16326,United Kingdom
2,568186,22512,DOORSTOP RACING CAR DESIGN,1,2011-09-25 14:08:00,3.75,17837,United Kingdom
2,566290,22280,POCKET BAG PINK PAISELY BROWN SPOT,1,2011-09-11 15:24:00,1.25,14456,United Kingdom
2,568938,22574,HEART WOODEN CHRISTMAS DECORATION,3,2011-09-29 14:46:00,0.85,17220,United Kingdom
2,536409,21866,UNION JACK FLAG LUGGAGE TAG,1,2010-12-01 11:45:00,1.25,17908,United Kingdom
2,536531,21498,RED RETROSPOT WRAP ,25,2010-12-01 13:23:00,0.42,15485,United Kingdom
2,536569,21809,CHRISTMAS HANGING TREE WITH BELL,1,2010-12-01 15:35:00,1.25,16274,United Kingdom
2,536749,22441,GROW YOUR OWN BASIL IN ENAMEL MUG,1,2010-12-02 13:49:00,2.1,17976,United Kingdom
2,536796,22561,WOODEN SCHOOL COLOURING SET,1,2010-12-02 15:46:00,1.65,15574,United Kingdom
2,536874,84987,SET OF 36 TEATIME PAPER DOILIES,1,2010-12-03 11:35:00,1.45,16891,United Kingdom
2,537042,22666,RECIPE BOX PANTRY YELLOW DESIGN,1,2010-12-05 10:45:00,2.95,13838,United Kingdom
2,565766,22896,PEG BAG APPLES DESIGN,1,2011-09-06 14:23:00,2.55,17841,United Kingdom
2,537140,84827,ASS DES PHONE SPONGE CRAFT STICKER,1,2010-12-05 12:53:00,0.65,12748,United Kingdom
2,537224,21187,WHITE BELL HONEYCOMB PAPER GARLAND ,2,2010-12-05 16:24:00,1.65,13174,United Kingdom
2,537369,21693,SMALL HAMMERED SILVER CANDLEPOT ,6,2010-12-06 12:41:00,2.95,17860,United Kingdom
2,537421,22585,PACK OF 6 BIRDY GIFT TAGS,1,2010-12-06 15:25:00,1.25,17218,United Kingdom
2,565664,22083,PAPER CHAIN KIT RETROSPOT,40,2011-09-05 17:36:00,2.55,13211,United Kingdom
2,537781,84879,ASSORTED COLOUR BIRD ORNAMENT,8,2010-12-08 12:46:00,1.69,17341,United Kingdom
2,538035,20728,LUNCH BAG CARS BLUE,3,2010-12-09 13:03:00,1.65,16065,United Kingdom
2,538510,48173C,DOORMAT BLACK FLOCK ,1,2010-12-12 13:47:00,7.95,18004,United Kingdom
2,538951,22384,LUNCH BAG PINK POLKADOT,1,2010-12-15 11:26:00,1.65,16782,United Kingdom
2,539317,22051,BLUE SCANDINAVIAN PAISLEY WRAP,25,2010-12-16 19:04:00,0.42,17392,United Kingdom
2,539321,84050,PINK HEART SHAPE EGG FRYING PAN,1,2010-12-16 19:19:00,1.65,14723,United Kingdom
2,539475,85227,SET OF 6 3D KIT CARDS FOR KIDS,1,2010-12-19 14:41:00,0.85,16686,United Kingdom
2,543812,22667,RECIPE BOX RETROSPOT ,1,2011-02-13 14:40:00,2.95,17472,United Kingdom
2,541094,21174,POTTERING IN THE SHED METAL SIGN,2,2011-01-13 13:36:00,1.95,13246,United Kingdom
2,541838,84946,ANTIQUE SILVER TEA GLASS ETCHED,6,2011-01-23 10:43:00,1.25,12916,United Kingdom
2,541975,22454,MEASURING TAPE BABUSHKA RED,24,2011-01-24 14:24:00,2.95,,Hong Kong
2,542608,22294,HEART FILIGREE DOVE  SMALL,2,2011-01-30 13:51:00,1.25,16770,United Kingdom
2,542898,22196,SMALL HEART MEASURING SPOONS,1,2011-02-01 14:01:00,0.85,16110,United Kingdom
2,543036,22139,RETROSPOT TEA SET CERAMIC 11 PC ,2,2011-02-02 15:57:00,4.95,17223,United Kingdom
2,543040,22558,CLOTHES PEGS RETROSPOT PACK 24 ,1,2011-02-02 17:06:00,1.49,17337,United Kingdom
2,543281,22432,WATERING CAN PINK BUNNY,1,2011-02-06 15:34:00,1.95,14606,United Kingdom
2,568517,22093,MOTORING TISSUE BOX,1,2011-09-27 12:52:00,0.39,14456,United Kingdom
2,551152,21814,HEART T-LIGHT HOLDER ,3,2011-04-26 14:47:00,1.45,13230,United Kingdom
2,550651,22521,CHILDS GARDEN TROWEL PINK,1,2011-04-19 16:52:00,0.85,15436,United Kingdom
2,550632,21165,BEWARE OF THE CAT METAL SIGN ,1,2011-04-19 14:56:00,1.69,16907,United Kingdom
2,550512,23207,LUNCH BAG ALPHABET DESIGN,1,2011-04-18 16:31:00,1.65,18069,United Kingdom
2,550331,23158,SET OF 5 LUCKY CAT MAGNETS ,1,2011-04-17 13:43:00,2.08,15555,United Kingdom
2,549714,72741,GRAND CHOCOLATECANDLE,2,2011-04-11 14:13:00,1.45,,United Kingdom
2,548712,22625,RED KITCHEN SCALES,1,2011-04-03 14:42:00,8.5,17050,United Kingdom
2,548670,21975,PACK OF 60 DINOSAUR CAKE CASES,1,2011-04-01 15:37:00,0.55,15356,United Kingdom
2,548666,23193,BUFFALO BILL TREASURE BOOK BOX,3,2011-04-01 14:58:00,2.25,13124,United Kingdom
2,548313,22502,PICNIC BASKET WICKER SMALL,1,2011-03-30 12:15:00,5.95,15353,United Kingdom
2,547663,22191,IVORY DINER WALL CLOCK,1,2011-03-24 13:16:00,8.5,16022,United Kingdom
2,547498,84596B,SMALL DOLLY MIX DESIGN ORANGE BOWL,1,2011-03-23 12:24:00,0.42,15021,United Kingdom
2,547374,22722,SET OF 6 SPICE TINS PANTRY DESIGN,1,2011-03-22 13:54:00,3.95,16110,United Kingdom
2,547063,22772,PINK DRAWER KNOB ACRYLIC EDWARDIAN,24,2011-03-20 13:33:00,1.25,14769,United Kingdom
2,546850,22029,SPACEBOY BIRTHDAY CARD,12,2011-03-17 13:20:00,0.42,13268,United Kingdom
2,546731,21977,PACK OF 60 PINK PAISLEY CAKE CASES,24,2011-03-16 11:39:00,0.55,13089,United Kingdom
2,565445,22573,STAR WOODEN CHRISTMAS DECORATION,5,2011-09-04 14:50:00,0.85,13548,United Kingdom
2,575895,22951,60 CAKE CASES DOLLY GIRL DESIGN,1,2011-11-11 14:50:00,0.55,17052,United Kingdom
2,580884,22509,SEWING BOX RETROSPOT DESIGN ,1,2011-12-06 12:21:00,3.95,15907,United Kingdom
2,576695,23581,JUMBO BAG PAISLEY PARK,1,2011-11-16 12:25:00,2.08,16469,United Kingdom
2,576830,22273,FELTCRAFT DOLL MOLLY,1,2011-11-16 14:54:00,2.95,14898,United Kingdom
2,576857,23330,DECORATIVE WICKER HEART MEDIUM,1,2011-11-16 15:52:00,1.25,12748,United Kingdom
2,576857,23120,PACK OF 6 SMALL FRUIT STRAWS,1,2011-11-16 15:52:00,0.42,12748,United Kingdom
2,577317,22383,LUNCH BAG SUKI DESIGN ,1,2011-11-18 13:33:00,1.65,16426,United Kingdom
2,577482,20727,LUNCH BAG  BLACK SKULL.,5,2011-11-20 11:43:00,1.65,16762,United Kingdom
2,577493,22384,LUNCH BAG PINK POLKADOT,3,2011-11-20 12:13:00,1.65,17323,United Kingdom
2,578074,21620,SET OF 4 ROSE BOTANICAL CANDLES,1,2011-11-22 16:06:00,1.25,17590,United Kingdom
2,578262,22383,LUNCH BAG SUKI DESIGN ,1,2011-11-23 13:27:00,1.65,18283,United Kingdom
2,578273,22554,PLASTERS IN TIN WOODLAND ANIMALS,1,2011-11-23 13:41:00,1.65,14335,Germany
2,578289,23275,SET OF 3 HANGING OWLS OLLIE BEAK,1,2011-11-23 14:07:00,1.25,17841,United Kingdom
2,578420,48111,DOORMAT 3 SMILEY CATS,2,2011-11-24 11:57:00,8.25,16326,United Kingdom
2,578781,22210,WOOD STAMP SET BEST WISHES,1,2011-11-25 11:54:00,0.83,15872,United Kingdom
2,578901,21034,REX CASH+CARRY JUMBO SHOPPER,1,2011-11-27 11:47:00,0.95,17812,United Kingdom
2,578941,16238,PARTY TIME PENCIL ERASERS,1,2011-11-27 13:26:00,0.21,16024,United Kingdom
2,578998,22555,PLASTERS IN TIN STRONGMAN,1,2011-11-27 16:05:00,1.65,15436,United Kingdom
2,576600,84755,COLOUR GLASS T-LIGHT HOLDER HANGING,8,2011-11-15 15:08:00,0.65,18181,United Kingdom
2,579171,22988,SOLDIERS EGG CUP ,12,2011-11-28 14:30:00,1.25,13030,United Kingdom
2,575895,84347,ROTATING SILVER ANGELS T-LIGHT HLDR,2,2011-11-11 14:50:00,2.55,17052,United Kingdom
2,579458,23002,TRAVEL CARD WALLET SKULLS,1,2011-11-29 14:38:00,0.42,16549,United Kingdom
2,580128,23453,OVAL  MINI PORTRAIT FRAME,4,2011-12-01 17:56:00,1.95,17576,United Kingdom
2,580399,22625,RED KITCHEN SCALES,1,2011-12-04 11:45:00,8.5,13471,United Kingdom
2,580469,22345,PARTY PIZZA DISH BLUE POLKADOT,3,2011-12-04 12:32:00,0.19,14583,United Kingdom
2,580520,22952,60 CAKE CASES VINTAGE CHRISTMAS,1,2011-12-04 14:55:00,0.55,13521,United Kingdom
2,580611,23200,JUMBO BAG PEARS,1,2011-12-05 11:49:00,2.08,12748,United Kingdom
2,576686,22355,CHARLOTTE BAG SUKI DESIGN,1,2011-11-16 12:08:00,0.85,16916,United Kingdom
2,581173,75049L,LARGE CIRCULAR MIRROR MOBILE,6,2011-12-07 15:07:00,1.25,17870,United Kingdom
2,544462,22624,IVORY KITCHEN SCALES,1,2011-02-20 14:21:00,8.5,17050,United Kingdom
2,545071,85036A,GARDENIA 1 WICK MORRIS BOXED CANDLE,1,2011-02-27 15:59:00,4.25,15996,United Kingdom
2,547063,22396,MAGNETS PACK OF 4 RETRO PHOTO,1,2011-03-20 13:33:00,1.25,14769,United Kingdom
2,547063,22120,WELCOME  WOODEN BLOCK LETTERS,1,2011-03-20 13:33:00,9.95,14769,United Kingdom
2,547651,85014B,RED RETROSPOT UMBRELLA,1,2011-03-24 12:11:00,5.95,16904,United Kingdom
2,C547725,22924,FRIDGE MAGNETS LA VIE EN ROSE,-72,2011-03-25 10:43:00,0.85,,United Kingdom
2,548388,21382,SET/4 SPRING FLOWER DECORATION,4,2011-03-30 16:52:00,2.95,13268,United Kingdom
2,549275,84751B,BLACK MEDIUM GLASS CAKE STAND,2,2011-04-07 13:09:00,0.79,15916,United Kingdom
2,C550165,22962,JAM JAR WITH PINK LID,-1,2011-04-14 16:34:00,0.85,15358,United Kingdom
2,550322,21558,SKULL LUNCH BOX WITH CUTLERY ,1,2011-04-17 12:53:00,2.55,14524,United Kingdom
2,550632,22243,5 HOOK HANGER RED MAGIC TOADSTOOL,1,2011-04-19 14:56:00,1.65,16907,United Kingdom
2,552265,22746,"POPPY'S PLAYHOUSE LIVINGROOM ",1,2011-05-08 11:41:00,2.1,14161,United Kingdom
2,552265,23206,LUNCH BAG APPLE DESIGN,2,2011-05-08 11:41:00,1.65,14161,United Kingdom
2,552277,20754,RETROSPOT RED WASHING UP GLOVES,1,2011-05-08 12:34:00,2.1,13642,United Kingdom
2,553553,23202,JUMBO BAG VINTAGE LEAF,10,2011-05-17 16:32:00,1.95,16156,United Kingdom
2,553657,21559,STRAWBERRY LUNCH BOX WITH CUTLERY,1,2011-05-18 11:28:00,2.55,14583,United Kingdom
2,554980,22749,FELTCRAFT PRINCESS CHARLOTTE DOLL,1,2011-05-29 11:59:00,3.75,17613,United Kingdom
2,555524,23173,REGENCY TEAPOT ROSES ,1,2011-06-05 11:37:00,9.95,16923,United Kingdom
2,556910,20984,12 PENCILS TALL TUBE POSY,24,2011-06-15 13:25:00,0.29,12748,United Kingdom
2,556926,21381,MINI WOODEN HAPPY BIRTHDAY GARLAND,1,2011-06-15 14:26:00,1.69,16324,United Kingdom
2,557892,23307,SET OF 60 PANTRY DESIGN CAKE CASES ,1,2011-06-23 14:11:00,0.55,14534,United Kingdom
2,557956,85099F,JUMBO BAG STRAWBERRY,1,2011-06-23 19:20:00,2.08,18283,United Kingdom
2,559665,22553,PLASTERS IN TIN SKULLS,2,2011-07-11 13:35:00,1.65,12556,Spain
2,560018,79144C,PAINTED LIGHTBULB RAINBOW DESIGN,1,2011-07-14 12:52:00,0.42,15987,United Kingdom
2,560833,23322,LARGE WHITE HEART OF WICKER,1,2011-07-21 12:14:00,2.95,16891,United Kingdom
2,569261,22469,HEART OF WICKER SMALL,1,2011-10-03 11:34:00,1.65,17321,United Kingdom
2,569261,22620,4 TRADITIONAL SPINNING TOPS,1,2011-10-03 11:34:00,1.45,17321,United Kingdom
2,569521,20977,36 PENCILS TUBE WOODLAND,1,2011-10-04 14:33:00,1.25,16474,United Kingdom
2,569669,22554,PLASTERS IN TIN WOODLAND ANIMALS,1,2011-10-05 13:47:00,1.65,14730,United Kingdom
2,569669,21385,IVORY HANGING DECORATION  HEART,1,2011-10-05 13:47:00,0.85,14730,United Kingdom
2,569823,23319,"BOX OF 6 MINI 50'S CRACKERS",2,2011-10-06 12:15:00,2.49,16895,United Kingdom
2,569897,21380,WOODEN HAPPY BIRTHDAY GARLAND,1,2011-10-06 16:01:00,2.95,17813,United Kingdom
2,570827,23241,TREASURE TIN GYMKHANA DESIGN,1,2011-10-12 13:14:00,2.08,15831,United Kingdom
2,571054,23139,SINGLE WIRE HOOK PINK HEART,1,2011-10-13 13:58:00,1.45,14234,United Kingdom
2,571054,23220,REINDEER HEART DECORATION GOLD,1,2011-10-13 13:58:00,0.83,14234,United Kingdom
2,571178,23194,GYMKHANA TREASURE BOOK BOX,1,2011-10-14 10:38:00,2.25,14089,United Kingdom
2,572285,21391,FRENCH LAVENDER SCENT HEART,3,2011-10-23 12:16:00,0.75,14698,United Kingdom
2,572318,21212,PACK OF 72 RETROSPOT CAKE CASES,1,2011-10-23 16:19:00,0.55,15436,United Kingdom
2,572662,22730,ALARM CLOCK BAKELIKE IVORY,1,2011-10-25 12:54:00,3.75,15443,United Kingdom
2,572880,20758,ABSTRACT CIRCLES POCKET BOOK,3,2011-10-26 13:35:00,0.85,16415,United Kingdom
2,572880,84596B,SMALL DOLLY MIX DESIGN ORANGE BOWL,1,2011-10-26 13:35:00,0.42,16415,United Kingdom
2,573038,21368,MIRRORED WALL ART LADIES,1,2011-10-27 13:48:00,0.75,17545,United Kingdom
2,573151,23366,SET 12 COLOURING PENCILS DOILY,4,2011-10-27 20:09:00,0.65,17602,United Kingdom
2,573872,23275,SET OF 3 HANGING OWLS OLLIE BEAK,12,2011-11-01 12:35:00,1.25,17243,United Kingdom
2,573876,84030E,ENGLISH ROSE HOT WATER BOTTLE,1,2011-11-01 12:48:00,4.25,16360,United Kingdom
2,574063,21015,DARK BIRD HOUSE TREE DECORATION,2,2011-11-02 14:31:00,0.29,13271,United Kingdom
2,574063,22340,NOEL GARLAND PAINTED ZINC ,1,2011-11-02 14:31:00,0.39,13271,United Kingdom
2,574080,23008,DOLLY GIRL BABY GIFT SET,1,2011-11-02 16:29:00,16.95,16348,United Kingdom
2,574304,23348,CHILDRENS TOY COOKING UTENSIL SET,1,2011-11-03 16:30:00,2.08,14428,United Kingdom
2,574340,84380,SET OF 3 BUTTERFLY COOKIE CUTTERS,1,2011-11-04 10:08:00,1.45,17377,United Kingdom
2,574714,22620,4 TRADITIONAL SPINNING TOPS,1,2011-11-06 14:29:00,1.45,15427,United Kingdom
2,574852,22059,CERAMIC STRAWBERRY DESIGN MUG,1,2011-11-07 12:04:00,1.49,15493,United Kingdom
2,575063,21930,JUMBO STORAGE BAG SKULLS,1,2011-11-08 12:32:00,2.08,16764,United Kingdom
2,575337,22905,CALENDAR IN SEASON DESIGN,1,2011-11-09 14:11:00,2.95,17867,United Kingdom
2,575491,21164,HOME SWEET HOME METAL SIGN ,1,2011-11-09 17:47:00,2.95,15531,United Kingdom
2,575760,22659,LUNCH BOX I LOVE LONDON,1,2011-11-11 10:50:00,1.95,15965,United Kingdom
2,575843,23582,VINTAGE DOILY JUMBO BAG RED ,1,2011-11-11 12:02:00,2.08,14446,United Kingdom
2,561099,22804,CANDLEHOLDER PINK HANGING HEART,1,2011-07-25 11:01:00,2.95,14100,United Kingdom
2,561626,23321,SMALL WHITE HEART OF WICKER,2,2011-07-28 14:03:00,1.65,14898,United Kingdom
2,562540,21162,TOXIC AREA  DOOR HANGER ,3,2011-08-05 15:38:00,0.39,17400,United Kingdom
2,562549,22750,FELTCRAFT PRINCESS LOLA DOLL,1,2011-08-05 16:10:00,3.75,17092,United Kingdom
2,562558,22383,LUNCH BAG SUKI DESIGN ,1,2011-08-05 16:43:00,1.65,13451,United Kingdom
2,562593,21982,PACK OF 12 SUKI TISSUES ,4,2011-08-07 15:43:00,0.29,16549,United Kingdom
2,563915,23160,REGENCY TEA SPOON,12,2011-08-21 13:24:00,1.25,14224,United Kingdom
2,563924,22868,NUMBER TILE COTTAGE GARDEN 0 ,1,2011-08-21 14:32:00,1.95,15984,United Kingdom
2,564747,84030E,ENGLISH ROSE HOT WATER BOTTLE,1,2011-08-28 16:09:00,4.25,14869,United Kingdom
2,564843,21135,VICTORIAN  METAL POSTCARD SPRING,1,2011-08-30 14:09:00,1.69,15866,United Kingdom
2,565398,23154,SET OF 4 JAM JAR MAGNETS,12,2011-09-02 16:50:00,2.08,15856,United Kingdom
2,565541,22091,EMPIRE TISSUE BOX,2,2011-09-05 12:00:00,0.39,14159,United Kingdom
2,566290,22327,ROUND SNACK BOXES SET OF 4 SKULLS,1,2011-09-11 15:24:00,2.95,14456,United Kingdom
2,566932,22666,RECIPE BOX PANTRY YELLOW DESIGN,1,2011-09-15 15:29:00,2.95,17576,United Kingdom
2,567170,22993,SET OF 4 PANTRY JELLY MOULDS,1,2011-09-18 12:40:00,1.25,13566,United Kingdom
2,567183,21534,DAIRY MAID LARGE MILK JUG,1,2011-09-18 15:33:00,4.95,14769,United Kingdom
2,567462,23309,SET OF 60 I LOVE LONDON CAKE CASES ,1,2011-09-20 12:35:00,0.55,14446,United Kingdom
2,567792,23340,VINTAGE CHRISTMAS CAKE FRILL,12,2011-09-22 11:40:00,1.65,17581,United Kingdom
2,568212,23274,STAR T-LIGHT HOLDER WILLIE WINKIE,1,2011-09-25 16:05:00,1.65,15154,United Kingdom
2,568709,20961,STRAWBERRY BATH SPONGE ,2,2011-09-28 15:42:00,1.25,15036,United Kingdom
2,568712,22077,6 RIBBONS RUSTIC CHARM,1,2011-09-28 15:50:00,1.95,17841,United Kingdom
2,536412,85184C,S/4 VALENTINE DECOUPAGE HEART BOX,1,2010-12-01 11:49:00,2.95,17920,United Kingdom
2,537192,22386,JUMBO BAG PINK POLKADOT,1,2010-12-05 13:42:00,1.95,16402,United Kingdom
2,537196,21903,MAN FLU METAL SIGN,1,2010-12-05 13:55:00,2.1,15426,United Kingdom
2,537534,22520,CHILDS GARDEN TROWEL BLUE ,1,2010-12-07 11:48:00,0.0,,United Kingdom
2,537646,21034,REX CASH+CARRY JUMBO SHOPPER,1,2010-12-07 15:39:00,0.95,17591,United Kingdom
2,538419,21380,WOODEN HAPPY BIRTHDAY GARLAND,1,2010-12-12 12:01:00,2.95,16367,United Kingdom
2,538517,22940,FELTCRAFT CHRISTMAS FAIRY,1,2010-12-12 16:05:00,4.25,17618,United Kingdom
2,538810,84030E,ENGLISH ROSE HOT WATER BOTTLE,1,2010-12-14 12:18:00,4.25,14871,United Kingdom
2,539321,21098,CHRISTMAS TOILET ROLL,2,2010-12-16 19:19:00,1.25,14723,United Kingdom
2,540514,22626,BLACK KITCHEN SCALES,1,2011-01-09 11:43:00,8.5,15708,United Kingdom
2,541238,22722,SET OF 6 SPICE TINS PANTRY DESIGN,1,2011-01-16 10:42:00,3.95,16746,United Kingdom
2,541251,22284,HEN HOUSE DECORATION,12,2011-01-16 13:25:00,1.65,15046,United Kingdom
2,541604,21122,SET/10 PINK POLKADOT PARTY CANDLES,1,2011-01-19 17:23:00,1.25,14572,United Kingdom
2,541985,22588,CARD HOLDER GINGHAM HEART,2,2011-01-24 15:52:00,2.55,15052,United Kingdom
2,542107,21756,BATH BUILDING BLOCK WORD,1,2011-01-25 13:38:00,5.95,16222,United Kingdom
2,542107,21668,RED STRIPE CERAMIC DRAWER KNOB,6,2011-01-25 13:38:00,1.25,16222,United Kingdom
2,542360,22766,PHOTO FRAME CORNICE,4,2011-01-27 12:40:00,2.95,14701,United Kingdom
2,542398,22789,T-LIGHT HOLDER SWEETHEART HANGING,4,2011-01-27 15:36:00,1.95,13174,United Kingdom
2,542422,84978,HANGING HEART JAR T-LIGHT HOLDER,6,2011-01-27 19:33:00,1.25,14702,United Kingdom
2,542607,21535,RED RETROSPOT SMALL MILK JUG,1,2011-01-30 13:48:00,2.55,13148,United Kingdom
2,542617,22566,FELTCRAFT HAIRBAND PINK AND PURPLE,1,2011-01-30 15:48:00,0.85,17463,United Kingdom
2,542898,37446,MINI CAKE STAND WITH HANGING CAKES,1,2011-02-01 14:01:00,1.45,16110,United Kingdom
2,543040,22315,200 RED + WHITE BENDY STRAWS,1,2011-02-02 17:06:00,1.25,17337,United Kingdom
2,543235,85061W,WHITE JEWELLED HEART DECORATION,1,2011-02-04 13:30:00,0.85,14462,United Kingdom
2,543397,16011,ANIMAL STICKERS,24,2011-02-08 10:32:00,0.21,17859,United Kingdom
2,543631,21535,RED RETROSPOT SMALL MILK JUG,2,2011-02-10 16:17:00,2.55,14081,United Kingdom
2,543641,22645,CERAMIC HEART FAIRY CAKE MONEY BANK,4,2011-02-10 17:19:00,1.45,14555,United Kingdom
2,544177,21754,HOME BUILDING BLOCK WORD,3,2011-02-16 14:27:00,5.95,13001,United Kingdom
2,575935,23309,SET OF 60 I LOVE LONDON CAKE CASES ,24,2011-11-13 11:20:00,0.55,17838,United Kingdom
2,575957,21034,REX CASH+CARRY JUMBO SHOPPER,1,2011-11-13 12:19:00,0.95,13170,United Kingdom
2,576071,22384,LUNCH BAG PINK POLKADOT,1,2011-11-13 16:03:00,1.65,18069,United Kingdom
2,576212,23193,BUFFALO BILL TREASURE BOOK BOX,1,2011-11-14 12:45:00,2.25,18082,United Kingdom
2,576274,22423,REGENCY CAKESTAND 3 TIER,1,2011-11-14 14:24:00,12.75,17793,United Kingdom
2,576463,23159,SET OF 5 PANCAKE DAY MAGNETS,1,2011-11-15 11:37:00,2.08,17974,United Kingdom
2,576841,21617,4 LILY  BOTANICAL DINNER CANDLES,1,2011-11-16 15:26:00,1.25,17368,United Kingdom
2,577034,51014C,"FEATHER PEN,COAL BLACK",12,2011-11-17 13:16:00,0.39,12847,United Kingdom
2,577057,23298,SPOTTY BUNTING,1,2011-11-17 14:26:00,4.95,12748,United Kingdom
2,577106,84519B,CARROT CHARLIE+LOLA COASTER SET,1,2011-11-17 17:18:00,1.25,14456,United Kingdom
2,577337,23313,VINTAGE CHRISTMAS BUNTING,2,2011-11-18 14:51:00,4.95,15494,United Kingdom
2,577504,23581,JUMBO BAG PAISLEY PARK,1,2011-11-20 12:36:00,2.08,14159,United Kingdom
2,578074,21328,BALLOONS  WRITING SET ,1,2011-11-22 16:06:00,1.65,17590,United Kingdom
2,578155,22866,HAND WARMER SCOTTY DOG DESIGN,1,2011-11-23 11:32:00,2.1,12748,United Kingdom
2,578211,21865,PINK UNION JACK  PASSPORT COVER ,1,2011-11-23 11:47:00,2.1,12748,United Kingdom
2,578325,22303,COFFEE MUG APPLES DESIGN,6,2011-11-23 17:43:00,2.55,16343,United Kingdom
2,578688,22679,FRENCH BLUE METAL DOOR SIGN 4,1,2011-11-25 09:27:00,1.25,16719,United Kingdom
2,578781,22757,LARGE RED BABUSHKA NOTEBOOK ,1,2011-11-25 11:54:00,1.25,15872,United Kingdom
2,578824,23480,MINI LIGHTS WOODLAND MUSHROOMS,1,2011-11-25 14:02:00,3.75,17883,United Kingdom
2,578852,21976,PACK OF 60 MUSHROOM CAKE CASES,1,2011-11-27 11:12:00,0.55,17841,United Kingdom
2,578926,22940,FELTCRAFT CHRISTMAS FAIRY,1,2011-11-27 12:24:00,4.25,18156,United Kingdom
2,578950,23569,TRADTIONAL ALPHABET STAMP SET,1,2011-11-27 14:40:00,4.95,17885,United Kingdom
2,579145,16238,PARTY TIME PENCIL ERASERS,1,2011-11-28 13:13:00,0.21,14597,United Kingdom
2,579711,84876B,GREEN HEART COMPACT MIRROR,1,2011-11-30 14:17:00,1.25,15060,United Kingdom
2,580848,22619,SET OF 6 SOLDIER SKITTLES,1,2011-12-06 11:51:00,3.75,18005,United Kingdom
2,581142,22533,MAGIC DRAWING SLATE BAKE A CAKE ,5,2011-12-07 13:38:00,0.42,14204,United Kingdom
2,581425,21231,SWEETHEART CERAMIC TRINKET BOX,4,2011-12-08 15:31:00,1.25,14796,United Kingdom
2,581538,23275,SET OF 3 HANGING OWLS OLLIE BEAK,1,2011-12-09 11:34:00,1.25,14446,United Kingdom
2,544293,22355,CHARLOTTE BAG SUKI DESIGN,1,2011-02-17 12:42:00,0.85,17954,United Kingdom
2,544569,22286,"DECORATION , WOBBLY RABBIT , METAL ",12,2011-02-21 12:58:00,1.65,16980,United Kingdom
2,544634,22432,WATERING CAN PINK BUNNY,1,2011-02-22 11:02:00,1.95,17994,United Kingdom
2,545066,22441,GROW YOUR OWN BASIL IN ENAMEL MUG,1,2011-02-27 14:44:00,2.1,13610,United Kingdom
2,545085,22625,RED KITCHEN SCALES,1,2011-02-28 11:19:00,8.5,15039,United Kingdom
2,545166,84832,ZINC WILLIE WINKIE  CANDLE STICK,1,2011-02-28 14:03:00,0.85,17027,United Kingdom
2,545523,22349,DOG BOWL CHASING BALL DESIGN,2,2011-03-03 12:41:00,3.75,14524,United Kingdom
2,545687,85197,SET OF 12 MINI BUNNIES IN A BUCKET,1,2011-03-06 12:20:00,2.1,17769,United Kingdom
2,545696,21527,RED RETROSPOT TRADITIONAL TEAPOT ,1,2011-03-06 14:21:00,7.95,15696,United Kingdom
2,545901,84279B,CHERRY BLOSSOM DECORATIVE FLASK,1,2011-03-07 17:52:00,3.75,15834,United Kingdom
2,545901,21461,BLUE EASTER EGG HUNT START POST,1,2011-03-07 17:52:00,1.95,15834,United Kingdom
2,546466,20727,LUNCH BAG  BLACK SKULL.,1,2011-03-14 11:04:00,1.65,18118,United Kingdom
2,546498,21524,DOORMAT SPOTTY HOME SWEET HOME,1,2011-03-14 11:44:00,7.95,15493,United Kingdom
2,546502,21658,GLASS  BEURRE DISH,1,2011-03-14 11:46:00,3.95,16005,United Kingdom
2,547374,22268,EASTER DECORATION SITTING BUNNY,1,2011-03-22 13:54:00,0.85,16110,United Kingdom
2,547498,22384,LUNCH BAG PINK POLKADOT,1,2011-03-23 12:24:00,1.65,15021,United Kingdom
2,547651,22431,WATERING CAN BLUE ELEPHANT,1,2011-03-24 12:11:00,1.95,16904,United Kingdom
2,547689,22427,ENAMEL FLOWER JUG CREAM,2,2011-03-24 14:55:00,5.95,17757,United Kingdom
2,547809,21990,MODERN FLORAL STATIONERY SET,1,2011-03-25 13:54:00,2.95,12748,United Kingdom
2,548309,22045,SPACEBOY GIFT WRAP,25,2011-03-30 12:02:00,0.42,16657,United Kingdom
2,548714,22956,36 FOIL HEART CAKE CASES,1,2011-04-03 15:07:00,2.1,17337,United Kingdom
2,549262,22960,JAM MAKING SET WITH JARS,1,2011-04-07 12:38:00,4.25,14465,United Kingdom
2,549558,22979,PANTRY WASHING UP BRUSH,1,2011-04-10 13:21:00,1.45,15058,United Kingdom
2,549566,22961,JAM MAKING SET PRINTED,1,2011-04-10 14:27:00,1.45,13610,United Kingdom
2,550196,22649,STRAWBERRY FAIRY CAKE TEAPOT,1,2011-04-15 10:09:00,4.95,14796,United Kingdom
2,550301,22464,HANGING METAL HEART LANTERN,6,2011-04-17 10:15:00,1.65,17243,United Kingdom
2,550389,22970,LONDON BUS COFFEE MUG,2,2011-04-18 11:53:00,2.55,17284,United Kingdom
2,550459,72800B, 4 PURPLE FLOCK DINNER CANDLES,1,2011-04-18 13:17:00,2.55,18116,United Kingdom
2,551471,85199S,SMALL HANGING IVORY/RED WOOD BIRD,1,2011-04-28 16:40:00,0.42,16370,United Kingdom
2,552285,84378,SET OF 3 HEART COOKIE CUTTERS,1,2011-05-08 12:58:00,1.25,14684,United Kingdom
2,552295,21890,S/6 WOODEN SKITTLES IN COTTON BAG,1,2011-05-08 14:08:00,3.25,14224,United Kingdom
2,554917,22848,BREAD BIN DINER STYLE PINK,1,2011-05-27 12:29:00,16.95,15104,United Kingdom
2,555558,23206,LUNCH BAG APPLE DESIGN,2,2011-06-05 14:06:00,1.65,14159,United Kingdom
2,555854,22361,GLASS JAR DAISY FRESH COTTON WOOL,1,2011-06-07 13:47:00,2.95,12748,United Kingdom
2,556245,23103,JINGLE BELL HEART DECORATION,2,2011-06-09 16:10:00,1.65,17841,United Kingdom
2,556489,23148,MINIATURE ANTIQUE ROSE HOOK IVORY,3,2011-06-12 13:59:00,0.83,14704,United Kingdom
2,557283,22435,SET OF 9 HEART SHAPED BALLOONS,1,2011-06-19 12:26:00,1.25,16813,United Kingdom
2,557956,23308,SET OF 60 VINTAGE LEAF CAKE CASES ,1,2011-06-23 19:20:00,0.55,18283,United Kingdom
2,558232,21157,RED RETROSPOT WASHBAG,1,2011-06-27 14:30:00,2.1,17841,United Kingdom
2,558751,21078,SET/20 STRAWBERRY PAPER NAPKINS ,3,2011-07-03 11:26:00,0.85,16009,United Kingdom
2,559297,23154,SET OF 4 JAM JAR MAGNETS,12,2011-07-07 12:36:00,2.08,16743,United Kingdom
2,560025,20727,LUNCH BAG  BLACK SKULL.,1,2011-07-14 13:00:00,1.65,18283,United Kingdom
2,560233,47559B,TEA TIME OVEN GLOVE,1,2011-07-17 11:10:00,1.25,16813,United Kingdom
2,560833,23243,SET OF TEA COFFEE SUGAR TINS PANTRY,2,2011-07-21 12:14:00,4.95,16891,United Kingdom
2,560937,22538,MINI JIGSAW GO TO THE FAIR,1,2011-07-22 10:52:00,0.42,17920,United Kingdom
2,561026,23091,ZINC HERB GARDEN CONTAINER,1,2011-07-24 10:49:00,6.25,17265,United Kingdom
2,569212,84879,ASSORTED COLOUR BIRD ORNAMENT,8,2011-10-02 12:05:00,1.69,15164,United Kingdom
2,569261,23341,PINK DINER WALL CLOCK,1,2011-10-03 11:34:00,8.5,17321,United Kingdom
2,569367,23089,GLASS BON BON JAR,1,2011-10-03 15:28:00,1.95,13994,United Kingdom
2,569546,23559,WOODLAND BUNNIES LOLLY MAKERS,1,2011-10-04 16:39:00,2.08,15276,United Kingdom
2,569651,23535,WALL ART BICYCLE SAFETY,1,2011-10-05 12:49:00,5.95,14534,United Kingdom
2,569669,20866,BLUE ROSE FABRIC MIRROR,1,2011-10-05 13:47:00,1.25,14730,United Kingdom
2,570093,22991,GIRAFFE WOODEN RULER,1,2011-10-07 11:55:00,1.95,18096,United Kingdom
2,570223,22495,SET OF 2 ROUND TINS CAMEMBERT ,1,2011-10-09 13:11:00,2.95,15787,United Kingdom
2,570423,22086,"PAPER CHAIN KIT 50'S CHRISTMAS ",3,2011-10-10 13:38:00,2.95,14451,United Kingdom
2,570693,23128,FELTCRAFT BOY JEAN-PAUL KIT,3,2011-10-11 16:50:00,4.95,16161,United Kingdom
2,570818,23266,SET OF 3 WOODEN STOCKING DECORATION,4,2011-10-12 12:47:00,1.25,17841,United Kingdom
2,571270,21733,RED HANGING HEART T-LIGHT HOLDER,3,2011-10-16 12:09:00,2.95,12940,United Kingdom
2,571465,22736,RIBBON REEL MAKING SNOWMEN ,5,2011-10-17 14:29:00,1.65,14830,United Kingdom
2,571883,85032C,CURIOUS IMAGES GIFT WRAP SET,1,2011-10-19 13:58:00,0.65,14704,United Kingdom
2,572092,21379,CAMPHOR WOOD PORTOBELLO MUSHROOM,6,2011-10-20 14:41:00,1.25,17125,United Kingdom
2,572318,23269,SET OF 2 CERAMIC CHRISTMAS TREES,1,2011-10-23 16:19:00,1.45,15436,United Kingdom
2,572318,23307,SET OF 60 PANTRY DESIGN CAKE CASES ,1,2011-10-23 16:19:00,0.55,15436,United Kingdom
2,572669,21158,MOODY GIRL DOOR HANGER ,1,2011-10-25 13:10:00,0.39,16549,United Kingdom
2,572677,22093,MOTORING TISSUE BOX,1,2011-10-25 13:46:00,0.39,17596,United Kingdom
2,572741,84347,ROTATING SILVER ANGELS T-LIGHT HLDR,6,2011-10-25 15:47:00,2.55,14341,United Kingdom
2,573151,22909,SET OF 20 VINTAGE CHRISTMAS NAPKINS,1,2011-10-27 20:09:00,0.85,17602,United Kingdom
2,573286,85150,LADIES & GENTLEMEN METAL SIGN,1,2011-10-28 14:38:00,2.55,,Switzerland
2,573315,22747,"POPPY'S PLAYHOUSE BATHROOM",1,2011-10-28 17:27:00,2.1,17839,United Kingdom
2,573876,35964,FOLKART CLIP ON STARS,1,2011-11-01 12:48:00,0.39,16360,United Kingdom
2,574287,21592,RETROSPOT CIGAR BOX MATCHES ,1,2011-11-03 15:09:00,1.25,14723,United Kingdom
2,574321,20761,BLUE PAISLEY SKETCHBOOK,1,2011-11-03 19:28:00,3.75,16016,United Kingdom
2,574474,21383,PACK OF 12 STICKY BUNNIES,1,2011-11-04 12:05:00,0.65,17979,United Kingdom
2,574726,22553,PLASTERS IN TIN SKULLS,1,2011-11-06 14:56:00,1.65,14664,United Kingdom
2,574852,22063,CERAMIC BOWL WITH STRAWBERRY DESIGN,1,2011-11-07 12:04:00,2.95,15493,United Kingdom
2,574965,22434,BALLOON PUMP WITH 10 BALLOONS,1,2011-11-08 10:44:00,1.95,17964,United Kingdom
2,575046,22558,CLOTHES PEGS RETROSPOT PACK 24 ,1,2011-11-08 12:09:00,1.65,15039,United Kingdom
2,575337,20751,FUNKY WASHING UP GLOVES ASSORTED,1,2011-11-09 14:11:00,2.1,17867,United Kingdom
2,575760,21471,STRAWBERRY RAFFIA FOOD COVER,1,2011-11-11 10:50:00,3.75,15965,United Kingdom
2,561321,23034,DRAWER KNOB CERAMIC BLACK,6,2011-07-26 12:59:00,1.45,13668,United Kingdom
2,561658,21108,FAIRY CAKE FLANNEL ASSORTED COLOUR,1,2011-07-28 16:06:00,2.55,12743,Unspecified
2,562688,21902,"KEY FOB , FRONT  DOOR ",7,2011-08-08 13:53:00,0.65,13869,United Kingdom
2,562936,23093,SMALL PARISIENNE HEART PHOTO FRAME ,1,2011-08-10 17:12:00,2.49,,United Kingdom
2,563200,22723,SET OF 6 HERB TINS SKETCHBOOK,1,2011-08-14 10:49:00,3.95,13838,United Kingdom
2,563555,22086,"PAPER CHAIN KIT 50'S CHRISTMAS ",2,2011-08-17 13:21:00,2.95,16755,United Kingdom
2,564342,22131,FOOD CONTAINER SET 3 LOVE HEART ,1,2011-08-24 14:53:00,1.95,16340,United Kingdom
2,564342,23122,PARTY CHARMS 50 PIECES,1,2011-08-24 14:53:00,0.83,16340,United Kingdom
2,564745,23165,LARGE CERAMIC TOP STORAGE JAR,1,2011-08-28 15:27:00,1.65,16806,United Kingdom
2,566238,23395,BELLE JARDINIERE CUSHION COVER,1,2011-09-11 11:24:00,3.75,17377,United Kingdom
2,566238,21733,RED HANGING HEART T-LIGHT HOLDER,1,2011-09-11 11:24:00,2.95,17377,United Kingdom
2,540247,22956,36 FOIL HEART CAKE CASES,1,2011-01-05 15:56:00,2.1,15464,United Kingdom
2,542107,21672,WHITE SPOT RED CERAMIC DRAWER KNOB,6,2011-01-25 13:38:00,1.25,16222,United Kingdom
2,568141,22141,CHRISTMAS CRAFT TREE TOP ANGEL,1,2011-09-25 11:21:00,2.1,16326,United Kingdom
2,568174,22720,SET OF 3 CAKE TINS PANTRY DESIGN ,1,2011-09-25 13:23:00,4.95,16261,United Kingdom
2,568186,22508,DOORSTOP RETROSPOT HEART,1,2011-09-25 14:08:00,3.75,17837,United Kingdom
2,536409,22111,SCOTTIE DOG HOT WATER BOTTLE,1,2010-12-01 11:45:00,4.95,17908,United Kingdom
2,536409,22866,HAND WARMER SCOTTY DOG DESIGN,1,2010-12-01 11:45:00,2.1,17908,United Kingdom
2,536528,22411,JUMBO SHOPPER VINTAGE RED PAISLEY,1,2010-12-01 13:17:00,1.95,15525,United Kingdom
2,536637,22633,HAND WARMER UNION JACK,1,2010-12-02 11:35:00,2.1,18041,United Kingdom
2,537351,21226,POCKET MIRROR WOODLAND,1,2010-12-06 12:23:00,1.25,16898,United Kingdom
2,567475,22568,FELTCRAFT CUSHION OWL,1,2011-09-20 13:11:00,3.75,16360,United Kingdom
2,537567,21916,SET 12 RETRO WHITE CHALK STICKS,1,2010-12-07 11:59:00,0.42,18119,United Kingdom
2,537769,22564,ALPHABET STENCIL CRAFT,1,2010-12-08 12:17:00,1.25,15021,United Kingdom
2,538510,22812,PACK 3 BOXES CHRISTMAS PANNETONE,1,2010-12-12 13:47:00,1.95,18004,United Kingdom
2,539245,22951,60 CAKE CASES DOLLY GIRL DESIGN,1,2010-12-16 13:25:00,0.55,,United Kingdom
2,539470,22891,TEA FOR ONE POLKADOT,1,2010-12-19 14:03:00,4.25,14472,United Kingdom
2,539475,22274,FELTCRAFT DOLL EMILY,1,2010-12-19 14:41:00,2.95,16686,United Kingdom
2,540043,22112,CHOCOLATE HOT WATER BOTTLE,1,2011-01-04 14:21:00,4.95,15164,United Kingdom
2,567170,23264,SET OF 3 WOODEN SLEIGH DECORATIONS,1,2011-09-18 12:40:00,1.25,13566,United Kingdom
2,540509,22440,BALLOON WATER BOMB PACK OF 35,10,2011-01-09 11:27:00,0.42,14800,United Kingdom
2,567183,23342,MINT DINER WALL CLOCK,1,2011-09-18 15:32:00,8.5,14769,United Kingdom
2,540524,21326,AGED GLASS SILVER T-LIGHT HOLDER,12,2011-01-09 12:53:00,0.65,16735,United Kingdom
2,540992,22699,ROSES REGENCY TEACUP AND SAUCER ,1,2011-01-12 16:57:00,2.95,17364,United Kingdom
2,541018,48116,DOORMAT MULTICOLOUR STRIPE,1,2011-01-13 12:03:00,7.95,14978,United Kingdom
2,541485,21866,UNION JACK FLAG LUGGAGE TAG,1,2011-01-18 13:05:00,1.25,18118,United Kingdom
2,541571,22668,PINK BABY BUNTING,5,2011-01-19 12:38:00,2.95,12841,United Kingdom
2,541660,21411,GINGHAM HEART  DOORSTOP RED,2,2011-01-20 12:20:00,4.25,17787,United Kingdom
2,541660,85053,FRENCH ENAMEL CANDLEHOLDER,1,2011-01-20 12:20:00,2.1,17787,United Kingdom
2,541849,22464,HANGING METAL HEART LANTERN,1,2011-01-23 13:34:00,1.65,13230,United Kingdom
2,541985,22457,NATURAL SLATE HEART CHALKBOARD ,1,2011-01-24 15:52:00,2.95,15052,United Kingdom
2,542107,84692,BOX OF 24 COCKTAIL PARASOLS,1,2011-01-25 13:38:00,0.42,16222,United Kingdom
2,544112,22064,PINK DOUGHNUT TRINKET POT ,2,2011-02-16 11:37:00,1.65,15039,United Kingdom
2,566495,21788,KIDS RAIN MAC BLUE,3,2011-09-13 11:14:00,0.85,15529,United Kingdom
2,543165,21531,RED RETROSPOT SUGAR JAM BOWL,1,2011-02-03 19:58:00,2.55,13230,United Kingdom
2,543191,21989,PACK OF 20 SKULL PAPER NAPKINS,1,2011-02-04 11:54:00,0.85,13137,United Kingdom
2,543191,84748,FOLK FELT HANGING MULTICOL GARLAND,2,2011-02-04 11:54:00,3.75,13137,United Kingdom
2,543235,22829,SWEETHEART WIRE WALL TIDY,1,2011-02-04 13:30:00,9.95,14462,United Kingdom
2,543300,22691,DOORMAT WELCOME SUNRISE,1,2011-02-07 11:42:00,7.95,13334,United Kingdom
2,543639,21216,"SET 3 RETROSPOT TEA,COFFEE,SUGAR",1,2011-02-10 16:52:00,4.95,16725,United Kingdom
2,537399,22815,CARD PSYCHEDELIC APPLES,12,2010-12-06 14:31:00,0.42,13030,United Kingdom
2,578781,23571,TRADITIONAL NAUGHTS & CROSSES,2,2011-11-25 11:54:00,1.65,15872,United Kingdom
2,576255,23271,CHRISTMAS TABLE SILVER CANDLE SPIKE,3,2011-11-14 14:09:00,0.83,15993,United Kingdom
2,576246,22364,GLASS JAR DIGESTIVE BISCUITS,1,2011-11-14 13:42:00,2.95,17566,United Kingdom
2,544930,22405,MONEY BOX POCKET MONEY DESIGN,1,2011-02-24 18:26:00,1.25,17472,United Kingdom
2,544610,22990,COTTON APRON PANTRY DESIGN,4,2011-02-22 10:09:00,4.95,16912,United Kingdom
2,544461,22037,ROBOT BIRTHDAY CARD,12,2011-02-20 14:08:00,0.42,13744,United Kingdom
2,581538,22068,BLACK PIRATE TREASURE CHEST,1,2011-12-09 11:34:00,0.39,14446,United Kingdom
2,580884,22119,PEACE WOODEN BLOCK LETTERS,2,2011-12-06 12:21:00,1.95,15907,United Kingdom
2,580865,22645,CERAMIC HEART FAIRY CAKE MONEY BANK,1,2011-12-06 11:58:00,0.39,17914,United Kingdom
2,580677,23210,WHITE ROCKING HORSE HAND PAINTED,1,2011-12-05 14:40:00,1.25,16200,United Kingdom
2,580632,21977,PACK OF 60 PINK PAISLEY CAKE CASES,1,2011-12-05 12:16:00,0.55,16360,United Kingdom
2,579458,23321,SMALL WHITE HEART OF WICKER,1,2011-11-29 14:38:00,1.65,16549,United Kingdom
2,579171,23200,JUMBO BAG PEARS,1,2011-11-28 14:30:00,2.08,13030,United Kingdom
2,546502,21592,RETROSPOT CIGAR BOX MATCHES ,1,2011-03-14 11:46:00,1.25,16005,United Kingdom
2,579145,22197,POPCORN HOLDER,4,2011-11-28 13:13:00,0.85,14597,United Kingdom
2,579141,22562,MONSTERS STENCIL CRAFT,1,2011-11-28 13:06:00,1.25,17019,United Kingdom
2,578949,23005,TRAVEL CARD WALLET I LOVE LONDON,1,2011-11-27 14:30:00,0.42,14954,United Kingdom
2,575936,23120,PACK OF 6 SMALL FRUIT STRAWS,24,2011-11-13 11:21:00,0.42,17041,United Kingdom
2,576300,21731,RED TOADSTOOL LED NIGHT LIGHT,1,2011-11-14 14:39:00,1.65,15058,United Kingdom
2,576518,21070,VINTAGE BILLBOARD MUG ,1,2011-11-15 12:25:00,1.25,16361,United Kingdom
2,576696,21731,RED TOADSTOOL LED NIGHT LIGHT,1,2011-11-16 12:26:00,1.65,16669,United Kingdom
2,577076,21841,BABY MOUSE RED GINGHAM DRESS,1,2011-11-17 15:08:00,4.25,14362,United Kingdom
2,577217,23328,SET 6 SCHOOL MILK BOTTLES IN CRATE,1,2011-11-18 11:53:00,3.75,17324,United Kingdom
2,577495,22513,DOORSTOP FOOTBALL DESIGN,1,2011-11-20 12:20:00,3.75,14704,United Kingdom
2,577503,22554,PLASTERS IN TIN WOODLAND ANIMALS,1,2011-11-20 12:34:00,1.65,18110,United Kingdom
2,577519,82484,WOOD BLACK BOARD ANT WHITE FINISH,2,2011-11-20 13:20:00,7.95,15044,United Kingdom
2,577778,22997,TRAVEL CARD WALLET UNION JACK,1,2011-11-21 16:10:00,0.42,16549,United Kingdom
2,577795,21932,SCANDINAVIAN PAISLEY PICNIC BAG,1,2011-11-21 16:50:00,1.65,13246,United Kingdom
2,578068,23505,PLAYING CARDS I LOVE LONDON ,1,2011-11-22 15:45:00,1.25,14505,United Kingdom
2,578519,21262,WHITE GOOSE FEATHER CHRISTMAS TREE ,2,2011-11-24 13:56:00,2.95,14591,United Kingdom
2,578522,21948,SET OF 6 CAKE CHOPSTICKS,1,2011-11-24 14:09:00,1.25,17254,United Kingdom
2,578688,22939,ADULT APRON APPLE DELIGHT,1,2011-11-25 09:27:00,4.95,16719,United Kingdom
2,578790,22419,LIPSTICK PEN RED,6,2011-11-25 12:20:00,0.42,14966,United Kingdom
2,578928,23570,TRADITIONAL PICK UP STICKS GAME ,2,2011-11-27 12:29:00,1.25,15443,United Kingdom
2,579132,22571,ROCKING HORSE RED CHRISTMAS ,1,2011-11-28 12:35:00,0.85,15022,United Kingdom
2,579145,23192,BUNDLE OF 3 ALPHABET EXERCISE BOOKS,1,2011-11-28 13:13:00,1.65,14597,United Kingdom
2,579167,22429,ENAMEL MEASURING JUG CREAM,1,2011-11-28 14:06:00,4.25,16800,United Kingdom
2,579408,23196,VINTAGE LEAF MAGNETIC NOTEPAD,1,2011-11-29 12:34:00,1.45,14701,United Kingdom
2,580133,21326,AGED GLASS SILVER T-LIGHT HOLDER,12,2011-12-01 18:43:00,0.65,15531,United Kingdom
2,580256,22467,GUMBALL COAT RACK,12,2011-12-02 12:24:00,2.55,14688,United Kingdom
2,580305,84029E,RED WOOLLY HOTTIE WHITE HEART.,1,2011-12-02 14:26:00,4.25,12970,United Kingdom
2,580611,23501,KEY RING BASEBALL BOOT UNION JACK,1,2011-12-05 11:49:00,1.25,12748,United Kingdom
2,581142,22906,12 MESSAGE CARDS WITH ENVELOPES,1,2011-12-07 13:38:00,1.65,14204,United Kingdom
2,581405,22500,SET OF 2 TINS JARDIN DE PROVENCE,1,2011-12-08 13:50:00,1.25,13521,United Kingdom
2,581414,23291,DOLLY GIRL CHILDRENS CUP,1,2011-12-08 14:39:00,1.25,14730,United Kingdom
2,544930,22722,SET OF 6 SPICE TINS PANTRY DESIGN,1,2011-02-24 18:26:00,3.95,17472,United Kingdom
2,545060,82483,WOOD 2 DRAWER CABINET WHITE FINISH,2,2011-02-27 13:47:00,6.95,15547,United Kingdom
2,546635,20725,LUNCH BAG RED RETROSPOT,1,2011-03-15 12:11:00,1.65,16392,United Kingdom
2,547273,22169,FAMILY ALBUM WHITE PICTURE FRAME,1,2011-03-22 11:05:00,8.5,14530,United Kingdom
2,547498,84596E,SMALL LICORICE DES PINK BOWL,1,2011-03-23 12:24:00,0.42,15021,United Kingdom
2,547651,82613D,METAL SIGN CUPCAKE SINGLE HOOK,1,2011-03-24 12:11:00,1.25,16904,United Kingdom
2,547872,22662,LUNCH BAG DOLLY GIRL DESIGN,1,2011-03-27 14:34:00,1.65,16777,United Kingdom
2,548309,22077,6 RIBBONS RUSTIC CHARM,1,2011-03-30 12:02:00,1.65,16657,United Kingdom
2,548666,20751,FUNKY WASHING UP GLOVES ASSORTED,4,2011-04-01 14:58:00,2.1,13124,United Kingdom
2,548711,85040A,S/4 PINK FLOWER CANDLES IN BOWL,1,2011-04-03 14:24:00,1.65,18116,United Kingdom
2,548711,20971,PINK BLUE FELT CRAFT TRINKET BOX,1,2011-04-03 14:24:00,1.25,18116,United Kingdom
2,548792,21936,RED RETROSPOT PICNIC BAG,1,2011-04-04 12:42:00,2.95,14711,United Kingdom
2,549262,22212,FOUR HOOK  WHITE LOVEBIRDS,1,2011-04-07 12:38:00,2.1,14465,United Kingdom
2,549555,20971,PINK BLUE FELT CRAFT TRINKET BOX,1,2011-04-10 12:52:00,1.25,13606,United Kingdom
2,550288,22245,"HOOK, 1 HANGER ,MAGIC GARDEN",1,2011-04-15 14:21:00,0.85,17367,United Kingdom
2,550632,21770,OPEN CLOSED METAL SIGN,1,2011-04-19 14:56:00,4.95,16907,United Kingdom
2,550651,21122,SET/10 PINK POLKADOT PARTY CANDLES,1,2011-04-19 16:52:00,1.25,15436,United Kingdom
2,552843,21181,PLEASE ONE PERSON METAL SIGN,1,2011-05-11 14:37:00,2.1,14649,United Kingdom
2,553488,20972,PINK CREAM FELT CRAFT TRINKET BOX ,1,2011-05-17 12:40:00,1.25,18043,United Kingdom
2,553856,22059,CERAMIC STRAWBERRY DESIGN MUG,1,2011-05-19 13:28:00,1.49,16813,United Kingdom
2,554933,22799,SWEETHEART WIRE FRUIT BOWL,1,2011-05-27 13:26:00,8.5,13232,United Kingdom
2,554981,22382,LUNCH BAG SPACEBOY DESIGN ,1,2011-05-29 12:06:00,1.65,17613,United Kingdom
2,555841,20996,JAZZ HEARTS ADDRESS BOOK,1,2011-06-07 12:47:00,0.19,14583,United Kingdom
2,556056,23209,LUNCH BAG DOILEY PATTERN ,2,2011-06-08 13:35:00,1.65,17841,United Kingdom
2,556103,23177,TREASURE ISLAND BOOK BOX,1,2011-06-08 16:18:00,2.25,16011,United Kingdom
2,556112,22791,T-LIGHT GLASS FLUTED ANTIQUE,12,2011-06-09 09:28:00,1.25,13265,United Kingdom
2,557793,20676,RED RETROSPOT BOWL,12,2011-06-22 17:30:00,1.25,14998,United Kingdom
2,557858,23196,RETRO LEAVES MAGNETIC NOTEPAD,1,2011-06-23 11:51:00,1.45,14159,United Kingdom
2,557956,22355,CHARLOTTE BAG SUKI DESIGN,1,2011-06-23 19:20:00,0.85,18283,United Kingdom
2,558105,23208,LUNCH BAG VINTAGE LEAF DESIGN,2,2011-06-26 14:54:00,1.65,15644,United Kingdom
2,558355,84925F,PSYCHEDELIC WALL THERMOMETER,1,2011-06-28 14:58:00,2.55,13614,United Kingdom
2,558700,22553,PLASTERS IN TIN SKULLS,1,2011-07-01 12:33:00,1.65,17920,United Kingdom
2,558991,22077,6 RIBBONS RUSTIC CHARM,1,2011-07-05 11:32:00,1.65,14606,United Kingdom
2,559902,22077,6 RIBBONS RUSTIC CHARM,1,2011-07-13 13:14:00,1.65,14502,United Kingdom
2,560047,85049D,BRIGHT BLUES RIBBONS ,1,2011-07-14 15:01:00,1.25,17259,United Kingdom
2,560305,22939,APRON APPLE DELIGHT,1,2011-07-18 10:49:00,4.95,16511,United Kingdom
2,560937,22541,MINI JIGSAW LEAP FROG,1,2011-07-22 10:52:00,0.42,17920,United Kingdom
2,568991,21264,WHITE GOOSE FEATHER TREE 60CM ,2,2011-09-29 16:44:00,1.95,18204,United Kingdom
2,569220,22851,SET 20 NAPKINS FAIRY CAKES DESIGN ,1,2011-10-02 13:26:00,0.85,16007,United Kingdom
2,569524,21824,PAINTED METAL STAR WITH HOLLY BELLS,1,2011-10-04 14:42:00,0.39,14506,United Kingdom
2,569670,22630,DOLLY GIRL LUNCH BOX,1,2011-10-05 13:47:00,1.95,14730,United Kingdom
2,569823,22435,SET OF 9 HEART SHAPED BALLOONS,1,2011-10-06 12:15:00,1.25,16895,United Kingdom
2,569866,23191,BUNDLE OF 3 RETRO NOTE BOOKS,1,2011-10-06 14:50:00,1.65,12757,Portugal
2,570503,23520,EMBROIDERED RIBBON REEL RUBY ,1,2011-10-11 09:26:00,3.75,17965,United Kingdom
2,571054,10135,COLOURING PENCILS BROWN TUBE,1,2011-10-13 13:58:00,1.25,14234,United Kingdom
2,571241,72816,SET/3 CHRISTMAS DECOUPAGE CANDLES,1,2011-10-14 14:58:00,0.95,14592,United Kingdom
2,571317,84992,72 SWEETHEART FAIRY CAKE CASES,3,2011-10-17 10:48:00,0.55,17377,United Kingdom
2,572092,22699,ROSES REGENCY TEACUP AND SAUCER ,1,2011-10-20 14:41:00,2.95,17125,United Kingdom
2,572103,22111,SCOTTIE DOG HOT WATER BOTTLE,1,2011-10-20 15:57:00,4.95,17571,United Kingdom
2,572103,22074,6 RIBBONS SHIMMERING PINKS ,1,2011-10-20 15:57:00,1.65,17571,United Kingdom
2,572726,23254,CHILDRENS CUTLERY DOLLY GIRL ,1,2011-10-25 15:19:00,4.15,16056,United Kingdom
2,573094,22556,PLASTERS IN TIN CIRCUS PARADE ,2,2011-10-27 14:39:00,1.65,15707,United Kingdom
2,573373,22562,MONSTERS STENCIL CRAFT,1,2011-10-30 13:37:00,1.25,14684,United Kingdom
2,573898,22865,HAND WARMER OWL DESIGN,1,2011-11-01 14:35:00,2.1,14562,United Kingdom
2,574063,21619,4 VANILLA BOTANICAL CANDLES,1,2011-11-02 14:31:00,1.25,13271,United Kingdom
2,574304,20978,36 PENCILS TUBE SKULLS,1,2011-11-03 16:30:00,1.25,14428,United Kingdom
2,574311,22946,WOODEN ADVENT CALENDAR CREAM,1,2011-11-03 16:56:00,16.95,15640,United Kingdom
2,574700,23014,GLASS APOTHECARY BOTTLE ELIXIR,1,2011-11-06 13:53:00,3.95,16033,United Kingdom
2,574716,22161,HEART DECORATION RUSTIC HANGING ,1,2011-11-06 14:33:00,0.19,14502,United Kingdom
2,574741,23507,MINI PLAYING CARDS BUFFALO BILL ,1,2011-11-06 16:13:00,0.42,15993,United Kingdom
2,564342,84991,60 TEATIME FAIRY CAKE CASES,2,2011-08-24 14:53:00,0.55,16340,United Kingdom
2,566238,23393,HOME SWEET HOME CUSHION COVER ,1,2011-09-11 11:24:00,3.75,17377,United Kingdom
2,575337,23695,DOILY THANK YOU CARD,12,2011-11-09 14:11:00,0.42,17867,United Kingdom
2,575337,21430,SET/3 RED GINGHAM ROSE STORAGE BOX,1,2011-11-09 14:11:00,3.75,17867,United Kingdom
2,575482,22167, OVAL WALL MIRROR DIAMANTE ,1,2011-11-09 16:33:00,9.95,15916,United Kingdom
2,575621,22470,HEART OF WICKER LARGE,2,2011-11-10 13:03:00,2.95,16892,United Kingdom
2,575694,20983,12 PENCILS TALL TUBE RED RETROSPOT,1,2011-11-10 16:38:00,0.85,12748,United Kingdom
2,561465,22077,6 RIBBONS RUSTIC CHARM,1,2011-07-27 12:45:00,1.65,16447,United Kingdom
2,561868,21174,POTTERING IN THE SHED METAL SIGN,1,2011-07-31 11:26:00,2.08,16813,United Kingdom
2,575258,21810,CHRISTMAS HANGING STAR WITH BELL,6,2011-11-09 12:00:00,0.39,13623,United Kingdom
2,561893,22379,RECYCLING BAG RETROSPOT ,1,2011-07-31 14:39:00,2.1,12942,United Kingdom
2,563737,21754,HOME BUILDING BLOCK WORD,1,2011-08-18 18:51:00,5.95,16261,United Kingdom
2,563832,84879,ASSORTED COLOUR BIRD ORNAMENT,8,2011-08-19 12:33:00,1.69,16419,United Kingdom
2,575117,22917,HERB MARKER ROSEMARY,1,2011-11-08 14:22:00,0.65,12748,United Kingdom
2,564049,23309,SET OF 60 I LOVE LONDON CAKE CASES ,1,2011-08-22 13:30:00,0.55,17585,United Kingdom
2,564342,22966,GINGERBREAD MAN COOKIE CUTTER,1,2011-08-24 14:53:00,1.25,16340,United Kingdom
2,574892,23033,DRAWER KNOB CERAMIC RED,6,2011-11-07 14:40:00,1.45,14700,United Kingdom
2,564356,84931B,BLUE SCOTTIE DOG W FLOWER PATTERN,1,2011-08-24 15:47:00,2.55,13969,United Kingdom
2,564526,22438,BALLOON ART MAKE YOUR OWN FLOWERS,10,2011-08-25 14:50:00,1.95,15805,United Kingdom
2,564727,21533,RETROSPOT LARGE MILK JUG,1,2011-08-28 12:31:00,4.95,16686,United Kingdom
2,564727,23241,TREASURE TIN GYMKHANA DESIGN,1,2011-08-28 12:31:00,2.08,16686,United Kingdom
2,564739,22191,IVORY DINER WALL CLOCK,1,2011-08-28 14:28:00,8.5,16931,United Kingdom
2,564745,22889,NUMBER TILE VINTAGE FONT No ,2,2011-08-28 15:27:00,2.1,16806,United Kingdom
2,565406,22949,36 DOILIES DOLLY GIRL,12,2011-09-04 10:59:00,1.45,13804,United Kingdom
2,565408,22411,JUMBO SHOPPER VINTAGE RED PAISLEY,1,2011-09-04 11:12:00,2.08,16813,United Kingdom
2,565478,82583,HOT BATHS METAL SIGN,1,2011-09-05 11:18:00,2.1,15005,United Kingdom
2,567807,23511,EMBROIDERED RIBBON REEL EMILY ,1,2011-09-22 12:23:00,2.08,17027,United Kingdom
2,566450,22988,SOLDIERS EGG CUP ,12,2011-09-12 16:12:00,1.25,15673,United Kingdom
2,567462,21977,PACK OF 60 PINK PAISLEY CAKE CASES,2,2011-09-20 12:35:00,0.55,14446,United Kingdom
2,567475,23388,WOODLAND MINI BACKPACK,1,2011-09-20 13:11:00,4.15,16360,United Kingdom
2,567482,20725,LUNCH BAG RED RETROSPOT,1,2011-09-20 13:42:00,1.65,16464,United Kingdom
2,567482,22382,LUNCH BAG SPACEBOY DESIGN ,1,2011-09-20 13:42:00,1.65,16464,United Kingdom
2,567482,22119,PEACE WOODEN BLOCK LETTERS,1,2011-09-20 13:42:00,6.95,16464,United Kingdom
2,561873,84568,GIRLS ALPHABET IRON ON PATCHES ,1440,2011-07-31 11:48:00,0.17,13316,United Kingdom
2,568174,23245,SET OF 3 REGENCY CAKE TINS,1,2011-09-25 13:23:00,4.95,16261,United Kingdom
2,568207,23375,"50'S CHRISTMAS PAPER GIFT BAG",10,2011-09-25 15:34:00,0.82,15150,United Kingdom
2,568301,21524,DOORMAT SPOTTY HOME SWEET HOME,1,2011-09-26 12:45:00,8.25,16383,United Kingdom
2,536863,20727,LUNCH BAG  BLACK SKULL.,1,2010-12-03 11:19:00,1.65,17967,United Kingdom
2,537144,22294,HEART FILIGREE DOVE  SMALL,1,2010-12-05 13:00:00,1.25,15880,United Kingdom
2,537154,22746,"POPPY'S PLAYHOUSE LIVINGROOM ",1,2010-12-05 13:05:00,2.1,15808,United Kingdom
2,537202,22750,FELTCRAFT PRINCESS LOLA DOLL,1,2010-12-05 14:25:00,3.75,14506,United Kingdom
2,537202,22075,6 RIBBONS ELEGANT CHRISTMAS ,1,2010-12-05 14:25:00,1.65,14506,United Kingdom
2,537254,22149,FELTCRAFT 6 FLOWER FRIENDS,2,2010-12-06 11:01:00,2.1,15898,United Kingdom
2,537262,22158,3 HEARTS HANGING DECORATION RUSTIC,8,2010-12-06 11:26:00,2.95,15039,United Kingdom
2,537262,22680,FRENCH BLUE METAL DOOR SIGN 5,2,2010-12-06 11:26:00,1.25,15039,United Kingdom
2,537369,21647,ASSORTED TUTTI FRUTTI LARGE PURSE,1,2010-12-06 12:41:00,2.1,17860,United Kingdom
2,537646,22189,CREAM HEART CARD HOLDER,1,2010-12-07 15:39:00,3.95,17591,United Kingdom
2,537653,84658,WHITE STITCHED CUSHION COVER,2,2010-12-07 15:54:00,6.95,17897,United Kingdom
2,537772,22082,RIBBON REEL STRIPES DESIGN ,5,2010-12-08 12:35:00,1.65,18043,United Kingdom
2,537781,21136,PAINTED METAL PEARS ASSORTED,8,2010-12-08 12:46:00,1.69,17341,United Kingdom
2,537955,20725,LUNCH BAG RED RETROSPOT,1,2010-12-09 11:28:00,1.65,16782,United Kingdom
2,540545,22180,RETROSPOT LAMP,4,2011-01-09 15:35:00,9.95,13451,United Kingdom
2,541238,21115,ROSE CARAVAN DOORSTOP,1,2011-01-16 10:42:00,6.75,16746,United Kingdom
2,541249,22661,CHARLOTTE BAG DOLLY GIRL DESIGN,10,2011-01-16 13:18:00,0.85,13700,United Kingdom
2,541602,21485,RETROSPOT HEART HOT WATER BOTTLE,1,2011-01-19 17:17:00,4.95,17231,United Kingdom
2,541848,79321,CHILLI LIGHTS,2,2011-01-23 13:31:00,4.95,17611,United Kingdom
2,541855,22361,GLASS JAR DAISY FRESH COTTON WOOL,1,2011-01-23 14:59:00,2.95,13742,United Kingdom
2,543040,21558,SKULL LUNCH BOX WITH CUTLERY ,1,2011-02-02 17:06:00,2.55,17337,United Kingdom
2,544040,22666,RECIPE BOX PANTRY YELLOW DESIGN,1,2011-02-15 11:40:00,2.95,14701,United Kingdom
2,575886,22059,CERAMIC STRAWBERRY DESIGN MUG,1,2011-11-11 13:57:00,1.49,12517,Germany
2,576181,21507,ELEPHANT BIRTHDAY CARD ,12,2011-11-14 11:19:00,0.42,15572,United Kingdom
2,576303,22895,SET OF 2 TEA TOWELS APPLE AND PEARS,1,2011-11-14 14:51:00,3.25,15532,United Kingdom
2,576857,23418,LAVENDER TOILETTE BOTTLE,1,2011-11-16 15:52:00,2.08,12748,United Kingdom
2,577317,22866,HAND WARMER SCOTTY DOG DESIGN,1,2011-11-18 13:33:00,2.1,16426,United Kingdom
2,577473,23154,SET OF 4 JAM JAR MAGNETS,1,2011-11-20 11:28:00,2.08,15919,United Kingdom
2,577482,84029E,RED WOOLLY HOTTIE WHITE HEART.,3,2011-11-20 11:43:00,4.25,16762,United Kingdom
2,577493,22382,LUNCH BAG SPACEBOY DESIGN ,1,2011-11-20 12:13:00,1.65,17323,United Kingdom
2,577503,22742,MAKE YOUR OWN PLAYTIME CARD KIT,2,2011-11-20 12:34:00,2.95,18110,United Kingdom
2,577723,84989A,75 GREEN FAIRY CAKE CASES,1,2011-11-21 12:36:00,0.55,16713,United Kingdom
2,578019,22726,ALARM CLOCK BAKELIKE GREEN,1,2011-11-22 13:11:00,3.75,17360,United Kingdom
2,578041,23439,HAND WARMER RED LOVE HEART,2,2011-11-22 14:23:00,2.1,17338,United Kingdom
2,578147,47471,RAINBOW PEGS PHOTO CLIP STRING,1,2011-11-23 11:09:00,0.65,12748,United Kingdom
2,578326,23438, RED SPOT GIFT BAG LARGE,12,2011-11-23 17:45:00,1.25,16343,United Kingdom
2,578326,21217,RED RETROSPOT ROUND CAKE TINS,1,2011-11-23 17:45:00,9.95,16343,United Kingdom
2,578479,85185B,PINK HORSE SOCK PUPPET KIT,1,2011-11-24 12:48:00,2.95,15858,United Kingdom
2,578479,23293,SET OF 12 FAIRY CAKE BAKING CASES,1,2011-11-24 12:48:00,0.83,15858,United Kingdom
2,578781,22091,EMPIRE TISSUE BOX,1,2011-11-25 11:54:00,0.39,15872,United Kingdom
2,578814,22551,PLASTERS IN TIN SPACEBOY,1,2011-11-25 13:40:00,1.65,12748,United Kingdom
2,578817,23148,MINIATURE ANTIQUE ROSE HOOK IVORY,1,2011-11-25 13:45:00,0.83,16764,United Kingdom
2,578946,79051A,SMOKEY GREY COLOUR GLASS,4,2011-11-27 13:47:00,0.29,16005,United Kingdom
2,578951,22970,LONDON BUS COFFEE MUG,12,2011-11-27 14:40:00,2.55,15514,United Kingdom
2,578998,21810,CHRISTMAS HANGING STAR WITH BELL,1,2011-11-27 16:05:00,0.39,15436,United Kingdom
2,579135,20982,12 PENCILS TALL TUBE SKULLS,2,2011-11-28 12:44:00,0.85,18096,United Kingdom
2,579167,22723,SET OF 6 HERB TINS SKETCHBOOK,1,2011-11-28 14:06:00,3.95,16800,United Kingdom
2,579171,23505,PLAYING CARDS I LOVE LONDON ,2,2011-11-28 14:30:00,1.25,13030,United Kingdom
2,579414,22360,GLASS JAR ENGLISH CONFECTIONERY,1,2011-11-29 12:52:00,2.95,14719,United Kingdom
2,579472,23320,"GIANT 50'S CHRISTMAS CRACKER",1,2011-11-29 15:09:00,2.89,13521,United Kingdom
2,580305,23177,TREASURE ISLAND BOOK BOX,1,2011-12-02 14:26:00,2.25,12970,United Kingdom
2,580305,23351,"ROLL WRAP 50'S CHRISTMAS",2,2011-12-02 14:26:00,1.25,12970,United Kingdom
2,580469,22343,PARTY PIZZA DISH RED RETROSPOT,3,2011-12-04 12:32:00,0.19,14583,United Kingdom
2,580515,22999,TRAVEL CARD WALLET VINTAGE LEAF,24,2011-12-04 14:09:00,0.42,17750,United Kingdom
2,580520,22400,MAGNETS PACK OF 4 HOME SWEET HOME,1,2011-12-04 14:55:00,0.39,13521,United Kingdom
2,580520,23169,CLASSIC GLASS COOKIE JAR,1,2011-12-04 14:55:00,4.15,13521,United Kingdom
2,580677,85034C,3 ROSE MORRIS BOXED CANDLES,1,2011-12-05 14:40:00,1.25,16200,United Kingdom
2,580884,23320,"GIANT 50'S CHRISTMAS CRACKER",1,2011-12-06 12:21:00,1.25,15907,United Kingdom
2,581125,23597,PAPER BUNTING PAISLEY PARK,1,2011-12-07 12:41:00,2.95,14087,United Kingdom
2,581142,23439,HAND WARMER RED LOVE HEART,2,2011-12-07 13:38:00,2.1,14204,United Kingdom
2,581166,23494,VINTAGE DOILY DELUXE SEWING KIT ,1,2011-12-07 14:43:00,5.95,15525,United Kingdom
2,581414,23454,THREE MINI HANGING FRAMES,1,2011-12-08 14:39:00,4.15,14730,United Kingdom
2,581425,85152,HAND OVER THE CHOCOLATE   SIGN ,12,2011-12-08 15:31:00,2.1,14796,United Kingdom
2,581425,23178,JAM CLOCK MAGNET,1,2011-12-08 15:31:00,1.25,14796,United Kingdom
2,581456,35964,FOLKART CLIP ON STARS,2,2011-12-08 18:42:00,0.39,17530,United Kingdom
2,581538,23343,JUMBO BAG VINTAGE CHRISTMAS ,1,2011-12-09 11:34:00,2.08,14446,United Kingdom
2,544569,21078,SET/20 STRAWBERRY PAPER NAPKINS ,6,2011-02-21 12:58:00,0.85,16980,United Kingdom
2,545036,82580,BATHROOM METAL SIGN,1,2011-02-25 17:25:00,0.55,14573,United Kingdom
2,545045,82483,WOOD 2 DRAWER CABINET WHITE FINISH,2,2011-02-27 11:40:00,6.95,15708,United Kingdom
2,545685,22979,PANTRY WASHING UP BRUSH,1,2011-03-06 11:55:00,1.45,14499,United Kingdom
2,546466,22522,CHILDS GARDEN FORK BLUE ,1,2011-03-14 11:04:00,0.85,18118,United Kingdom
2,546502,84692,BOX OF 24 COCKTAIL PARASOLS,1,2011-03-14 11:46:00,0.42,16005,United Kingdom
2,550321,22523,CHILDS GARDEN FORK PINK,1,2011-04-17 12:49:00,0.85,16770,United Kingdom
2,550512,21033,JUMBO BAG CHARLIE AND LOLA TOYS,1,2011-04-18 16:31:00,2.08,18069,United Kingdom
2,550515,22521,CHILDS GARDEN TROWEL PINK,1,2011-04-18 17:29:00,0.85,14502,United Kingdom
2,551171,22698,PINK REGENCY TEACUP AND SAUCER,2,2011-04-26 16:45:00,2.95,13263,United Kingdom
2,551558,21137,BLACK RECORD COVER FRAME,1,2011-05-03 10:41:00,3.75,17841,United Kingdom
2,551869,22984,CARD GINGHAM ROSE ,12,2011-05-04 16:36:00,0.42,16767,United Kingdom
2,552285,21213,PACK OF 72 SKULL CAKE CASES,1,2011-05-08 12:58:00,0.55,14684,United Kingdom
2,552285,22493,PAINT YOUR OWN CANVAS SET,1,2011-05-08 12:58:00,1.65,14684,United Kingdom
2,552839,48185,DOORMAT FAIRY CAKE,1,2011-05-11 14:25:00,7.95,14367,United Kingdom
2,553061,20727,LUNCH BAG  BLACK SKULL.,1,2011-05-13 11:12:00,1.65,17238,United Kingdom
2,553485,23056,FLOWERS CHANDELIER T-LIGHT HOLDER,1,2011-05-17 12:25:00,6.25,13208,United Kingdom
2,553680,21754,HOME BUILDING BLOCK WORD,1,2011-05-18 13:11:00,5.95,13258,United Kingdom
2,554066,84971S,SMALL HEART FLOWERS HOOK ,24,2011-05-22 10:40:00,0.85,12916,United Kingdom
2,555413,23207,LUNCH BAG ALPHABET DESIGN,1,2011-06-03 09:50:00,1.65,17994,United Kingdom
2,555524,21155,RED RETROSPOT PEG BAG,1,2011-06-05 11:37:00,2.55,16923,United Kingdom
2,555854,22699,ROSES REGENCY TEACUP AND SAUCER ,1,2011-06-07 13:47:00,2.95,12748,United Kingdom
2,555856,84792,ENCHANTED BIRD COATHANGER 5 HOOK,1,2011-06-07 14:02:00,4.65,17124,United Kingdom
2,556484,85053,FRENCH ENAMEL CANDLEHOLDER,1,2011-06-12 13:17:00,2.1,16938,United Kingdom
2,556733,22996,TRAVEL CARD WALLET VINTAGE TICKET,10,2011-06-14 11:53:00,0.42,16919,United Kingdom
2,557787,21917,SET 12 KIDS  WHITE CHALK STICKS,1,2011-06-22 16:16:00,0.42,15041,United Kingdom
2,557956,21213,PACK OF 72 SKULL CAKE CASES,1,2011-06-23 19:20:00,0.55,18283,United Kingdom
2,558702,23147,SINGLE ANTIQUE ROSE HOOK IVORY,2,2011-07-01 12:45:00,1.45,12748,United Kingdom
2,558709,22628,PICNIC BOXES SET OF 3 RETROSPOT ,1,2011-07-01 13:02:00,4.95,17338,United Kingdom
2,559068,23209,LUNCH BAG DOILEY PATTERN ,1,2011-07-06 10:41:00,1.65,17841,United Kingdom
2,559106,21034,REX CASH+CARRY JUMBO SHOPPER,1,2011-07-06 11:10:00,0.95,15889,United Kingdom
2,559552,22274,FELTCRAFT DOLL EMILY,1,2011-07-10 16:29:00,2.95,16014,United Kingdom
2,559641,22294,HEART FILIGREE DOVE  SMALL,24,2011-07-11 12:31:00,1.25,13184,United Kingdom
2,559807,84510A,SET OF 4 ENGLISH ROSE COASTERS,1,2011-07-12 14:48:00,1.25,17841,United Kingdom
2,559809,21288,STRIPEY CHOCOLATE NESTING BOXES,2,2011-07-12 14:57:00,2.95,16409,United Kingdom
2,560209,21912,VINTAGE SNAKES & LADDERS,2,2011-07-15 14:05:00,3.75,15004,United Kingdom
2,560385,85123A,WHITE HANGING HEART T-LIGHT HOLDER,1,2011-07-18 12:53:00,2.95,14583,United Kingdom
2,560833,22624,IVORY KITCHEN SCALES,1,2011-07-21 12:14:00,8.5,16891,United Kingdom
2,569217,48194,DOORMAT HEARTS,1,2011-10-02 12:45:00,8.25,15579,United Kingdom
2,569243,21754,HOME BUILDING BLOCK WORD,3,2011-10-03 09:44:00,6.25,13344,United Kingdom
2,569261,23504,PLAYING CARDS JUBILEE UNION JACK,1,2011-10-03 11:34:00,1.25,17321,United Kingdom
2,569469,21975,PACK OF 60 DINOSAUR CAKE CASES,3,2011-10-04 12:22:00,0.55,16360,United Kingdom
2,569651,23115,RED APPLES CHOPPING BOARD   ,1,2011-10-05 12:49:00,4.95,14534,United Kingdom
2,569714,23391, I LOVE LONDON MINI BACKPACK,1,2011-10-05 17:28:00,4.15,18033,United Kingdom
2,570215,23353,6 GIFT TAGS VINTAGE CHRISTMAS ,1,2011-10-09 11:53:00,0.83,16066,United Kingdom
2,570423,22598,CHRISTMAS MUSICAL ZINC TREE,1,2011-10-10 13:38:00,0.29,14451,United Kingdom
2,570664,22082,RIBBON REEL STRIPES DESIGN ,2,2011-10-11 14:21:00,1.65,16362,United Kingdom
2,571081,23067,HANGING ENGRAVED METAL HEART,1,2011-10-13 15:23:00,4.15,16775,United Kingdom
2,571289,23132,SMALL IVORY HEART WALL ORGANISER,6,2011-10-16 15:27:00,5.75,15113,United Kingdom
2,571475,21034,REX CASH+CARRY JUMBO SHOPPER,1,2011-10-17 14:42:00,0.95,15033,United Kingdom
2,571656,22367,CHILDRENS APRON SPACEBOY DESIGN,1,2011-10-18 12:43:00,1.95,16393,United Kingdom
2,571667,20750,RED RETROSPOT MINI CASES,1,2011-10-18 13:04:00,7.95,14554,United Kingdom
2,571682,23193,BUFFALO BILL TREASURE BOOK BOX,1,2011-10-18 14:00:00,2.25,14179,United Kingdom
2,571846,20828,GLITTER BUTTERFLY CLIPS,1,2011-10-19 12:35:00,2.55,17841,United Kingdom
2,572103,22866,HAND WARMER SCOTTY DOG DESIGN,1,2011-10-20 15:57:00,2.1,17571,United Kingdom
2,572285,23328,SET 6 SCHOOL MILK BOTTLES IN CRATE,1,2011-10-23 12:16:00,3.75,14698,United Kingdom
2,572475,23566,EGG CUP MILKMAID HEIDI,2,2011-10-24 13:37:00,1.25,15271,United Kingdom
2,572662,21889,WOODEN BOX OF DOMINOES,2,2011-10-25 12:54:00,1.25,15443,United Kingdom
2,572859,84347,ROTATING SILVER ANGELS T-LIGHT HLDR,2,2011-10-26 12:39:00,2.55,16418,United Kingdom
2,572859,21034,REX CASH+CARRY JUMBO SHOPPER,1,2011-10-26 12:39:00,0.95,16418,United Kingdom
2,573277,21494,ROTATING LEAVES T-LIGHT HOLDER,1,2011-10-28 13:18:00,1.25,14606,United Kingdom
2,567462,21977,PACK OF 60 PINK PAISLEY CAKE CASES,1,2011-09-20 12:35:00,0.55,14446,United Kingdom
2,544068,22851,SET 20 NAPKINS FAIRY CAKES DESIGN ,2,2011-02-15 14:08:00,0.85,16431,United Kingdom
2,574536,21212,PACK OF 72 RETROSPOT CAKE CASES,1,2011-11-04 14:35:00,0.55,15707,United Kingdom
2,574545,85172,HYACINTH BULB T-LIGHT CANDLES,32,2011-11-04 14:54:00,0.42,17084,United Kingdom
2,574559,23240,SET OF 4 KNICK KNACK TINS DOILY ,1,2011-11-04 15:50:00,4.15,14056,United Kingdom
2,574643,23344,"JUMBO BAG 50'S CHRISTMAS ",10,2011-11-06 11:25:00,2.08,17387,United Kingdom
2,574675,23581,JUMBO BAG PAISLEY PARK,1,2011-11-06 12:31:00,2.08,17289,United Kingdom
2,574714,23392,SPACEBOY ROCKET LOLLY MAKERS,2,2011-11-06 14:29:00,2.08,15427,United Kingdom
2,574734,22197,POPCORN HOLDER,1,2011-11-06 15:20:00,0.85,15025,United Kingdom
2,575087,21733,RED HANGING HEART T-LIGHT HOLDER,1,2011-11-08 13:57:00,2.95,16549,United Kingdom
2,575303,20751,FUNKY WASHING UP GLOVES ASSORTED,1,2011-11-09 12:34:00,2.1,12893,United Kingdom
2,575337,21849,SILVER DIAMANTE PEN IN GIFT BOX,2,2011-11-09 14:11:00,4.95,17867,United Kingdom
2,575368,22866,HAND WARMER SCOTTY DOG DESIGN,1,2011-11-09 15:07:00,2.1,14482,United Kingdom
2,562031,17003,BROCADE RING PURSE ,36,2011-08-01 17:37:00,0.29,16984,United Kingdom
2,562540,23254,CHILDRENS CUTLERY DOLLY GIRL ,1,2011-08-05 15:38:00,4.15,17400,United Kingdom
2,562540,23073,GEORGIAN TRINKET BOX,1,2011-08-05 15:38:00,12.5,17400,United Kingdom
2,564727,22630,DOLLY GIRL LUNCH BOX,1,2011-08-28 12:31:00,1.95,16686,United Kingdom
2,564727,22779,WOODEN OWLS LIGHT GARLAND ,1,2011-08-28 12:31:00,4.25,16686,United Kingdom
2,565141,21976,PACK OF 60 MUSHROOM CAKE CASES,1,2011-09-01 13:40:00,0.55,17841,United Kingdom
2,565456,21358,TOAST ITS - HAPPY BIRTHDAY,1,2011-09-04 16:12:00,1.25,16629,United Kingdom
2,566018,20677,PINK POLKADOT BOWL,1,2011-09-08 12:42:00,1.25,13137,United Kingdom
2,566085,22994,TRAVEL CARD WALLET RETROSPOT,1,2011-09-09 10:12:00,0.42,17841,United Kingdom
2,566094,22567,20 DOLLY PEGS RETROSPOT,6,2011-09-09 10:42:00,1.45,17965,United Kingdom
2,566285,84949,SILVER HANGING T-LIGHT HOLDER,6,2011-09-11 14:51:00,1.65,13611,United Kingdom
2,567288,22024,RAINY LADIES BIRTHDAY CARD,12,2011-09-19 11:49:00,0.42,16906,United Kingdom
2,573876,23207,LUNCH BAG ALPHABET DESIGN,1,2011-11-01 12:48:00,1.65,16360,United Kingdom
2,567661,23154,SET OF 4 JAM JAR MAGNETS,1,2011-09-21 15:06:00,2.08,13959,United Kingdom
2,567809,22560,TRADITIONAL MODELLING CLAY,24,2011-09-22 12:29:00,1.25,13804,United Kingdom
2,568301,85123A,WHITE HANGING HEART T-LIGHT HOLDER,4,2011-09-26 12:45:00,2.95,16383,United Kingdom
2,568657,22950,36 DOILIES VINTAGE CHRISTMAS,1,2011-09-28 12:22:00,1.45,16460,United Kingdom
2,568710,72586,SET OF 6 HALLOWEEN GHOST T-LIGHTS,2,2011-09-28 15:42:00,0.42,14649,United Kingdom
2,568712,21754,HOME BUILDING BLOCK WORD,1,2011-09-28 15:50:00,6.25,17841,United Kingdom
2,536559,51014L,"FEATHER PEN,LIGHT PINK",12,2010-12-01 14:54:00,0.85,17873,United Kingdom
2,536749,85106,CUT GLASS HEXAGON T-LIGHT HOLDER,2,2010-12-02 13:49:00,2.55,17976,United Kingdom
2,536945,21830,ASSORTED CREEPY CRAWLIES,24,2010-12-03 12:24:00,0.42,14083,United Kingdom
2,537153,21696,SMALL SILVER TRELLIS CANDLEPOT,6,2010-12-05 13:03:00,2.95,16718,United Kingdom
2,537199,22156,HEART DECORATION WITH PEARLS ,1,2010-12-05 14:06:00,0.85,15894,United Kingdom
2,537225,20757,RED DAISY POCKET BOOK ,6,2010-12-05 16:41:00,0.85,12748,United Kingdom
2,537374,21738,COSY SLIPPER SHOES SMALL  RED ,1,2010-12-06 12:55:00,2.95,17259,United Kingdom
2,537418,22633,HAND WARMER UNION JACK,1,2010-12-06 15:13:00,2.1,17884,United Kingdom
2,537422,22791,T-LIGHT GLASS FLUTED ANTIQUE,12,2010-12-06 15:27:00,1.25,17812,United Kingdom
2,537781,22835,HOT WATER BOTTLE I AM SO POORLY,1,2010-12-08 12:46:00,4.65,17341,United Kingdom
2,537955,22380,TOY TIDY SPACEBOY  ,1,2010-12-09 11:28:00,2.1,16782,United Kingdom
2,574292,23302,KNEELING MAT HOUSEWORK  DESIGN,1,2011-11-03 15:27:00,1.65,16914,United Kingdom
2,538371,84030E,ENGLISH ROSE HOT WATER BOTTLE,1,2010-12-12 11:07:00,4.25,15570,United Kingdom
2,538379,22918,HERB MARKER PARSLEY,1,2010-12-12 11:26:00,0.65,17126,United Kingdom
2,574025,23301,GARDENERS KNEELING PAD KEEP CALM ,1,2011-11-02 12:26:00,1.65,12748,United Kingdom
2,538652,21664,RIDGED GLASS STORAGE JAR CREAM LID,1,2010-12-13 15:12:00,3.75,17890,United Kingdom
2,539470,21390,FILIGRIS HEART WITH BUTTERFLY,2,2010-12-19 14:03:00,1.25,14472,United Kingdom
2,539475,22109,FULL ENGLISH BREAKFAST PLATE,1,2010-12-19 14:41:00,3.75,16686,United Kingdom
2,540373,21533,RETROSPOT LARGE MILK JUG,1,2011-01-06 17:10:00,4.95,13280,United Kingdom
2,542231,22960,JAM MAKING SET WITH JARS,2,2011-01-26 13:40:00,4.25,16714,United Kingdom
2,542231,84879,ASSORTED COLOUR BIRD ORNAMENT,8,2011-01-26 13:40:00,1.69,16714,United Kingdom
2,542398,84800S,SMALL WHITE/PINK ROSE ART FLOWER,6,2011-01-27 15:36:00,1.25,13174,United Kingdom
2,573876,21058,PARTY INVITES WOODLAND,1,2011-11-01 12:48:00,0.85,16360,United Kingdom
2,543040,21658,GLASS  BEURRE DISH,1,2011-02-02 17:06:00,3.95,17337,United Kingdom
2,543235,21385,IVORY HANGING DECORATION  HEART,2,2011-02-04 13:30:00,0.85,14462,United Kingdom
2,543641,22646,CERAMIC STRAWBERRY CAKE MONEY BANK,4,2011-02-10 17:19:00,1.45,14555,United Kingdom
2,574481,22745,"POPPY'S PLAYHOUSE BEDROOM ",1,2011-11-04 12:45:00,2.1,18022,United Kingdom
2,546429,21212,PACK OF 72 RETROSPOT CAKE CASES,1,2011-03-13 15:25:00,0.55,17611,United Kingdom
2,578757,22144,CHRISTMAS CRAFT LITTLE FRIENDS,1,2011-11-25 11:41:00,2.1,12748,United Kingdom
2,578519,85107,CUT GLASS T-LIGHT HOLDER OCTAGON,1,2011-11-24 13:56:00,2.55,14591,United Kingdom
2,578445,37450,CERAMIC CAKE BOWL + HANGING CAKES,1,2011-11-24 12:25:00,2.95,15005,United Kingdom
2,578155,23439,HAND WARMER RED LOVE HEART,1,2011-11-23 11:32:00,2.1,12748,United Kingdom
2,578088,22483,RED GINGHAM TEDDY BEAR ,1,2011-11-22 16:47:00,2.95,16376,United Kingdom
2,578041,20983,12 PENCILS TALL TUBE RED RETROSPOT,1,2011-11-22 14:23:00,0.85,17338,United Kingdom
2,578041,84950,ASSORTED COLOUR T-LIGHT HOLDER,12,2011-11-22 14:23:00,0.65,17338,United Kingdom
2,577795,21933,PINK VINTAGE PAISLEY PICNIC BAG,1,2011-11-21 16:50:00,1.65,13246,United Kingdom
2,577778,22633,HAND WARMER UNION JACK,1,2011-11-21 16:10:00,2.1,16549,United Kingdom
2,577778,22616,PACK OF 12 LONDON TISSUES ,1,2011-11-21 16:10:00,0.39,16549,United Kingdom
2,577482,21484,CHICK GREY HOT WATER BOTTLE,2,2011-11-20 11:43:00,4.25,16762,United Kingdom
2,577337,23036,T-LIGHT HOLDER SILVER PETIT FOUR ,1,2011-11-18 14:51:00,1.25,15494,United Kingdom
2,577167,23241,TREASURE TIN GYMKHANA DESIGN,1,2011-11-18 10:41:00,2.08,16511,United Kingdom
2,546984,22138,BAKING SET 9 PIECE RETROSPOT ,1,2011-03-18 12:35:00,4.95,15019,United Kingdom
2,576779,23413,DECORATIVE VINTAGE COFFEE  BOX,3,2011-11-16 13:25:00,4.95,14554,United Kingdom
2,546429,84508C,BLUE CIRCLES DESIGN TEDDY,1,2011-03-13 15:25:00,2.55,17611,United Kingdom
2,576274,23370,SET 36 COLOURING PENCILS DOILY,1,2011-11-14 14:24:00,1.25,17793,United Kingdom
2,576300,22980,PANTRY SCRUBBING BRUSH,1,2011-11-14 14:39:00,1.65,15058,United Kingdom
2,576607,22086,"PAPER CHAIN KIT 50'S CHRISTMAS ",6,2011-11-15 15:42:00,2.95,12474,Germany
2,576695,71101E,STANDING FAIRY POLE SUPPORT ,2,2011-11-16 12:25:00,0.85,16469,United Kingdom
2,576784,22728,ALARM CLOCK BAKELIKE PINK,2,2011-11-16 13:40:00,3.75,16204,United Kingdom
2,576851,23439,HAND WARMER RED LOVE HEART,3,2011-11-16 15:41:00,2.1,15967,United Kingdom
2,576864,22500,SET OF 2 TINS JARDIN DE PROVENCE,1,2011-11-16 16:06:00,4.95,12748,United Kingdom
2,576933,22099,CARAVAN SQUARE TISSUE BOX,1,2011-11-17 11:29:00,0.39,15529,United Kingdom
2,577024,21494,ROTATING LEAVES T-LIGHT HOLDER,1,2011-11-17 12:47:00,1.25,14704,United Kingdom
2,577052,23358,HOT STUFF HOT WATER BOTTLE,1,2011-11-17 14:08:00,3.75,17397,United Kingdom
2,577057,21723,ALPHABET HEARTS STICKER SHEET,1,2011-11-17 14:26:00,0.85,12748,United Kingdom
2,577076,21032,SPACE CADET WHITE,1,2011-11-17 15:08:00,1.25,14362,United Kingdom
2,577228,84580,MOUSE TOY WITH PINK T-SHIRT,1,2011-11-18 12:07:00,3.75,12391,Cyprus
2,577473,23546,WRAP PAISLEY PARK ,25,2011-11-20 11:28:00,0.42,15919,United Kingdom
2,577482,22835,HOT WATER BOTTLE I AM SO POORLY,3,2011-11-20 11:43:00,4.95,16762,United Kingdom
2,577489,23221,REINDEER HEART DECORATION SILVER,1,2011-11-20 12:07:00,0.83,,United Kingdom
2,578017,48187,DOORMAT NEW ENGLAND,1,2011-11-22 13:07:00,8.25,13569,United Kingdom
2,578045,23451,SQUARE MINI PORTRAIT FRAME,1,2011-11-22 14:43:00,1.95,17297,United Kingdom
2,578233,84931A,PINK SCOTTIE DOG W FLOWER PATTERN,2,2011-11-23 12:20:00,2.55,14049,United Kingdom
2,578250,23266,SET OF 3 WOODEN STOCKING DECORATION,1,2011-11-23 12:43:00,1.25,15901,United Kingdom
2,578548,22138,BAKING SET 9 PIECE RETROSPOT ,1,2011-11-24 15:02:00,4.95,17345,United Kingdom
2,578781,22563,HAPPY STENCIL CRAFT,1,2011-11-25 11:54:00,1.25,15872,United Kingdom
2,578926,22072,RED RETROSPOT TEA CUP AND SAUCER ,1,2011-11-27 12:24:00,3.75,18156,United Kingdom
2,578998,23329,DECORATIVE WICKER HEART LARGE,1,2011-11-27 16:05:00,1.65,15436,United Kingdom
2,579124,47469,ASSORTED SHAPES PHOTO CLIP SILVER ,1,2011-11-28 12:14:00,0.65,15721,United Kingdom
2,579145,21932,SCANDINAVIAN PAISLEY PICNIC BAG,1,2011-11-28 13:13:00,1.65,14597,United Kingdom
2,579491,23504,PLAYING CARDS JUBILEE UNION JACK,2,2011-11-29 15:23:00,1.25,14723,United Kingdom
2,579516,23426,METAL SIGN DROP YOUR PANTS,1,2011-11-29 17:52:00,2.89,17841,United Kingdom
2,579516,47421,ASSORTED COLOUR LIZARD SUCTION HOOK,2,2011-11-29 17:52:00,0.42,17841,United Kingdom
2,580075,23208,LUNCH BAG VINTAGE LEAF DESIGN,1,2011-12-01 14:09:00,1.65,17014,United Kingdom
2,580434,23322,LARGE WHITE HEART OF WICKER,1,2011-12-04 12:17:00,2.95,17114,United Kingdom
2,580731,22809,SET OF 6 T-LIGHTS SANTA,1,2011-12-05 17:36:00,2.95,17383,United Kingdom
2,580822,22816,CARD MOTORBIKE SANTA,12,2011-12-06 11:33:00,0.42,17884,United Kingdom
2,581116,20761,BLUE PAISLEY SKETCHBOOK,1,2011-12-07 12:21:00,3.75,17232,United Kingdom
2,581166,23240,SET OF 4 KNICK KNACK TINS DOILY ,1,2011-12-07 14:43:00,4.15,15525,United Kingdom
2,581173,20668,DISCO BALL CHRISTMAS DECORATION,24,2011-12-07 15:07:00,0.12,17870,United Kingdom
2,544336,22860,EASTER TIN CHICKS PINK DAISY,1,2011-02-17 19:36:00,1.65,13230,United Kingdom
2,544444,20726,LUNCH BAG WOODLAND,10,2011-02-20 10:51:00,1.65,13246,United Kingdom
2,547650,22989,SET 2 PANTRY DESIGN TEA TOWELS,4,2011-03-24 12:08:00,3.25,17059,United Kingdom
2,552285,22355,CHARLOTTE BAG SUKI DESIGN,1,2011-05-08 12:58:00,0.85,14684,United Kingdom
2,545188,22899,"CHILDREN'S APRON DOLLY GIRL ",1,2011-02-28 15:19:00,2.1,14056,United Kingdom
2,545188,22726,ALARM CLOCK BAKELIKE GREEN,1,2011-02-28 15:19:00,3.75,14056,United Kingdom
2,545980,21043,APRON MODERN VINTAGE COTTON,2,2011-03-08 12:49:00,1.95,14730,United Kingdom
2,546866,22295,HEART FILIGREE DOVE LARGE,1,2011-03-17 15:47:00,1.65,14462,United Kingdom
2,547050,21829,DINOSAUR KEYRINGS ASSORTED,36,2011-03-20 12:02:00,0.21,17795,United Kingdom
2,547063,21905,MORE BUTTER METAL SIGN ,1,2011-03-20 13:33:00,2.1,14769,United Kingdom
2,547273,22796,PHOTO FRAME 3 CLASSIC HANGING,2,2011-03-22 11:05:00,9.95,14530,United Kingdom
2,547498,22974,CHILDRENS DOLLY GIRL MUG,1,2011-03-23 12:24:00,1.65,15021,United Kingdom
2,547498,21947,SET OF 6 HEART CHOPSTICKS,1,2011-03-23 12:24:00,1.25,15021,United Kingdom
2,544569,22667,RECIPE BOX RETROSPOT ,3,2011-02-21 12:58:00,2.95,16980,United Kingdom
2,547651,22551,PLASTERS IN TIN SPACEBOY,1,2011-03-24 12:11:00,1.65,16904,United Kingdom
2,547712,22191,IVORY DINER WALL CLOCK,1,2011-03-24 19:31:00,8.5,16905,United Kingdom
2,547772,21107,CREAM SLICE FLANNEL PINK SPOT ,1,2011-03-25 11:34:00,2.95,17979,United Kingdom
2,547809,22300,COFFEE MUG DOG + BALL DESIGN,2,2011-03-25 13:54:00,2.55,12748,United Kingdom
2,544597,22570,FELTCRAFT CUSHION RABBIT,1,2011-02-21 17:42:00,3.75,16014,United Kingdom
2,544463,21937,STRAWBERRY   PICNIC BAG,1,2011-02-20 14:31:00,2.95,12988,United Kingdom
2,550322,20718,RED RETROSPOT SHOPPER BAG,1,2011-04-17 12:53:00,1.25,14524,United Kingdom
2,550621,21868,POTTING SHED TEA MUG,1,2011-04-19 13:41:00,1.25,13263,United Kingdom
2,550643,20823,GOLD WINE GOBLET,4,2011-04-19 16:14:00,0.79,18116,United Kingdom
2,550957,21931,JUMBO STORAGE BAG SUKI,1,2011-04-21 16:37:00,2.08,18283,United Kingdom
2,551966,22380,TOY TIDY SPACEBOY  ,1,2011-05-05 13:14:00,2.1,15356,United Kingdom
2,552277,22440,BALLOON WATER BOMB PACK OF 35,1,2011-05-08 12:34:00,0.42,13642,United Kingdom
2,544778,22441,GROW YOUR OWN BASIL IN ENAMEL MUG,1,2011-02-23 12:03:00,2.1,14978,United Kingdom
2,553141,22514,CHILDS GARDEN SPADE BLUE,1,2011-05-13 13:01:00,2.1,15907,United Kingdom
2,553141,22907,PACK OF 20 NAPKINS PANTRY DESIGN,1,2011-05-13 13:01:00,0.85,15907,United Kingdom
2,554157,23208,LUNCH BAG VINTAGE LEAF DESIGN,1,2011-05-23 11:33:00,1.65,18283,United Kingdom
2,554644,22386,JUMBO BAG PINK POLKADOT,1,2011-05-25 12:34:00,2.08,15311,United Kingdom
2,555110,22616,PACK OF 12 LONDON TISSUES ,1,2011-05-31 14:34:00,0.29,17841,United Kingdom
2,555110,22676,FRENCH BLUE METAL DOOR SIGN 1,1,2011-05-31 14:34:00,1.25,17841,United Kingdom
2,555853,85227,SET OF 6 3D KIT CARDS FOR KIDS,1,2011-06-07 13:44:00,0.85,14375,United Kingdom
2,556252,21086,SET/6 RED SPOTTY PAPER CUPS,12,2011-06-09 16:44:00,0.65,16779,United Kingdom
2,557758,21232,STRAWBERRY CERAMIC TRINKET BOX,4,2011-06-22 13:28:00,1.25,17585,United Kingdom
2,557956,22417,PACK OF 60 SPACEBOY CAKE CASES,1,2011-06-23 19:20:00,0.55,18283,United Kingdom
2,558232,20723,STRAWBERRY CHARLOTTE BAG,2,2011-06-27 14:30:00,0.85,17841,United Kingdom
2,558558,21669,BLUE STRIPE CERAMIC DRAWER KNOB,1,2011-06-30 13:17:00,1.25,17841,United Kingdom
2,559629,84997C,CHILDRENS CUTLERY POLKADOT BLUE,1,2011-07-11 11:58:00,4.15,14690,United Kingdom
2,559665,85061W,WHITE JEWELLED HEART DECORATION,1,2011-07-11 13:35:00,0.85,12556,Spain
2,559807,72800C,4 PINK DINNER CANDLE SILVER FLOCK,1,2011-07-12 14:48:00,2.55,17841,United Kingdom
2,559876,22469,HEART OF WICKER SMALL,1,2011-07-13 11:09:00,1.65,15752,United Kingdom
2,560104,23322,LARGE WHITE HEART OF WICKER,1,2011-07-14 18:56:00,2.95,17921,United Kingdom
2,560245,23298,SPOTTY BUNTING,1,2011-07-17 12:15:00,4.95,,Switzerland
2,560692,21041,RED RETROSPOT OVEN GLOVE DOUBLE,1,2011-07-20 12:01:00,2.95,14704,United Kingdom
2,560726,22155,STAR DECORATION RUSTIC,1,2011-07-20 14:16:00,0.42,17962,United Kingdom
2,569843,85071B,RED CHARLIE+LOLA PERSONAL DOORSIGN,5,2011-10-06 13:29:00,0.39,14449,United Kingdom
2,570235,22775,PURPLE DRAWERKNOB ACRYLIC EDWARDIAN,1,2011-10-09 14:30:00,1.25,13193,United Kingdom
2,570235,22805,BLUE DRAWER KNOB ACRYLIC EDWARDIAN,1,2011-10-09 14:30:00,1.25,13193,United Kingdom
2,571046,21098,CHRISTMAS TOILET ROLL,2,2011-10-13 13:35:00,1.25,18096,United Kingdom
2,571061,23201,JUMBO BAG ALPHABET,6,2011-10-13 14:33:00,4.13,,United Kingdom
2,571275,23194,GYMKHANA TREASURE BOOK BOX,1,2011-10-16 12:28:00,2.25,15994,United Kingdom
2,571418,75049L,LARGE CIRCULAR MIRROR MOBILE,6,2011-10-17 12:35:00,1.25,16412,United Kingdom
2,C572226,85066,CREAM SWEETHEART MINI CHEST,-1,2011-10-21 13:58:00,12.75,15321,United Kingdom
2,572295,21640,ASSORTED TUTTI FRUTTI  FOB NOTEBOOK,12,2011-10-23 13:49:00,0.85,16686,United Kingdom
2,572295,23505,PLAYING CARDS I LOVE LONDON ,1,2011-10-23 13:49:00,1.25,16686,United Kingdom
2,572330,20726,LUNCH BAG WOODLAND,1,2011-10-24 10:17:00,1.65,16426,United Kingdom
2,572475,22907,PACK OF 20 NAPKINS PANTRY DESIGN,1,2011-10-24 13:37:00,0.85,15271,United Kingdom
2,572513,23307,SET OF 60 PANTRY DESIGN CAKE CASES ,1,2011-10-24 14:36:00,0.55,16728,United Kingdom
2,572519,23490,T-LIGHT HOLDER HANGING LOVE BIRD,6,2011-10-24 14:56:00,3.75,15046,United Kingdom
2,572859,22220,CAKE STAND LOVEBIRD 2 TIER WHITE,1,2011-10-26 12:39:00,9.95,16418,United Kingdom
2,573075,22096,PINK PAISLEY SQUARE TISSUE BOX ,1,2011-10-27 14:04:00,0.39,17545,United Kingdom
2,573373,23583,LUNCH BAG PAISLEY PARK  ,1,2011-10-30 13:37:00,1.65,14684,United Kingdom
2,573397,22141,CHRISTMAS CRAFT TREE TOP ANGEL,1,2011-10-30 15:19:00,2.1,15547,United Kingdom
2,573415,21619,4 VANILLA BOTANICAL CANDLES,2,2011-10-30 16:17:00,1.25,13607,United Kingdom
2,574015,84946,ANTIQUE SILVER T-LIGHT GLASS,6,2011-11-02 12:03:00,1.25,15576,United Kingdom
2,574290,21695,SMALL SILVER FLOWER CANDLE POT,6,2011-11-03 15:18:00,2.95,17403,United Kingdom
2,574481,21990,MODERN FLORAL STATIONERY SET,1,2011-11-04 12:45:00,1.25,18022,United Kingdom
2,574550,23243,SET OF TEA COFFEE SUGAR TINS PANTRY,2,2011-11-04 15:18:00,4.95,12484,Spain
2,574555,22572,ROCKING HORSE GREEN CHRISTMAS ,5,2011-11-04 15:29:00,0.85,16426,United Kingdom
2,574683,22483,RED GINGHAM TEDDY BEAR ,1,2011-11-06 12:50:00,2.95,16372,United Kingdom
2,574826,22745,"POPPY'S PLAYHOUSE BEDROOM ",1,2011-11-07 10:58:00,2.1,15870,United Kingdom
2,575117,21992,VINTAGE PAISLEY STATIONERY SET,1,2011-11-08 14:22:00,1.25,12748,United Kingdom
2,575726,23356,LOVE HOT WATER BOTTLE,1,2011-11-10 19:12:00,5.95,16791,United Kingdom
2,561626,22383,LUNCH BAG SUKI DESIGN ,2,2011-07-28 14:03:00,1.65,14898,United Kingdom
2,561868,20728,LUNCH BAG CARS BLUE,2,2011-07-31 11:26:00,1.65,16813,United Kingdom
2,561893,23209,LUNCH BAG DOILEY PATTERN ,1,2011-07-31 14:39:00,1.65,12942,United Kingdom
2,562204,90209B,GREEN ENAMEL+GLASS HAIR COMB,1,2011-08-03 12:54:00,2.1,16324,United Kingdom
2,562427,22998,TRAVEL CARD WALLET KEEP CALM,1,2011-08-04 17:19:00,0.42,17267,United Kingdom
2,563021,22301,COFFEE MUG CAT + BIRD DESIGN,6,2011-08-11 13:25:00,2.55,18077,United Kingdom
2,563917,22195,LARGE HEART MEASURING SPOONS,1,2011-08-21 13:46:00,1.65,14572,United Kingdom
2,565388,85053,FRENCH ENAMEL CANDLEHOLDER,1,2011-09-02 15:56:00,2.1,14415,United Kingdom
2,565431,21174,POTTERING IN THE SHED METAL SIGN,1,2011-09-04 13:15:00,2.08,14965,United Kingdom
2,565682,23236,STORAGE TIN VINTAGE DOILY ,1,2011-09-06 10:42:00,2.89,14796,United Kingdom
2,566249,22749,FELTCRAFT PRINCESS CHARLOTTE DOLL,1,2011-09-11 12:09:00,3.75,13527,United Kingdom
2,579286,22580,ADVENT CALENDAR GINGHAM SACK,1,2011-11-29 10:57:00,5.95,17772,United Kingdom
2,549943,79164,BLACK WINE GLASS,6,2011-04-13 12:09:00,0.39,13544,United Kingdom
2,536551,22900, SET 2 TEA TOWELS I LOVE LONDON ,1,2010-12-01 14:34:00,2.95,17346,United Kingdom
2,536637,22920,HERB MARKER BASIL,1,2010-12-02 11:35:00,0.65,18041,United Kingdom
2,537595,22626,BLACK KITCHEN SCALES,1,2010-12-07 12:29:00,8.5,13569,United Kingdom
2,537624,21329,DINOSAURS  WRITING SET ,1,2010-12-07 14:41:00,1.65,12748,United Kingdom
2,537653,22107,PIZZA PLATE IN BOX,1,2010-12-07 15:54:00,3.75,17897,United Kingdom
2,537781,22908,PACK OF 20 NAPKINS RED APPLES,1,2010-12-08 12:46:00,0.85,17341,United Kingdom
2,538168,22739,RIBBON REEL CHRISTMAS SOCK BAUBLE,5,2010-12-09 19:23:00,1.65,14702,United Kingdom
2,538312,22739,RIBBON REEL CHRISTMAS SOCK BAUBLE,5,2010-12-10 13:48:00,1.65,16727,United Kingdom
2,538449,22374,AIRLINE BAG VINTAGE JET SET RED,1,2010-12-12 12:24:00,4.25,17085,United Kingdom
2,538625,22739,RIBBON REEL CHRISTMAS SOCK BAUBLE,5,2010-12-13 12:50:00,1.65,14544,United Kingdom
2,539470,21232,STRAWBERRY CERAMIC TRINKET BOX,1,2010-12-19 14:03:00,1.25,14472,United Kingdom
2,540992,22697,GREEN REGENCY TEACUP AND SAUCER,1,2011-01-12 16:57:00,2.95,17364,United Kingdom
2,541260,22072,RED RETROSPOT TEA CUP AND SAUCER ,1,2011-01-16 15:44:00,3.75,16059,United Kingdom
2,541975,20682,RED RETROSPOT CHILDRENS UMBRELLA,6,2011-01-24 14:24:00,3.25,,Hong Kong
2,542419,22907,PACK OF 20 NAPKINS PANTRY DESIGN,1,2011-01-27 17:41:00,0.85,14662,United Kingdom
2,542617,21534,DAIRY MAID LARGE MILK JUG,1,2011-01-30 15:48:00,4.95,17463,United Kingdom
2,543006,21034,REX CASH+CARRY JUMBO SHOPPER,1,2011-02-02 12:53:00,0.95,17975,United Kingdom
2,543277,21034,REX CASH+CARRY JUMBO SHOPPER,1,2011-02-06 14:33:00,0.95,15808,United Kingdom
2,543803,22957,SET 3 PAPER VINTAGE CHICK PAPER EGG,1,2011-02-13 12:05:00,2.95,17126,United Kingdom
2,543816,22087,PAPER BUNTING WHITE LACE,3,2011-02-13 15:26:00,2.95,17841,United Kingdom
2,543907,84946,ANTIQUE SILVER TEA GLASS ETCHED,1,2011-02-14 12:16:00,1.25,17346,United Kingdom
2,544106,22457,NATURAL SLATE HEART CHALKBOARD ,12,2011-02-16 10:47:00,2.95,14530,United Kingdom
2,536488,84347,ROTATING SILVER ANGELS T-LIGHT HLDR,1,2010-12-01 12:31:00,2.55,17897,United Kingdom
2,576695,16237,SLEEPING CAT ERASERS,1,2011-11-16 12:25:00,0.21,16469,United Kingdom
2,576830,23453,OVAL  MINI PORTRAIT FRAME,4,2011-11-16 14:54:00,1.95,14898,United Kingdom
2,576851,23322,LARGE WHITE HEART OF WICKER,1,2011-11-16 15:41:00,2.95,15967,United Kingdom
2,576889,20652,BLUE POLKADOT LUGGAGE TAG ,1,2011-11-16 17:24:00,1.25,12748,United Kingdom
2,577057,21930,JUMBO STORAGE BAG SKULLS,1,2011-11-17 14:26:00,2.08,12748,United Kingdom
2,577297,22154,ANGEL DECORATION 3 BUTTONS ,2,2011-11-18 12:48:00,0.42,14593,United Kingdom
2,577482,23321,SMALL WHITE HEART OF WICKER,6,2011-11-20 11:43:00,1.65,16762,United Kingdom
2,577482,20726,LUNCH BAG WOODLAND,5,2011-11-20 11:43:00,1.65,16762,United Kingdom
2,577557,23067,HANGING ENGRAVED METAL HEART,1,2011-11-20 15:36:00,4.15,15426,United Kingdom
2,577696,84029G,KNITTED UNION FLAG HOT WATER BOTTLE,1,2011-11-21 11:57:00,4.25,16406,United Kingdom
2,577696,22748,"POPPY'S PLAYHOUSE KITCHEN",1,2011-11-21 11:57:00,2.1,16406,United Kingdom
2,578074,23399,HOME SWEET HOME HANGING HEART,1,2011-11-22 16:06:00,0.85,17590,United Kingdom
2,578146,21890,S/6 WOODEN SKITTLES IN COTTON BAG,1,2011-11-23 11:07:00,3.25,13742,United Kingdom
2,578262,84992,72 SWEETHEART FAIRY CAKE CASES,1,2011-11-23 13:27:00,0.55,18283,United Kingdom
2,578703,85034B,3 WHITE CHOC MORRIS BOXED CANDLES,3,2011-11-25 11:02:00,1.25,17385,United Kingdom
2,578781,22634,CHILDS BREAKFAST SET SPACEBOY ,1,2011-11-25 11:54:00,9.95,15872,United Kingdom
2,578781,23191,BUNDLE OF 3 RETRO NOTE BOOKS,1,2011-11-25 11:54:00,1.65,15872,United Kingdom
2,578944,22380,TOY TIDY SPACEBOY  ,1,2011-11-27 13:41:00,2.1,16005,United Kingdom
2,566345,21313,GLASS HEART T-LIGHT HOLDER ,12,2011-09-12 12:27:00,0.85,17685,United Kingdom
2,579430,22866,HAND WARMER SCOTTY DOG DESIGN,1,2011-11-29 13:06:00,2.1,12748,United Kingdom
2,579458,23551,PACK OF 12 PAISLEY PARK TISSUES ,1,2011-11-29 14:38:00,0.39,16549,United Kingdom
2,579458,21872,GLAMOROUS  MUG,1,2011-11-29 14:38:00,1.25,16549,United Kingdom
2,579555,23322,LARGE WHITE HEART OF WICKER,2,2011-11-30 11:08:00,2.95,16241,United Kingdom
2,580293,82567,"AIRLINE LOUNGE,METAL SIGN",1,2011-12-02 13:38:00,2.1,16426,United Kingdom
2,580305,23084,RABBIT NIGHT LIGHT,4,2011-12-02 14:26:00,2.08,12970,United Kingdom
2,580396,21889,WOODEN BOX OF DOMINOES,1,2011-12-04 11:00:00,1.25,13838,United Kingdom
2,580469,21559,STRAWBERRY LUNCH BOX WITH CUTLERY,1,2011-12-04 12:32:00,2.55,14583,United Kingdom
2,580504,22385,JUMBO BAG SPACEBOY DESIGN,1,2011-12-04 13:32:00,2.08,17936,United Kingdom
2,580865,23439,HAND WARMER RED LOVE HEART,1,2011-12-06 11:58:00,2.1,17914,United Kingdom
2,581414,22379,RECYCLING BAG RETROSPOT ,1,2011-12-08 14:39:00,2.1,14730,United Kingdom
2,536412,21708,FOLDING UMBRELLA CREAM POLKADOT,1,2010-12-01 11:49:00,4.95,17920,United Kingdom
2,545066,22250,DECORATION  BUTTERFLY  MAGIC GARDEN,2,2011-02-27 14:44:00,0.85,13610,United Kingdom
2,545085,22464,HANGING METAL HEART LANTERN,6,2011-02-28 11:19:00,1.65,15039,United Kingdom
2,545166,84847,FLORAL BATHROOM SET,1,2011-02-28 14:03:00,3.75,17027,United Kingdom
2,545460,22148,EASTER CRAFT 4 CHICKS ,1,2011-03-02 17:33:00,1.95,13230,United Kingdom
2,545658,47566B,TEA TIME PARTY BUNTING,1,2011-03-04 14:13:00,4.95,14670,United Kingdom
2,545721,22697,GREEN REGENCY TEACUP AND SAUCER,1,2011-03-07 10:52:00,2.95,15039,United Kingdom
2,568513,23439,HAND WARMER RED LOVE HEART,24,2011-09-27 12:36:00,2.1,13555,United Kingdom
2,568227,21975,PACK OF 60 DINOSAUR CAKE CASES,1,2011-09-26 10:57:00,0.55,17841,United Kingdom
2,547063,22402,MAGNETS PACK OF 4 VINTAGE COLLAGE,1,2011-03-20 13:33:00,1.25,14769,United Kingdom
2,547083,22119,PEACE WOODEN BLOCK LETTERS,1,2011-03-20 15:21:00,6.95,15452,United Kingdom
2,547243,21901,"KEY FOB , BACK DOOR ",2,2011-03-21 16:59:00,0.65,17231,United Kingdom
2,547651,82613C,"METAL SIGN,CUPCAKE SINGLE HOOK",1,2011-03-24 12:11:00,1.25,16904,United Kingdom
2,547663,47590B,PINK HAPPY BIRTHDAY BUNTING,1,2011-03-24 13:16:00,5.45,16022,United Kingdom
2,568186,21408,SPOTTY PINK DUCK DOORSTOP,1,2011-09-25 14:08:00,4.25,17837,United Kingdom
2,548327,21980,PACK OF 12 RED RETROSPOT TISSUES ,1,2011-03-30 13:05:00,0.29,16788,United Kingdom
2,548666,22193,RED DINER WALL CLOCK,1,2011-04-01 14:58:00,8.5,13124,United Kingdom
2,548714,21067,VINTAGE RED TEATIME MUG,1,2011-04-03 15:07:00,1.25,17337,United Kingdom
2,569220,22356,CHARLOTTE BAG PINK POLKADOT,1,2011-10-02 13:26:00,0.85,16007,United Kingdom
2,550651,22557,PLASTERS IN TIN VINTAGE PAISLEY ,1,2011-04-19 16:52:00,1.65,15436,United Kingdom
2,551686,47566,PARTY BUNTING,3,2011-05-03 12:53:00,4.95,13668,United Kingdom
2,551986,23068,ALUMINIUM STAMPED HEART,4,2011-05-05 14:41:00,2.49,13888,United Kingdom
2,552285,22855,FINE WICKER HEART ,2,2011-05-08 12:58:00,1.25,14684,United Kingdom
2,552285,21789,KIDS RAIN MAC PINK,1,2011-05-08 12:58:00,0.85,14684,United Kingdom
2,553576,20752,BLUE POLKADOT WASHING UP GLOVES,6,2011-05-18 10:29:00,2.1,14282,United Kingdom
2,554102,22964,3 PIECE SPACEBOY COOKIE CUTTER SET,2,2011-05-22 13:40:00,2.1,14647,United Kingdom
2,554278,22405,MONEY BOX POCKET MONEY DESIGN,1,2011-05-23 13:25:00,1.25,13831,United Kingdom
2,566735,22358,KINGS CHOICE TEA CADDY ,1,2011-09-14 14:19:00,2.95,15707,United Kingdom
2,566296,21213,PACK OF 72 SKULL CAKE CASES,1,2011-09-11 15:47:00,0.55,17841,United Kingdom
2,556263,23242,TREASURE TIN BUFFALO BILL ,1,2011-06-09 18:41:00,2.08,13969,United Kingdom
2,557283,20728,LUNCH BAG CARS BLUE,1,2011-06-19 12:26:00,1.65,16813,United Kingdom
2,557758,21990,MODERN FLORAL STATIONERY SET,1,2011-06-22 13:28:00,1.25,17585,United Kingdom
2,558707,22530,MAGIC DRAWING SLATE DOLLY GIRL ,1,2011-07-01 12:58:00,0.42,12748,United Kingdom
2,559538,48184,DOORMAT ENGLISH ROSE ,1,2011-07-10 12:25:00,7.95,16880,United Kingdom
2,559674,21175,GIN + TONIC DIET METAL SIGN,12,2011-07-11 14:16:00,2.55,15856,United Kingdom
2,560018,21713,CITRONELLA CANDLE FLOWERPOT,1,2011-07-14 12:52:00,2.1,15987,United Kingdom
2,560305,22382,LUNCH BAG SPACEBOY DESIGN ,1,2011-07-18 10:49:00,1.65,16511,United Kingdom
2,560644,23199,JUMBO BAG APPLES,10,2011-07-20 11:22:00,2.08,16271,United Kingdom
2,560861,21591,COSY HOUR CIGAR BOX MATCHES ,1,2011-07-21 13:37:00,1.25,17660,United Kingdom
2,569218,85099F,JUMBO BAG STRAWBERRY,2,2011-10-02 12:47:00,2.08,15952,United Kingdom
2,576626,23100,SILVER BELLS TABLE DECORATION,1,2011-11-15 17:26:00,1.25,12890,United Kingdom
2,569897,84818,DANISH ROSE PHOTO FRAME,1,2011-10-06 16:01:00,0.79,17813,United Kingdom
2,570455,21382,SET/4 SPRING FLOWER DECORATION,1,2011-10-10 15:27:00,0.75,14529,United Kingdom
2,570677,22684,FRENCH BLUE METAL DOOR SIGN 9,2,2011-10-11 15:10:00,1.25,12836,United Kingdom
2,571039,20914,SET/5 RED RETROSPOT LID GLASS BOWLS,1,2011-10-13 12:59:00,2.95,16121,United Kingdom
2,571046,51014A,"FEATHER PEN,HOT PINK",12,2011-10-13 13:35:00,0.39,18096,United Kingdom
2,572058,85036C,ROSE 1 WICK MORRIS BOXED CANDLE,2,2011-10-20 12:43:00,1.25,18252,United Kingdom
2,572103,79160,HEART SHAPE WIRELESS DOORBELL,1,2011-10-20 15:57:00,2.1,17571,United Kingdom
2,572296,23239,SET OF 4 KNICK KNACK TINS POPPIES,2,2011-10-23 14:28:00,4.15,13598,United Kingdom
2,572301,21900,"KEY FOB , SHED",1,2011-10-23 14:41:00,0.65,16794,United Kingdom
2,572312,22112,CHOCOLATE HOT WATER BOTTLE,1,2011-10-23 15:47:00,4.95,15022,United Kingdom
2,572675,20963,APPLE BATH SPONGE,2,2011-10-25 13:20:00,1.25,17917,United Kingdom
2,573300,22096,PINK PAISLEY SQUARE TISSUE BOX ,1,2011-10-28 16:10:00,0.39,16049,United Kingdom
2,573347,21673,WHITE SPOT BLUE CERAMIC DRAWER KNOB,1,2011-10-30 12:26:00,1.45,13137,United Kingdom
2,574258,22624,IVORY KITCHEN SCALES,1,2011-11-03 13:50:00,8.5,16891,United Kingdom
2,574476,23499,SET 12 VINTAGE DOILY CHALK ,1,2011-11-04 12:20:00,0.42,17203,United Kingdom
2,574544,22738,RIBBON REEL SNOWY VILLAGE,5,2011-11-04 14:49:00,1.65,17084,United Kingdom
2,574660,22082,RIBBON REEL STRIPES DESIGN ,1,2011-11-06 11:55:00,1.65,15407,United Kingdom
2,574826,21977,PACK OF 60 PINK PAISLEY CAKE CASES,1,2011-11-07 10:58:00,0.55,15870,United Kingdom
2,574965,21914,BLUE HARMONICA IN BOX ,1,2011-11-08 10:44:00,1.25,17964,United Kingdom
2,574965,23493,VINTAGE DOILY TRAVEL SEWING KIT,1,2011-11-08 10:44:00,1.95,17964,United Kingdom
2,575034,22629,SPACEBOY LUNCH BOX ,1,2011-11-08 11:38:00,1.95,15573,United Kingdom
2,575117,22919,HERB MARKER MINT,1,2011-11-08 14:22:00,0.65,12748,United Kingdom
2,575117,23207,LUNCH BAG ALPHABET DESIGN,1,2011-11-08 14:22:00,1.65,12748,United Kingdom
2,575222,22567,20 DOLLY PEGS RETROSPOT,4,2011-11-09 11:33:00,1.45,16880,United Kingdom
2,575303,23321,SMALL WHITE HEART OF WICKER,4,2011-11-09 12:34:00,1.65,12893,United Kingdom
2,575368,21922,UNION STRIPE WITH FRINGE  HAMMOCK,1,2011-11-09 15:07:00,7.95,14482,United Kingdom
2,575870,21822,GLITTER CHRISTMAS TREE WITH BELLS,6,2011-11-11 12:46:00,0.79,15557,United Kingdom
2,562213,23239,SET OF 4 KNICK KNACK TINS POPPIES,1,2011-08-03 13:39:00,4.15,13975,United Kingdom
2,562540,23255,CHILDRENS CUTLERY CIRCUS PARADE,1,2011-08-05 15:38:00,4.15,17400,United Kingdom
2,563214,22077,6 RIBBONS RUSTIC CHARM,1,2011-08-14 12:56:00,1.65,16370,United Kingdom
2,563354,23307,SET OF 60 PANTRY DESIGN CAKE CASES ,1,2011-08-15 14:35:00,0.55,15271,United Kingdom
2,545459,21781,MA CAMPAGNE CUTLERY BOX,1,2011-03-02 17:21:00,14.95,17576,United Kingdom
2,563738,22178,VICTORIAN GLASS HANGING T-LIGHT,6,2011-08-18 19:13:00,1.25,15024,United Kingdom
2,563924,22113,GREY HEART HOT WATER BOTTLE,3,2011-08-21 14:32:00,3.75,15984,United Kingdom
2,564342,22956,36 FOIL HEART CAKE CASES,1,2011-08-24 14:53:00,2.1,16340,United Kingdom
2,564745,22880,NUMBER TILE VINTAGE FONT 1,2,2011-08-28 15:27:00,1.95,16806,United Kingdom
2,564843,23008,DOLLY GIRL BABY GIFT SET,1,2011-08-30 14:09:00,16.95,15866,United Kingdom
2,565456,21872,GLAMOROUS  MUG,1,2011-09-04 16:12:00,1.25,16629,United Kingdom
2,566018,23236,STORAGE TIN VINTAGE DOILY ,2,2011-09-08 12:42:00,2.89,13137,United Kingdom
2,566269,22965,3 TRADITIONAl BISCUIT CUTTERS  SET,1,2011-09-11 13:39:00,2.1,17864,United Kingdom
2,566269,22035,VINTAGE CARAVAN GREETING CARD ,12,2011-09-11 13:39:00,0.42,17864,United Kingdom
2,566281,22119,PEACE WOODEN BLOCK LETTERS,1,2011-09-11 14:15:00,6.95,12748,United Kingdom
2,566397,21181,PLEASE ONE PERSON METAL SIGN,2,2011-09-12 12:54:00,2.1,17811,United Kingdom
2,566450,22970,LONDON BUS COFFEE MUG,6,2011-09-12 16:12:00,2.55,15673,United Kingdom
2,567818,82483,WOOD 2 DRAWER CABINET WHITE FINISH,2,2011-09-22 12:41:00,6.95,14395,United Kingdom
2,568049,47421,ASSORTED COLOUR LIZARD SUCTION HOOK,1,2011-09-23 12:38:00,0.42,17841,United Kingdom
2,536412,22327,ROUND SNACK BOXES SET OF 4 SKULLS,1,2010-12-01 11:49:00,2.95,17920,United Kingdom
2,536528,22865,HAND WARMER OWL DESIGN,1,2010-12-01 13:17:00,2.1,15525,United Kingdom
2,537154,22748,"POPPY'S PLAYHOUSE KITCHEN",1,2010-12-05 13:05:00,2.1,15808,United Kingdom
2,537208,21034,REX CASH+CARRY JUMBO SHOPPER,1,2010-12-05 15:12:00,0.95,15889,United Kingdom
2,537210,22633,HAND WARMER UNION JACK,1,2010-12-05 15:15:00,2.1,15953,United Kingdom
2,537792,22918,HERB MARKER PARSLEY,1,2010-12-08 12:56:00,0.65,16385,United Kingdom
2,538518,20854,BLUE PATCH PURSE PINK HEART,2,2010-12-12 16:14:00,1.65,14505,United Kingdom
2,539317,22028,PENNY FARTHING BIRTHDAY CARD,12,2010-12-16 19:04:00,0.42,17392,United Kingdom
2,539472,22444,GROW YOUR OWN PLANT IN A CAN ,1,2010-12-19 14:23:00,1.25,15581,United Kingdom
2,540014,85194L,HANGING SPRING FLOWER EGG LARGE,1,2011-01-04 11:34:00,0.85,14606,United Kingdom
2,540647,22624,IVORY KITCHEN SCALES,1,2011-01-10 14:57:00,8.5,17406,United Kingdom
2,541265,85025C,PINK HEART SHAPE PHOTO FRAME,1,2011-01-16 16:23:00,1.65,17609,United Kingdom
2,541282,22424,ENAMEL BREAD BIN CREAM,1,2011-01-17 12:31:00,12.75,17690,United Kingdom
2,541660,22508,DOORSTOP RETROSPOT HEART,2,2011-01-20 12:20:00,3.75,17787,United Kingdom
2,541975,20749,ASSORTED COLOUR MINI CASES,6,2011-01-24 14:24:00,7.95,,Hong Kong
2,543040,20975,12 PENCILS SMALL TUBE RED RETROSPOT,1,2011-02-02 17:06:00,0.65,17337,United Kingdom
2,543800,22293,HANGING CHICK GREEN DECORATION,1,2011-02-13 11:36:00,1.45,17282,United Kingdom
2,541504,21535,RED RETROSPOT SMALL MILK JUG,1,2011-01-18 15:37:00,2.55,14415,United Kingdom
2,576228,23570,TRADITIONAL PICK UP STICKS GAME ,1,2011-11-14 13:12:00,1.25,15033,United Kingdom
2,576201,22087,PAPER BUNTING WHITE LACE,3,2011-11-14 12:18:00,2.95,14606,United Kingdom
2,575977,72800D,4 BLUE DINNER CANDLES SILVER FLOCK,1,2011-11-13 13:27:00,2.55,17287,United Kingdom
2,543474,21314,SMALL GLASS HEART TRINKET POT,4,2011-02-08 15:09:00,2.1,14415,United Kingdom
2,543277,21876,POTTERING MUG,6,2011-02-06 14:33:00,1.25,15808,United Kingdom
2,543245,22467,GUMBALL COAT RACK,1,2011-02-04 14:08:00,2.55,16725,United Kingdom
2,542898,22930,BAKING MOULD HEART MILK CHOCOLATE,1,2011-02-01 14:01:00,2.55,16110,United Kingdom
2,542107,84992,72 SWEETHEART FAIRY CAKE CASES,1,2011-01-25 13:38:00,0.55,16222,United Kingdom
2,541975,22452,MEASURING TAPE BABUSHKA PINK,24,2011-01-24 14:24:00,2.95,,Hong Kong
2,541845,21892,TRADITIONAL WOODEN CATCH CUP GAME ,1,2011-01-23 12:41:00,1.25,15167,United Kingdom
2,541602,85125,SMALL ROUND CUT GLASS CANDLESTICK,2,2011-01-19 17:17:00,4.95,17231,United Kingdom
2,540023,22670,FRENCH WC SIGN BLUE METAL,1,2011-01-04 12:58:00,1.25,15039,United Kingdom
2,540953,21212,PACK OF 72 RETROSPOT CAKE CASES,1,2011-01-12 13:16:00,0.55,14587,United Kingdom
2,540839,22960,JAM MAKING SET WITH JARS,1,2011-01-11 15:42:00,4.25,16791,United Kingdom
2,540514,22624,IVORY KITCHEN SCALES,1,2011-01-09 11:43:00,8.5,15708,United Kingdom
2,540499,22624,IVORY KITCHEN SCALES,1,2011-01-09 10:21:00,8.5,16923,United Kingdom
2,575895,21080,SET/20 RED RETROSPOT PAPER NAPKINS ,1,2011-11-11 14:50:00,0.85,17052,United Kingdom
2,544463,22804,CANDLEHOLDER PINK HANGING HEART,1,2011-02-20 14:31:00,2.95,12988,United Kingdom
2,576779,23109,PACK OF SIX LED TEA LIGHTS,6,2011-11-16 13:25:00,2.89,14554,United Kingdom
2,577128,22536,MAGIC DRAWING SLATE PURDEY,1,2011-11-17 19:48:00,0.42,14508,United Kingdom
2,577167,21065,BOOM BOX SPEAKER GIRLS,1,2011-11-18 10:41:00,5.95,16511,United Kingdom
2,577482,84032B,CHARLIE + LOLA RED HOT WATER BOTTLE,3,2011-11-20 11:43:00,2.95,16762,United Kingdom
2,577557,21636,MADRAS NOTEBOOK MEDIUM,1,2011-11-20 15:36:00,0.75,15426,United Kingdom
2,577696,22439,6 ROCKET BALLOONS ,3,2011-11-21 11:57:00,0.65,16406,United Kingdom
2,577742,22558,CLOTHES PEGS RETROSPOT PACK 24 ,1,2011-11-21 13:41:00,1.65,13755,United Kingdom
2,577778,71477,COLOURED GLASS STAR T-LIGHT HOLDER,1,2011-11-21 16:10:00,3.95,16549,United Kingdom
2,577782,22637,PIGGY BANK RETROSPOT ,1,2011-11-21 16:17:00,2.55,16549,United Kingdom
2,576695,23057,BEADED CHANDELIER T-LIGHT HOLDER,1,2011-11-16 12:25:00,4.95,16469,United Kingdom
2,578072,84949,SILVER HANGING T-LIGHT HOLDER,6,2011-11-22 16:02:00,1.65,17759,United Kingdom
2,578521,22457,NATURAL SLATE HEART CHALKBOARD ,1,2011-11-24 14:06:00,2.95,17812,United Kingdom
2,578676,22553,PLASTERS IN TIN SKULLS,1,2011-11-24 19:07:00,1.65,16016,United Kingdom
2,578814,22909,SET OF 20 VINTAGE CHRISTMAS NAPKINS,1,2011-11-25 13:40:00,0.85,12748,United Kingdom
2,578921,84991,60 TEATIME FAIRY CAKE CASES,1,2011-11-27 11:57:00,0.55,13596,United Kingdom
2,578949,22423,REGENCY CAKESTAND 3 TIER,1,2011-11-27 14:30:00,12.75,14954,United Kingdom
2,579161,23309,SET OF 60 I LOVE LONDON CAKE CASES ,1,2011-11-28 13:56:00,0.55,17379,United Kingdom
2,579456,23084,RABBIT NIGHT LIGHT,3,2011-11-29 14:20:00,2.08,13428,United Kingdom
2,579456,22624,IVORY KITCHEN SCALES,1,2011-11-29 14:20:00,8.5,13428,United Kingdom
2,576176,22066,LOVE HEART TRINKET POT,2,2011-11-14 11:04:00,0.39,16936,United Kingdom
2,579472,23251,VINTAGE RED ENAMEL TRIM MUG ,1,2011-11-29 15:09:00,1.25,13521,United Kingdom
2,580399,21111,"SWISS ROLL TOWEL, CHOCOLATE  SPOTS",1,2011-12-04 11:45:00,1.25,13471,United Kingdom
2,580611,20727,LUNCH BAG  BLACK SKULL.,1,2011-12-05 11:49:00,1.65,12748,United Kingdom
2,576518,22889,NUMBER TILE VINTAGE FONT No ,2,2011-11-15 12:25:00,2.1,16361,United Kingdom
2,580695,22072,RED RETROSPOT TEA CUP AND SAUCER ,1,2011-12-05 16:03:00,1.25,13230,United Kingdom
2,580884,23501,KEY RING BASEBALL BOOT UNION JACK,1,2011-12-06 12:21:00,1.25,15907,United Kingdom
2,580893,21355,TOAST ITS - I LOVE YOU ,1,2011-12-06 12:38:00,1.25,17290,United Kingdom
2,576236,23084,RABBIT NIGHT LIGHT,1,2011-11-14 13:31:00,2.08,13755,United Kingdom
2,575895,23165,LARGE CERAMIC TOP STORAGE JAR,1,2011-11-11 14:50:00,1.65,17052,United Kingdom
2,546950,22382,LUNCH BAG SPACEBOY DESIGN ,1,2011-03-18 11:24:00,1.65,16511,United Kingdom
2,544666,22173,METAL 4 HOOK HANGER FRENCH CHATEAU,1,2011-02-22 15:00:00,2.95,16907,United Kingdom
2,545079,21931,JUMBO STORAGE BAG SUKI,1,2011-02-28 10:30:00,1.95,18283,United Kingdom
2,545312,44234,ASSORTED CIRCULAR MOBILE,3,2011-03-01 13:51:00,0.21,15456,United Kingdom
2,545658,21625,VINTAGE UNION JACK APRON,1,2011-03-04 14:13:00,6.95,14670,United Kingdom
2,545669,22835,HOT WATER BOTTLE I AM SO POORLY,2,2011-03-06 10:05:00,4.65,17243,United Kingdom
2,545978,20717,STRAWBERRY SHOPPER BAG,2,2011-03-08 12:19:00,1.25,13975,United Kingdom
2,546424,22228,BUNNY WOODEN PAINTED WITH BIRD ,1,2011-03-13 12:51:00,0.85,13956,United Kingdom
2,546742,85212,MINI PAINTED GARDEN DECORATION ,1,2011-03-16 12:26:00,0.85,12849,United Kingdom
2,578068,23138,SINGLE WIRE HOOK IVORY HEART,2,2011-11-22 15:45:00,1.45,14505,United Kingdom
2,547663,22700,BLACK AND WHITE DOG BOWL,2,2011-03-24 13:16:00,2.95,16022,United Kingdom
2,548327,21967,PACK OF 12 SKULL TISSUES,1,2011-03-30 13:05:00,0.29,16788,United Kingdom
2,548670,84991,60 TEATIME FAIRY CAKE CASES,1,2011-04-01 15:37:00,0.55,15356,United Kingdom
2,548952,22251,BIRDHOUSE DECORATION MAGIC GARDEN,2,2011-04-05 10:46:00,1.25,15572,United Kingdom
2,551270,22716,CARD CIRCUS PARADE,12,2011-04-27 12:35:00,0.42,15891,United Kingdom
2,551276,23206,LUNCH BAG APPLE DESIGN,2,2011-04-27 13:06:00,1.65,16016,United Kingdom
2,551277,21535,RED RETROSPOT SMALL MILK JUG,2,2011-04-27 13:06:00,2.55,13637,United Kingdom
2,551277,21975,PACK OF 60 DINOSAUR CAKE CASES,2,2011-04-27 13:06:00,0.55,13637,United Kingdom
2,551950,21506,"FANCY FONT BIRTHDAY CARD, ",12,2011-05-05 11:38:00,0.42,14911,EIRE
2,552282,21955,DOORMAT UNION JACK GUNS AND ROSES,1,2011-05-08 12:44:00,7.95,14040,United Kingdom
2,552826,82583,HOT BATHS METAL SIGN,4,2011-05-11 13:20:00,2.1,14277,France
2,553657,21755,LOVE BUILDING BLOCK WORD,1,2011-05-18 11:28:00,5.95,14583,United Kingdom
2,553935,21166,COOK WITH WINE METAL SIGN ,12,2011-05-20 10:32:00,2.08,15856,United Kingdom
2,554105,21272,SALLE DE BAIN HOOK,1,2011-05-22 14:04:00,1.25,14711,United Kingdom
2,554112,22176,BLUE OWL SOFT TOY,1,2011-05-22 14:44:00,2.95,17611,United Kingdom
2,554684,22804,CANDLEHOLDER PINK HANGING HEART,2,2011-05-25 16:28:00,2.95,16448,United Kingdom
2,554980,22274,FELTCRAFT DOLL EMILY,1,2011-05-29 11:59:00,2.95,17613,United Kingdom
2,555110,22383,LUNCH BAG SUKI DESIGN ,1,2011-05-31 14:34:00,1.65,17841,United Kingdom
2,555110,22671,FRENCH LAUNDRY SIGN BLUE METAL,1,2011-05-31 14:34:00,1.65,17841,United Kingdom
2,555845,22620,4 TRADITIONAL SPINNING TOPS,1,2011-06-07 13:19:00,1.45,17015,United Kingdom
2,555845,21877,HOME SWEET HOME MUG,1,2011-06-07 13:19:00,1.25,17015,United Kingdom
2,556926,21380,WOODEN HAPPY BIRTHDAY GARLAND,1,2011-06-15 14:26:00,2.95,16324,United Kingdom
2,557019,23301,GARDENERS KNEELING PAD KEEP CALM ,1,2011-06-16 12:45:00,1.65,15907,United Kingdom
2,557644,23290,SPACEBOY CHILDRENS BOWL,7,2011-06-21 17:06:00,1.25,,United Kingdom
2,558232,22326,ROUND SNACK BOXES SET OF4 WOODLAND ,1,2011-06-27 14:30:00,2.95,17841,United Kingdom
2,558247,21471,STRAWBERRY RAFFIA FOOD COVER,1,2011-06-27 16:46:00,3.75,14167,United Kingdom
2,558340,22627,MINT KITCHEN SCALES,1,2011-06-28 14:01:00,0.0,,United Kingdom
2,559549,23307,SET OF 60 PANTRY DESIGN CAKE CASES ,1,2011-07-10 15:25:00,0.55,13230,United Kingdom
2,559984,22328,ROUND SNACK BOXES SET OF 4 FRUITS ,1,2011-07-14 11:45:00,2.95,16657,United Kingdom
2,560861,21820,GLITTER HEART GARLAND WITH BELLS ,1,2011-07-21 13:37:00,3.75,17660,United Kingdom
2,560861,22563,HAPPY STENCIL CRAFT,1,2011-07-21 13:37:00,1.25,17660,United Kingdom
2,561036,23238,SET OF 4 KNICK KNACK TINS LONDON ,2,2011-07-24 11:54:00,4.15,13137,United Kingdom
2,569228,85032B,BLOSSOM IMAGES GIFT WRAP SET,12,2011-10-02 14:47:00,0.65,15547,United Kingdom
2,569229,23399,HOME SWEET HOME HANGING HEART,2,2011-10-02 14:56:00,0.85,14502,United Kingdom
2,569230,22423,REGENCY CAKESTAND 3 TIER,1,2011-10-02 15:07:00,12.75,16533,United Kingdom
2,569332,23206,LUNCH BAG APPLE DESIGN,1,2011-10-03 13:46:00,1.65,12637,France
2,569546,22666,RECIPE BOX PANTRY YELLOW DESIGN,1,2011-10-04 16:39:00,2.95,15276,United Kingdom
2,569546,21731,RED TOADSTOOL LED NIGHT LIGHT,1,2011-10-04 16:39:00,1.65,15276,United Kingdom
2,569669,47504K,ENGLISH ROSE GARDEN SECATEURS,1,2011-10-05 13:47:00,0.79,14730,United Kingdom
2,569670,23508,MINI PLAYING CARDS DOLLY GIRL ,1,2011-10-05 13:47:00,0.42,14730,United Kingdom
2,569866,23365,SET 12 COLOUR PENCILS LOVE LONDON,1,2011-10-06 14:50:00,0.65,12757,Portugal
2,569897,22969,HOMEMADE JAM SCENTED CANDLES,12,2011-10-06 16:01:00,1.45,17813,United Kingdom
2,570093,21592,RETROSPOT CIGAR BOX MATCHES ,1,2011-10-07 11:55:00,1.25,18096,United Kingdom
2,570168,23032,DRAWER KNOB CRACKLE GLAZE IVORY,1,2011-10-07 14:05:00,1.65,17596,United Kingdom
2,570210,23420,PANTRY HOOK TEA STRAINER ,1,2011-10-09 10:48:00,2.08,13259,United Kingdom
2,570230,21819,GLITTER CHRISTMAS STAR ,1,2011-10-09 13:41:00,0.39,18088,United Kingdom
2,570234,23330,DECORATIVE WICKER HEART MEDIUM,1,2011-10-09 14:22:00,1.25,17790,United Kingdom
2,570404,22100,SKULLS SQUARE TISSUE BOX,1,2011-10-10 12:50:00,0.39,16395,United Kingdom
2,570410,23307,SET OF 60 PANTRY DESIGN CAKE CASES ,1,2011-10-10 13:04:00,0.55,16776,United Kingdom
2,570414,23461,SWEETHEART BIRD HOUSE,2,2011-10-10 13:17:00,4.15,17214,United Kingdom
2,572103,22918,HERB MARKER PARSLEY,1,2011-10-20 15:57:00,0.65,17571,United Kingdom
2,572295,23392,SPACEBOY ROCKET LOLLY MAKERS,1,2011-10-23 13:49:00,2.08,16686,United Kingdom
2,572307,22158,3 HEARTS HANGING DECORATION RUSTIC,8,2011-10-23 15:23:00,2.95,16905,United Kingdom
2,538509,22557,PLASTERS IN TIN VINTAGE PAISLEY ,1,2010-12-12 13:37:00,1.65,14413,United Kingdom
2,578233,22382,LUNCH BAG SPACEBOY DESIGN ,10,2011-11-23 12:20:00,1.65,14049,United Kingdom
2,575152,20973,12 PENCIL SMALL TUBE WOODLAND,2,2011-11-08 16:12:00,0.65,16284,United Kingdom
2,558096,23299,FOOD COVER WITH BEADS SET 2 ,2,2011-06-26 13:24:00,3.75,15532,United Kingdom
2,575754,22634,CHILDS BREAKFAST SET SPACEBOY ,1,2011-11-11 10:43:00,9.95,17295,United Kingdom
2,575851,23318,BOX OF 6 MINI VINTAGE CRACKERS,1,2011-11-11 12:13:00,2.49,14662,United Kingdom
2,562106,84192,ASSORTED COLOUR METAL CAT ,1,2011-08-02 15:19:00,1.25,14076,United Kingdom
2,562258,23096,PETIT TRAY CHIC,2,2011-08-03 15:28:00,1.65,16348,United Kingdom
2,562540,22891,TEA FOR ONE POLKADOT,1,2011-08-05 15:38:00,4.25,17400,United Kingdom
2,562558,23185,FRENCH STYLE STORAGE JAR JAM,6,2011-08-05 16:43:00,0.29,13451,United Kingdom
2,563200,21899,GARAGE KEY FOB,1,2011-08-14 10:49:00,0.65,13838,United Kingdom
2,563214,47591D,PINK FAIRY CAKE CHILDRENS APRON,1,2011-08-14 12:56:00,1.95,16370,United Kingdom
2,563734,85015,SET OF 12  VINTAGE POSTCARD SET,1,2011-08-18 18:11:00,0.65,14064,United Kingdom
2,564725,23201,JUMBO BAG ALPHABET,1,2011-08-28 12:28:00,2.08,18041,United Kingdom
2,564733,22335,HEART DECORATION PAINTED ZINC ,1,2011-08-28 13:18:00,0.65,17841,United Kingdom
2,565411,22895,SET OF 2 TEA TOWELS APPLE AND PEARS,1,2011-09-04 11:22:00,3.25,13772,United Kingdom
2,565541,22530,MAGIC DRAWING SLATE DOLLY GIRL ,1,2011-09-05 12:00:00,0.42,14159,United Kingdom
2,566055,23356,LOVE HOT WATER BOTTLE,1,2011-09-08 15:05:00,5.95,15453,United Kingdom
2,566091,15044D,RED PAPER PARASOL,1,2011-09-09 10:37:00,2.95,17870,United Kingdom
2,566345,22791,T-LIGHT GLASS FLUTED ANTIQUE,12,2011-09-12 12:27:00,1.25,17685,United Kingdom
2,567183,21535,RED RETROSPOT SMALL MILK JUG,1,2011-09-18 15:33:00,2.55,14769,United Kingdom
2,568066,22304,COFFEE MUG BLUE PAISLEY DESIGN,6,2011-09-23 13:48:00,2.55,14529,United Kingdom
2,575152,23510,MINI PLAYING CARDS GYMKHANA,1,2011-11-08 16:12:00,0.42,16284,United Kingdom
2,568142,23012,GLASS APOTHECARY BOTTLE PERFUME,1,2011-09-25 11:22:00,3.95,16744,United Kingdom
2,568186,21891,TRADITIONAL WOODEN SKIPPING ROPE,2,2011-09-25 14:08:00,1.45,17837,United Kingdom
2,568226,23232,WRAP VINTAGE LEAF DESIGN,25,2011-09-26 10:39:00,0.42,16719,United Kingdom
2,536796,21328,BALLOONS  WRITING SET ,1,2010-12-02 15:46:00,1.65,15574,United Kingdom
2,537136,21090,SET/6 COLLAGE PAPER PLATES,2,2010-12-05 12:42:00,0.85,12748,United Kingdom
2,537136,85049A,TRADITIONAL CHRISTMAS RIBBONS,2,2010-12-05 12:42:00,1.25,12748,United Kingdom
2,537155,21786,POLKADOT RAIN HAT ,1,2010-12-05 13:05:00,0.42,12748,United Kingdom
2,537254,22578,WOODEN STAR CHRISTMAS SCANDINAVIAN,1,2010-12-06 11:01:00,0.85,15898,United Kingdom
2,537369,20752,BLUE POLKADOT WASHING UP GLOVES,1,2010-12-06 12:41:00,2.1,17860,United Kingdom
2,537781,22584,PACK OF 6 PANNETONE GIFT BOXES,1,2010-12-08 12:46:00,2.55,17341,United Kingdom
2,537781,72799E,IVORY PILLAR CANDLE SILVER FLOCK,1,2010-12-08 12:46:00,2.95,17341,United Kingdom
2,538174,22326,ROUND SNACK BOXES SET OF4 WOODLAND ,12,2010-12-10 09:35:00,2.95,12471,Germany
2,538200,21034,REX CASH+CARRY JUMBO SHOPPER,1,2010-12-10 11:11:00,0.95,17912,United Kingdom
2,C538341,22727,ALARM CLOCK BAKELIKE RED ,-1,2010-12-10 14:03:00,3.75,15514,United Kingdom
2,538379,22917,HERB MARKER ROSEMARY,1,2010-12-12 11:26:00,0.65,17126,United Kingdom
2,572669,23212,HEART WREATH DECORATION WITH BELL,1,2011-10-25 13:10:00,1.25,16549,United Kingdom
2,538810,22557,PLASTERS IN TIN VINTAGE PAISLEY ,1,2010-12-14 12:18:00,1.65,14871,United Kingdom
2,538843,22653,BUTTON BOX ,1,2010-12-14 13:18:00,1.95,16033,United Kingdom
2,539419,48138,DOORMAT UNION FLAG,10,2010-12-17 14:10:00,6.75,12431,Australia
2,575117,23084,RABBIT NIGHT LIGHT,1,2011-11-08 14:22:00,2.08,12748,United Kingdom
2,540098,20727,LUNCH BAG  BLACK SKULL.,1,2011-01-04 15:50:00,1.65,16241,United Kingdom
2,540953,21975,PACK OF 60 DINOSAUR CAKE CASES,1,2011-01-12 13:16:00,0.55,14587,United Kingdom
2,541414,21034,REX CASH+CARRY JUMBO SHOPPER,1,2011-01-17 16:14:00,0.95,18212,United Kingdom
2,543040,21975,PACK OF 60 DINOSAUR CAKE CASES,1,2011-02-02 17:06:00,0.55,17337,United Kingdom
2,544153,82552,WASHROOM METAL SIGN,2,2011-02-16 12:11:00,1.45,15356,United Kingdom
2,575886,21354,TOAST ITS - BEST MUM,1,2011-11-11 13:57:00,1.25,12517,Germany
2,576300,20901,VINTAGE KEEPSAKE BOX PINK FLOWER,1,2011-11-14 14:39:00,6.35,15058,United Kingdom
2,576600,22649,STRAWBERRY FAIRY CAKE TEAPOT,1,2011-11-15 15:08:00,4.95,18181,United Kingdom
2,576600,22646,CERAMIC STRAWBERRY CAKE MONEY BANK,4,2011-11-15 15:08:00,1.45,18181,United Kingdom
2,576626,23212,HEART WREATH DECORATION WITH BELL,1,2011-11-15 17:26:00,1.25,12890,United Kingdom
2,576690,23355,HOT WATER BOTTLE KEEP CALM,1,2011-11-16 12:19:00,4.95,15900,United Kingdom
2,574959,23493,VINTAGE DOILY TRAVEL SEWING KIT,1,2011-11-08 10:09:00,1.95,17886,United Kingdom
2,577473,21584,RETROSPOT SMALL TUBE MATCHES,3,2011-11-20 11:28:00,1.65,15919,United Kingdom
2,577482,23269,SET OF 2 CERAMIC CHRISTMAS TREES,6,2011-11-20 11:43:00,1.45,16762,United Kingdom
2,577482,23355,HOT WATER BOTTLE KEEP CALM,3,2011-11-20 11:43:00,4.95,16762,United Kingdom
2,577483,22171,3 HOOK PHOTO SHELF ANTIQUE WHITE,2,2011-11-20 11:50:00,8.5,14502,United Kingdom
2,577504,22408,MONEY BOX CONFECTIONERY DESIGN,1,2011-11-20 12:36:00,1.25,14159,United Kingdom
2,577773,23349,ROLL WRAP VINTAGE CHRISTMAS,3,2011-11-21 15:57:00,1.25,16712,United Kingdom
2,574720,22632,HAND WARMER RED RETROSPOT,1,2011-11-06 14:39:00,2.1,14547,United Kingdom
2,578041,82482,WOODEN PICTURE FRAME WHITE FINISH,6,2011-11-22 14:23:00,2.95,17338,United Kingdom
2,578041,22766,PHOTO FRAME CORNICE,4,2011-11-22 14:23:00,2.95,17338,United Kingdom
2,580958,23333,IVORY WICKER HEART MEDIUM,1,2011-12-06 14:30:00,1.25,17266,United Kingdom
2,574657,22966,GINGERBREAD MAN COOKIE CUTTER,2,2011-11-06 11:43:00,1.25,13772,United Kingdom
2,573543,23152,IVORY SWEETHEART WIRE LETTER RACK ,2,2011-10-31 13:05:00,3.75,17777,United Kingdom
2,578921,21975,PACK OF 60 DINOSAUR CAKE CASES,1,2011-11-27 11:57:00,0.55,13596,United Kingdom
2,578921,22630,DOLLY GIRL LUNCH BOX,1,2011-11-27 11:57:00,1.95,13596,United Kingdom
2,578950,23084,RABBIT NIGHT LIGHT,1,2011-11-27 14:40:00,2.08,17885,United Kingdom
2,578993,22340,NOEL GARLAND PAINTED ZINC ,12,2011-11-27 15:38:00,0.39,15987,United Kingdom
2,578993,23119,PACK OF 6 LARGE FRUIT STRAWS ,1,2011-11-27 15:38:00,0.62,15987,United Kingdom
2,578995,22297,HEART IVORY TRELLIS SMALL,1,2011-11-27 15:59:00,1.25,15861,United Kingdom
2,579002,84380,SET OF 3 BUTTERFLY COOKIE CUTTERS,1,2011-11-27 16:27:00,1.45,14093,United Kingdom
2,579413,22059,CERAMIC STRAWBERRY DESIGN MUG,2,2011-11-29 12:50:00,1.49,13668,United Kingdom
2,579458,20982,12 PENCILS TALL TUBE SKULLS,1,2011-11-29 14:38:00,0.85,16549,United Kingdom
2,579458,85123A,WHITE HANGING HEART T-LIGHT HOLDER,1,2011-11-29 14:38:00,2.95,16549,United Kingdom
2,580136,21629,SQUARE FLOOR CUSHION VINTAGE RED,1,2011-12-01 19:42:00,7.95,17841,United Kingdom
2,580287,23284,DOORMAT KEEP CALM AND COME IN,2,2011-12-02 13:28:00,8.25,14594,United Kingdom
2,580290,23367,SET 12 COLOUR PENCILS SPACEBOY ,1,2011-12-02 13:35:00,0.65,17221,United Kingdom
2,572475,22082,RIBBON REEL STRIPES DESIGN ,1,2011-10-24 13:37:00,1.65,15271,United Kingdom
2,580695,23570,TRADITIONAL PICK UP STICKS GAME ,1,2011-12-05 16:03:00,1.25,13230,United Kingdom
2,580848,22571,ROCKING HORSE RED CHRISTMAS ,1,2011-12-06 11:51:00,0.85,18005,United Kingdom
2,580865,21891,TRADITIONAL WOODEN SKIPPING ROPE,1,2011-12-06 11:58:00,1.45,17914,United Kingdom
2,568066,23294,SET OF 6 SNACK LOAF BAKING CASES,1,2011-09-23 13:48:00,0.83,14529,United Kingdom
2,581149,22807,SET OF 6 T-LIGHTS TOADSTOOLS,6,2011-12-07 14:12:00,1.25,15471,United Kingdom
2,581538,22694,WICKER STAR ,1,2011-12-09 11:34:00,2.1,14446,United Kingdom
2,544461,22024,RAINY LADIES BIRTHDAY CARD,12,2011-02-20 14:08:00,0.42,13744,United Kingdom
2,544930,22297,HEART IVORY TRELLIS SMALL,1,2011-02-24 18:26:00,1.25,17472,United Kingdom
2,547498,22247,BUNNY DECORATION MAGIC GARDEN,1,2011-03-23 12:24:00,0.85,15021,United Kingdom
2,547498,84596F,SMALL MARSHMALLOWS PINK BOWL,1,2011-03-23 12:24:00,0.42,15021,United Kingdom
2,547651,82613A,"METAL SIGN,CUPCAKE SINGLE HOOK",1,2011-03-24 12:11:00,1.25,16904,United Kingdom
2,547809,20755,BLUE PAISLEY POCKET BOOK,1,2011-03-25 13:54:00,0.85,12748,United Kingdom
2,548604,22453,MEASURING TAPE BABUSHKA BLUE,1,2011-04-01 10:58:00,2.95,,United Kingdom
2,549121,22082,RIBBON REEL STRIPES DESIGN ,5,2011-04-06 13:33:00,1.65,17140,United Kingdom
2,549257,21844,RED RETROSPOT MUG,1,2011-04-07 12:29:00,2.95,14465,United Kingdom
2,549291,21198,WHITE HEART CONFETTI IN TUBE,1,2011-04-07 19:05:00,1.65,16261,United Kingdom
2,549771,22136,LOVE HEART SOCK HANGER,1,2011-04-12 11:43:00,1.65,14669,United Kingdom
2,550320,22383,LUNCH BAG SUKI DESIGN ,1,2011-04-17 12:37:00,1.65,12748,United Kingdom
2,550331,22219,LOVEBIRD HANGING DECORATION WHITE ,1,2011-04-17 13:43:00,0.85,15555,United Kingdom
2,550989,85132A,CHARLIE + LOLA BISCUITS TINS,2,2011-04-21 18:22:00,1.95,13969,United Kingdom
2,552277,22109,FULL ENGLISH BREAKFAST PLATE,1,2011-05-08 12:34:00,3.75,13642,United Kingdom
2,552285,47591D,PINK FAIRY CAKE CHILDRENS APRON,1,2011-05-08 12:58:00,1.95,14684,United Kingdom
2,552652,22475,SKULL DESIGN TV DINNER TRAY,2,2011-05-10 14:09:00,4.95,14591,United Kingdom
2,553004,23202,JUMBO BAG VINTAGE LEAF,10,2011-05-12 16:11:00,2.08,17764,United Kingdom
2,553014,23079,TOADSTOOL BEDSIDE LIGHT ,1,2011-05-12 18:49:00,8.95,13451,United Kingdom
2,553054,22970,LONDON BUS COFFEE MUG,6,2011-05-13 10:22:00,2.55,17886,United Kingdom
2,553856,21212,PACK OF 72 RETROSPOT CAKE CASES,1,2011-05-19 13:28:00,0.55,16813,United Kingdom
2,553856,47480,HANGING PHOTO CLIP ROPE LADDER,1,2011-05-19 13:28:00,1.65,16813,United Kingdom
2,554114,21108,FAIRY CAKE FLANNEL ASSORTED COLOUR,1,2011-05-22 15:00:00,2.55,15292,United Kingdom
2,554157,21155,RED RETROSPOT PEG BAG,1,2011-05-23 11:33:00,2.55,18283,United Kingdom
2,554942,21672,WHITE SPOT RED CERAMIC DRAWER KNOB,6,2011-05-27 14:01:00,1.25,17841,United Kingdom
2,554989,84563B,BLUE & WHITE BREAKFAST TRAY,2,2011-05-29 13:50:00,2.95,15897,United Kingdom
2,555541,22960,JAM MAKING SET WITH JARS,1,2011-06-05 12:51:00,4.25,16883,United Kingdom
2,556596,21220,SET/4 BADGES DOGS,10,2011-06-13 14:29:00,1.25,17349,United Kingdom
2,556905,20728,LUNCH BAG CARS BLUE,1,2011-06-15 13:05:00,1.65,16904,United Kingdom
2,556915,22906,12 MESSAGE CARDS WITH ENVELOPES,1,2011-06-15 13:35:00,1.65,15036,United Kingdom
2,557283,23206,LUNCH BAG APPLE DESIGN,1,2011-06-19 12:26:00,1.65,16813,United Kingdom
2,558049,10133,COLOURING PENCILS BROWN TUBE,1,2011-06-24 14:16:00,0.42,15850,United Kingdom
2,558099,21984,PACK OF 12 PINK PAISLEY TISSUES ,12,2011-06-26 13:45:00,0.29,17593,United Kingdom
2,558620,85035A,GARDENIA 3 WICK MORRIS BOXED CANDLE,1,2011-06-30 16:39:00,4.25,15584,United Kingdom
2,558754,22570,FELTCRAFT CUSHION RABBIT,1,2011-07-03 12:10:00,3.75,15518,United Kingdom
2,558877,23206,LUNCH BAG APPLE DESIGN,1,2011-07-04 13:50:00,1.65,17841,United Kingdom
2,559525,84596F,SMALL MARSHMALLOWS PINK BOWL,8,2011-07-10 10:30:00,0.42,16923,United Kingdom
2,559876,20973,12 PENCIL SMALL TUBE WOODLAND,1,2011-07-13 11:09:00,0.65,15752,United Kingdom
2,560271,22517,CHILDS GARDEN RAKE PINK,1,2011-07-17 14:51:00,2.1,16474,United Kingdom
2,569207,22306,SILVER MUG BONE CHINA TREE OF LIFE,6,2011-10-02 11:04:00,1.06,17811,United Kingdom
2,569234,23203,JUMBO BAG VINTAGE DOILY ,1,2011-10-02 15:33:00,2.08,17841,United Kingdom
2,569472,22792,FLUTED ANTIQUE CANDLE HOLDER,12,2011-10-04 12:38:00,0.85,14515,United Kingdom
2,570197,22382,LUNCH BAG SPACEBOY DESIGN ,1,2011-10-07 15:45:00,1.65,13755,United Kingdom
2,570210,22210,WOOD STAMP SET BEST WISHES,1,2011-10-09 10:48:00,0.83,13259,United Kingdom
2,570246,21262,WHITE GOOSE FEATHER CHRISTMAS TREE ,1,2011-10-09 16:22:00,2.95,16921,United Kingdom
2,570246,22062,CERAMIC BOWL WITH LOVE HEART DESIGN,1,2011-10-09 16:22:00,0.83,16921,United Kingdom
2,571216,71053,WHITE METAL LANTERN,1,2011-10-14 13:06:00,3.75,16081,United Kingdom
2,571270,21618,4 WILDFLOWER BOTANICAL CANDLES,2,2011-10-16 12:09:00,1.25,12940,United Kingdom
2,571275,23461,SWEETHEART BIRD HOUSE,2,2011-10-16 12:28:00,4.15,15994,United Kingdom
2,571408,22138,BAKING SET 9 PIECE RETROSPOT ,1,2011-10-17 12:22:00,4.95,15012,United Kingdom
2,571669,22835,HOT WATER BOTTLE I AM SO POORLY,2,2011-10-18 13:11:00,4.95,17758,United Kingdom
2,572050,22384,LUNCH BAG PINK POLKADOT,1,2011-10-20 12:23:00,1.65,17346,United Kingdom
2,572095,22476,EMPIRE UNION JACK TV DINNER TRAY,1,2011-10-20 15:15:00,4.95,15511,United Kingdom
2,572513,85071B,RED CHARLIE+LOLA PERSONAL DOORSIGN,1,2011-10-24 14:36:00,0.39,16728,United Kingdom
2,573094,82583,HOT BATHS METAL SIGN,1,2011-10-27 14:39:00,2.1,15707,United Kingdom
2,573269,23212,HEART WREATH DECORATION WITH BELL,1,2011-10-28 13:00:00,1.25,16764,United Kingdom
2,573286,22555,PLASTERS IN TIN STRONGMAN,2,2011-10-28 14:38:00,1.65,,Switzerland
2,573340,20719,WOODLAND CHARLOTTE BAG,2,2011-10-30 11:55:00,0.85,14159,United Kingdom
2,573897,21822,GLITTER CHRISTMAS TREE WITH BELLS,12,2011-11-01 14:29:00,0.79,16729,United Kingdom
2,573904,23084,RABBIT NIGHT LIGHT,3,2011-11-01 14:54:00,2.08,14505,United Kingdom
2,574063,22577,WOODEN HEART CHRISTMAS SCANDINAVIAN,2,2011-11-02 14:31:00,0.29,13271,United Kingdom
2,574481,23351,"ROLL WRAP 50'S CHRISTMAS",1,2011-11-04 12:45:00,1.25,18022,United Kingdom
2,574481,23201,JUMBO BAG ALPHABET,1,2011-11-04 12:45:00,2.08,18022,United Kingdom
2,574629,22994,TRAVEL CARD WALLET RETROSPOT,2,2011-11-06 11:21:00,0.42,16326,United Kingdom
2,574660,21636,MADRAS NOTEBOOK MEDIUM,1,2011-11-06 11:55:00,0.75,15407,United Kingdom
2,574714,22816,CARD MOTORBIKE SANTA,12,2011-11-06 14:29:00,0.42,15427,United Kingdom
2,575117,22488,NATURAL SLATE RECTANGLE CHALKBOARD,1,2011-11-08 14:22:00,1.65,12748,United Kingdom
2,575215,21259,VICTORIAN SEWING BOX SMALL ,4,2011-11-09 11:04:00,5.95,18109,United Kingdom
2,575303,23320,"GIANT 50'S CHRISTMAS CRACKER",1,2011-11-09 12:34:00,2.89,12893,United Kingdom
2,575368,23396,LE JARDIN BOTANIQUE CUSHION COVER,1,2011-11-09 15:07:00,3.75,14482,United Kingdom
2,575583,22576,SWALLOW WOODEN CHRISTMAS DECORATION,1,2011-11-10 11:55:00,0.85,14456,United Kingdom
2,575661,22571,ROCKING HORSE RED CHRISTMAS ,3,2011-11-10 14:39:00,0.85,12617,France
2,575753,47422,ASSORTED MONKEY SUCTION CUP HOOK,4,2011-11-11 10:41:00,0.42,17841,United Kingdom
2,575837,23506,MINI PLAYING CARDS SPACEBOY ,1,2011-11-11 11:37:00,0.42,12748,United Kingdom
2,575851,20780,BLACK EAR MUFF HEADPHONES,1,2011-11-11 12:13:00,5.49,14662,United Kingdom
2,575856,84945,MULTI COLOUR SILVER T-LIGHT HOLDER,12,2011-11-11 12:28:00,0.85,16386,United Kingdom
2,562213,23293,SET OF 12 FAIRY CAKE BAKING CASES,8,2011-08-03 13:39:00,0.83,13975,United Kingdom
2,562571,22055,MINI CAKE STAND  HANGING STRAWBERY,1,2011-08-07 12:21:00,1.65,13782,United Kingdom
2,563026,22662,LUNCH BAG DOLLY GIRL DESIGN,2,2011-08-11 14:04:00,1.65,15747,United Kingdom
2,563924,21172,PARTY METAL SIGN ,1,2011-08-21 14:32:00,1.45,15984,United Kingdom
2,565067,22352,LUNCH BOX WITH CUTLERY RETROSPOT ,1,2011-08-31 17:16:00,2.55,15856,United Kingdom
2,565541,23399,HOME SWEET HOME HANGING HEART,2,2011-09-05 12:00:00,0.85,14159,United Kingdom
2,565766,23241,TREASURE TIN GYMKHANA DESIGN,2,2011-09-06 14:23:00,2.08,17841,United Kingdom
2,566094,51014A,"FEATHER PEN,HOT PINK",12,2011-09-09 10:42:00,0.39,17965,United Kingdom
2,566225,84991,60 TEATIME FAIRY CAKE CASES,1,2011-09-11 10:35:00,0.55,16899,United Kingdom
2,566269,22713,CARD I LOVE LONDON ,12,2011-09-11 13:39:00,0.42,17864,United Kingdom
2,566272,22698,PINK REGENCY TEACUP AND SAUCER,1,2011-09-11 13:51:00,2.95,14487,United Kingdom
2,566275,23309,SET OF 60 I LOVE LONDON CAKE CASES ,2,2011-09-11 13:58:00,0.55,16549,United Kingdom
2,566279,85111,SILVER GLITTER FLOWER VOTIVE HOLDER,6,2011-09-11 14:09:00,0.29,14432,United Kingdom
2,566601,22070,SMALL RED RETROSPOT MUG IN BOX ,1,2011-09-13 15:57:00,3.75,16469,United Kingdom
2,567165,20713,JUMBO BAG OWLS,1,2011-09-18 11:58:00,2.08,17841,United Kingdom
2,567183,23074,EMBOSSED HEART TRINKET BOX,4,2011-09-18 15:32:00,2.08,14769,United Kingdom
2,567475,21136,PAINTED METAL PEARS ASSORTED,4,2011-09-20 13:11:00,1.69,16360,United Kingdom
2,568710,23398,HANGING HEART BONHEUR,1,2011-09-28 15:42:00,0.85,14649,United Kingdom
2,536528,22911,PAPER CHAIN KIT LONDON,1,2010-12-01 13:17:00,2.95,15525,United Kingdom
2,536749,22371,AIRLINE BAG VINTAGE TOKYO 78,1,2010-12-02 13:49:00,4.25,17976,United Kingdom
2,536846,22113,GREY HEART HOT WATER BOTTLE,1,2010-12-02 19:59:00,3.75,14573,United Kingdom
2,537195,22775,PURPLE DRAWERKNOB ACRYLIC EDWARDIAN,12,2010-12-05 13:55:00,1.25,15311,United Kingdom
2,537265,22844,VINTAGE CREAM DOG FOOD CONTAINER,1,2010-12-06 11:26:00,8.5,15919,United Kingdom
2,537646,72799F,IVORY PILLAR CANDLE GOLD FLOCK,1,2010-12-07 15:39:00,2.95,17591,United Kingdom
2,538504,84946,ANTIQUE SILVER TEA GLASS ETCHED,6,2010-12-12 13:01:00,1.25,16011,United Kingdom
2,538744,22531,MAGIC DRAWING SLATE CIRCUS PARADE  ,1,2010-12-14 11:26:00,0.42,15356,United Kingdom
2,538810,21756,BATH BUILDING BLOCK WORD,2,2010-12-14 12:18:00,5.95,14871,United Kingdom
2,538839,21890,S/6 WOODEN SKITTLES IN COTTON BAG,1,2010-12-14 13:10:00,2.95,14606,United Kingdom
2,539324,20658,RED RETROSPOT LUGGAGE TAG,1,2010-12-16 19:51:00,1.25,14985,United Kingdom
2,539659,22728,ALARM CLOCK BAKELIKE PINK,6,2010-12-21 09:47:00,3.75,15034,United Kingdom
2,541244,85036C,ROSE 1 WICK MORRIS BOXED CANDLE,6,2011-01-16 12:35:00,4.25,15535,United Kingdom
2,541489,21313,GLASS HEART T-LIGHT HOLDER ,3,2011-01-18 13:38:00,0.85,15023,United Kingdom
2,541523,22726,ALARM CLOCK BAKELIKE GREEN,1,2011-01-19 10:09:00,3.75,17708,United Kingdom
2,542192,84378,SET OF 3 HEART COOKIE CUTTERS,3,2011-01-26 11:27:00,1.25,14049,United Kingdom
2,542737,84947,ANTIQUE SILVER TEA GLASS ENGRAVED,6,2011-01-31 15:52:00,1.25,15058,United Kingdom
2,543277,21533,RETROSPOT LARGE MILK JUG,1,2011-02-06 14:33:00,4.95,15808,United Kingdom
2,543397,21826,EIGHT PIECE DINOSAUR SET,1,2011-02-08 10:32:00,1.25,17859,United Kingdom
2,537224,21901,"KEY FOB , BACK DOOR ",1,2010-12-05 16:24:00,0.65,13174,United Kingdom
2,540023,22315,200 RED + WHITE BENDY STRAWS,1,2011-01-04 12:58:00,1.25,15039,United Kingdom
2,538744,21175,GIN + TONIC DIET METAL SIGN,2,2010-12-14 11:26:00,2.1,15356,United Kingdom
2,538421,22726,ALARM CLOCK BAKELIKE GREEN,1,2010-12-12 12:08:00,3.75,17917,United Kingdom
2,538368,22834,HAND WARMER BABUSHKA DESIGN,1,2010-12-12 10:57:00,2.1,15503,United Kingdom
2,537781,72800E,4 IVORY DINNER CANDLES SILVER FLOCK,1,2010-12-08 12:46:00,2.55,17341,United Kingdom
2,537395,22632,HAND WARMER RED RETROSPOT,1,2010-12-06 14:05:00,2.1,15356,United Kingdom
2,537265,21499,BLUE POLKADOT WRAP,25,2010-12-06 11:26:00,0.42,15919,United Kingdom
2,574714,85049E,SCANDINAVIAN REDS RIBBONS,1,2011-11-06 14:29:00,1.25,15427,United Kingdom
2,537208,20978,36 PENCILS TUBE SKULLS,2,2010-12-05 15:12:00,1.25,15889,United Kingdom
2,546993,20979,36 PENCILS TUBE RED RETROSPOT,2,2011-03-18 13:19:00,1.25,17921,United Kingdom
2,537133,21625,VINTAGE UNION JACK APRON,1,2010-12-05 12:29:00,6.95,18156,United Kingdom
2,536863,20986,BLUE CALCULATOR RULER,2,2010-12-03 11:19:00,1.25,17967,United Kingdom
2,536528,22744,MAKE YOUR OWN MONSOON CARD KIT,2,2010-12-01 13:17:00,2.95,15525,United Kingdom
2,536528,22839,3 TIER CAKE TIN GREEN AND CREAM,1,2010-12-01 13:17:00,14.95,15525,United Kingdom
2,566786,47566,PARTY BUNTING,4,2011-09-15 10:29:00,4.95,13518,United Kingdom
2,569897,20975,12 PENCILS SMALL TUBE RED RETROSPOT,1,2011-10-06 16:01:00,0.65,17813,United Kingdom
2,565289,21755,LOVE BUILDING BLOCK WORD,3,2011-09-02 11:43:00,5.95,14911,EIRE
2,564660,22951,60 CAKE CASES DOLLY GIRL DESIGN,24,2011-08-26 14:45:00,0.55,15074,United Kingdom
2,564356,85099C,JUMBO  BAG BAROQUE BLACK WHITE,2,2011-08-24 15:47:00,2.08,13969,United Kingdom
2,564342,23247,"BISCUIT TIN 50'S CHRISTMAS",1,2011-08-24 14:53:00,2.89,16340,United Kingdom
2,563617,22321,BIRD DECORATION RED RETROSPOT,24,2011-08-18 09:45:00,0.85,15301,United Kingdom
2,562526,22690,DOORMAT HOME SWEET HOME BLUE ,1,2011-08-05 13:46:00,7.95,16880,United Kingdom
2,546622,22355,CHARLOTTE BAG SUKI DESIGN,1,2011-03-15 11:30:00,0.85,17954,United Kingdom
2,561893,22411,JUMBO SHOPPER VINTAGE RED PAISLEY,1,2011-07-31 14:39:00,2.08,12942,United Kingdom
2,575843,23203,JUMBO BAG VINTAGE DOILY ,1,2011-11-11 12:02:00,2.08,14446,United Kingdom
2,575760,21041,RED RETROSPOT OVEN GLOVE DOUBLE,1,2011-11-11 10:50:00,2.95,15965,United Kingdom
2,575706,22385,JUMBO BAG SPACEBOY DESIGN,2,2011-11-10 17:13:00,2.08,14713,United Kingdom
2,574749,23319,"BOX OF 6 MINI 50'S CRACKERS",6,2011-11-07 08:54:00,2.49,15150,United Kingdom
2,574734,23569,TRADTIONAL ALPHABET STAMP SET,1,2011-11-06 15:20:00,4.95,15025,United Kingdom
2,543040,82578,KITCHEN METAL SIGN,1,2011-02-02 17:06:00,0.55,17337,United Kingdom
2,570455,22759,SET OF 3 NOTEBOOKS IN PARCEL,1,2011-10-10 15:27:00,1.65,14529,United Kingdom
2,574994,22456,NATURAL SLATE CHALKBOARD LARGE ,1,2011-11-08 11:03:00,4.95,17870,United Kingdom
2,575087,21232,STRAWBERRY CERAMIC TRINKET POT,1,2011-11-08 13:57:00,1.25,16549,United Kingdom
2,581147,23332,IVORY WICKER HEART LARGE,5,2011-12-07 14:01:00,1.65,16426,United Kingdom
2,544368,22517,CHILDS GARDEN RAKE PINK,3,2011-02-18 11:27:00,2.1,14057,United Kingdom
2,544450,21789,KIDS RAIN MAC PINK,1,2011-02-20 12:23:00,0.85,17811,United Kingdom
2,544461,22027,TEA PARTY BIRTHDAY CARD,12,2011-02-20 14:08:00,0.42,13744,United Kingdom
2,545980,22926,IVORY GIANT GARDEN THERMOMETER,1,2011-03-08 12:49:00,5.95,14730,United Kingdom
2,546107,84828,JUNGLE POPSICLES ICE LOLLY HOLDERS,1,2011-03-09 12:33:00,1.25,17238,United Kingdom
2,546261,22385,JUMBO BAG SPACEBOY DESIGN,1,2011-03-10 15:01:00,1.95,17841,United Kingdom
2,546635,22662,LUNCH BAG DOLLY GIRL DESIGN,1,2011-03-15 12:11:00,1.65,16392,United Kingdom
2,546774,22295,HEART FILIGREE DOVE LARGE,2,2011-03-16 15:45:00,1.65,14505,United Kingdom
2,546912,23182,TOILET SIGN OCCUPIED OR VACANT,3,2011-03-17 20:12:00,0.83,15861,United Kingdom
2,546951,22412,METAL SIGN NEIGHBOURHOOD WITCH ,1,2011-03-18 11:30:00,2.1,17673,United Kingdom
2,546951,22148,EASTER CRAFT 4 CHICKS ,1,2011-03-18 11:30:00,1.95,17673,United Kingdom
2,547372,21314,SMALL GLASS HEART TRINKET POT,1,2011-03-22 13:46:00,2.1,16374,United Kingdom
2,547651,22285,HANGING HEN ON NEST DECORATION,1,2011-03-24 12:11:00,1.65,16904,United Kingdom
2,547663,23126,FELTCRAFT GIRL AMELIE KIT,1,2011-03-24 13:16:00,4.95,16022,United Kingdom
2,547906,23193,BUFFALO BILL TREASURE BOOK BOX,1,2011-03-28 12:13:00,2.25,14410,United Kingdom
2,548309,22616,PACK OF 12 LONDON TISSUES ,12,2011-03-30 12:02:00,0.29,16657,United Kingdom
2,548670,84992,72 SWEETHEART FAIRY CAKE CASES,1,2011-04-01 15:37:00,0.55,15356,United Kingdom
2,548714,47503H,ASS FLORAL PRINT SPIRIT LEVEL ,1,2011-04-03 15:07:00,1.95,17337,United Kingdom
2,548792,84836,ZINC METAL HEART DECORATION,1,2011-04-04 12:42:00,1.25,14711,United Kingdom
2,549234,20803,SMALL PINK GLASS SUNDAE DISH,6,2011-04-07 11:12:00,0.39,16515,United Kingdom
2,549262,22086,"PAPER CHAIN KIT 50'S CHRISTMAS ",1,2011-04-07 12:38:00,2.95,14465,United Kingdom
2,549983,21731,RED TOADSTOOL LED NIGHT LIGHT,1,2011-04-13 15:55:00,1.65,16348,United Kingdom
2,553184,22193,RED DINER WALL CLOCK,1,2011-05-15 12:33:00,8.5,13232,United Kingdom
2,554157,22382,LUNCH BAG SPACEBOY DESIGN ,1,2011-05-23 11:33:00,1.65,18283,United Kingdom
2,556473,22727,ALARM CLOCK BAKELIKE RED ,1,2011-06-12 12:00:00,3.75,17265,United Kingdom
2,556520,37449,CERAMIC CAKE STAND + HANGING CAKES,1,2011-06-13 11:10:00,9.95,14177,United Kingdom
2,556813,23172,REGENCY TEA PLATE PINK,10,2011-06-14 17:28:00,1.65,,United Kingdom
2,558105,84951A,SET OF 4 PISTACHIO LOVEBIRD COASTER,1,2011-06-26 14:54:00,0.79,15644,United Kingdom
2,558709,22326,ROUND SNACK BOXES SET OF4 WOODLAND ,1,2011-07-01 13:02:00,2.95,17338,United Kingdom
2,559693,23339,EGG FRYING PAN BLUE ,2,2011-07-11 16:21:00,2.08,,United Kingdom
2,559894,85071B,RED CHARLIE+LOLA PERSONAL DOORSIGN,2,2011-07-13 12:06:00,0.39,14159,United Kingdom
2,560791,23182,TOILET SIGN OCCUPIED OR VACANT,24,2011-07-21 10:30:00,0.83,14688,United Kingdom
2,560937,23154,SET OF 4 JAM JAR MAGNETS,1,2011-07-22 10:52:00,2.08,17920,United Kingdom
2,569332,22328,ROUND SNACK BOXES SET OF 4 FRUITS ,1,2011-10-03 13:46:00,2.95,12637,France
2,569651,21588,RETROSPOT GIANT TUBE MATCHES,1,2011-10-05 12:49:00,2.55,14534,United Kingdom
2,569897,22554,PLASTERS IN TIN WOODLAND ANIMALS,1,2011-10-06 16:01:00,1.65,17813,United Kingdom
2,569897,85049H,URBAN BLACK RIBBONS ,1,2011-10-06 16:01:00,1.25,17813,United Kingdom
2,578852,22134,MINI LADLE LOVE HEART RED ,1,2011-11-27 11:12:00,0.42,17841,United Kingdom
2,570455,22208,WOOD STAMP SET THANK YOU,1,2011-10-10 15:27:00,0.83,14529,United Kingdom
2,570818,84510A,SET OF 4 ENGLISH ROSE COASTERS,1,2011-10-12 12:47:00,1.25,17841,United Kingdom
2,571229,23265,SET OF 3 WOODEN TREE DECORATIONS,1,2011-10-14 14:04:00,1.25,15453,United Kingdom
2,571274,23407,SET OF 2 TRAYS HOME SWEET HOME,2,2011-10-16 12:25:00,9.95,16934,United Kingdom
2,572023,84879,ASSORTED COLOUR BIRD ORNAMENT,8,2011-10-20 11:03:00,1.69,17764,United Kingdom
2,572103,22916,HERB MARKER THYME,1,2011-10-20 15:57:00,0.65,17571,United Kingdom
2,572295,23256,CHILDRENS CUTLERY SPACEBOY ,1,2011-10-23 13:49:00,4.15,16686,United Kingdom
2,572296,22188,BLACK HEART CARD HOLDER,1,2011-10-23 14:28:00,3.95,13598,United Kingdom
2,572309,21819,GLITTER CHRISTMAS STAR ,2,2011-10-23 15:29:00,0.39,14432,United Kingdom
2,579458,22212,FOUR HOOK  WHITE LOVEBIRDS,1,2011-11-29 14:38:00,2.1,16549,United Kingdom
2,572318,23165,LARGE CERAMIC TOP STORAGE JAR,2,2011-10-23 16:19:00,1.65,15436,United Kingdom
2,572513,37370,RETRO COFFEE MUGS ASSORTED,1,2011-10-24 14:36:00,1.65,16728,United Kingdom
2,572650,20727,LUNCH BAG  BLACK SKULL.,2,2011-10-25 12:00:00,1.65,15506,United Kingdom
2,572668,23128,FELTCRAFT BOY JEAN-PAUL KIT,1,2011-10-25 13:07:00,4.95,18045,United Kingdom
2,573876,21975,PACK OF 60 DINOSAUR CAKE CASES,1,2011-11-01 12:48:00,0.55,16360,United Kingdom
2,573876,23121,PACK OF 6 COCKTAIL PARASOL STRAWS,1,2011-11-01 12:48:00,0.42,16360,United Kingdom
2,573904,23509,MINI PLAYING CARDS FUN FAIR ,1,2011-11-01 14:54:00,0.42,14505,United Kingdom
2,574474,21744,SNOWFLAKE PORTABLE TABLE LIGHT ,1,2011-11-04 12:05:00,2.95,17979,United Kingdom
2,579465,23323,WHITE WICKER STAR ,1,2011-11-29 14:53:00,2.1,15790,United Kingdom
2,580305,23352,"ROLL WRAP 50'S RED CHRISTMAS ",2,2011-12-02 14:26:00,1.25,12970,United Kingdom
2,580504,23579,SNACK TRAY I LOVE LONDON,1,2011-12-04 13:32:00,1.95,17936,United Kingdom
2,575519,23506,MINI PLAYING CARDS SPACEBOY ,20,2011-11-10 10:53:00,0.42,12682,France
2,575760,22931,BAKING MOULD HEART WHITE CHOCOLATE,1,2011-11-11 10:50:00,2.55,15965,United Kingdom
2,561079,22571,ROCKING HORSE RED CHRISTMAS ,1,2011-07-24 16:12:00,0.85,13956,United Kingdom
2,561912,79030D,TUMBLER BAROQUE,6,2011-08-01 11:08:00,0.39,13184,United Kingdom
2,562619,23198,PANTRY MAGNETIC  SHOPPING LIST,1,2011-08-08 12:34:00,1.45,15311,United Kingdom
2,562688,21730,GLASS STAR FROSTED T-LIGHT HOLDER,1,2011-08-08 13:53:00,4.95,13869,United Kingdom
2,563239,23205,CHARLOTTE BAG VINTAGE ALPHABET ,1,2011-08-15 10:02:00,0.85,15048,United Kingdom
2,564335,21034,REX CASH+CARRY JUMBO SHOPPER,2,2011-08-24 14:23:00,0.95,15800,United Kingdom
2,579447,23389,SPACEBOY MINI BACKPACK,2,2011-11-29 13:46:00,4.15,14390,United Kingdom
2,565151,22979,PANTRY WASHING UP BRUSH,1,2011-09-01 14:29:00,1.45,16923,United Kingdom
2,565421,21210,SET OF 72 RETROSPOT PAPER  DOILIES,1,2011-09-04 12:10:00,1.45,16744,United Kingdom
2,565475,20725,LUNCH BAG RED RETROSPOT,100,2011-09-05 10:47:00,1.45,14156,EIRE
2,566085,20725,LUNCH BAG RED RETROSPOT,1,2011-09-09 10:12:00,1.65,17841,United Kingdom
2,566258,21485,RETROSPOT HEART HOT WATER BOTTLE,1,2011-09-11 12:45:00,4.95,13124,United Kingdom
2,567288,21034,REX CASH+CARRY JUMBO SHOPPER,1,2011-09-19 11:49:00,0.95,16906,United Kingdom
2,567474,23381,PACK OF 12 VINTAGE LEAF TISSUES ,12,2011-09-20 12:53:00,0.39,13448,United Kingdom
2,567853,22434,BALLOON PUMP WITH 10 BALLOONS,2,2011-09-22 13:31:00,1.95,15484,United Kingdom
2,568163,21288,STRIPEY CHOCOLATE NESTING BOXES,1,2011-09-25 12:34:00,2.95,14540,United Kingdom
2,568183,81952V,ROUND PURPLE CLOCK WITH SUCKER,1,2011-09-25 13:47:00,0.19,13991,United Kingdom
2,568245,22595,GINGHAM HEART DECORATION,12,2011-09-26 12:23:00,0.85,13867,United Kingdom
2,568712,22505,MEMO BOARD COTTAGE DESIGN,1,2011-09-28 15:50:00,4.95,17841,United Kingdom
2,536412,22749,FELTCRAFT PRINCESS CHARLOTTE DOLL,1,2010-12-01 11:49:00,3.75,17920,United Kingdom
2,536551,22895,SET OF 2 TEA TOWELS APPLE AND PEARS,1,2010-12-01 14:34:00,2.95,17346,United Kingdom
2,579387,21592,RETROSPOT CIGAR BOX MATCHES ,2,2011-11-29 12:06:00,1.25,14452,United Kingdom
2,537144,22100,SKULLS SQUARE TISSUE BOX,1,2010-12-05 13:00:00,1.25,15880,United Kingdom
2,578950,21064,BOOM BOX SPEAKER BOYS,1,2011-11-27 14:40:00,5.95,17885,United Kingdom
2,537222,22375,AIRLINE BAG VINTAGE JET SET BROWN,1,2010-12-05 16:00:00,4.25,14404,United Kingdom
2,537362,22554,PLASTERS IN TIN WOODLAND ANIMALS,1,2010-12-06 12:34:00,1.65,17596,United Kingdom
2,538205,85035B,CHOCOLATE 3 WICK MORRIS BOX CANDLE,1,2010-12-10 11:24:00,4.25,12748,United Kingdom
2,538313,22727,ALARM CLOCK BAKELIKE RED ,1,2010-12-10 13:50:00,3.75,15514,United Kingdom
2,538369,22942,CHRISTMAS LIGHTS 10 SANTAS ,1,2010-12-12 11:06:00,8.5,17251,United Kingdom
2,538379,22921,HERB MARKER CHIVES ,1,2010-12-12 11:26:00,0.65,17126,United Kingdom
2,538709,22759,SET OF 3 NOTEBOOKS IN PARCEL,1,2010-12-14 10:46:00,1.65,16442,United Kingdom
2,578928,22818,CARD CHRISTMAS VILLAGE,12,2011-11-27 12:29:00,0.42,15443,United Kingdom
2,540506,22722,SET OF 6 SPICE TINS PANTRY DESIGN,2,2011-01-09 11:12:00,3.95,17796,United Kingdom
2,578921,22450,SILK PURSE BABUSHKA BLUE,1,2011-11-27 11:57:00,3.35,13596,United Kingdom
2,540839,21124,SET/10 BLUE POLKADOT PARTY CANDLES,1,2011-01-11 15:42:00,1.25,16791,United Kingdom
2,541266,22988,SOLDIERS EGG CUP ,12,2011-01-16 16:25:00,1.25,15673,United Kingdom
2,541886,20713,JUMBO BAG OWLS,10,2011-01-24 11:21:00,1.95,15039,United Kingdom
2,542107,21670,BLUE SPOT CERAMIC DRAWER KNOB,6,2011-01-25 13:38:00,1.25,16222,United Kingdom
2,542112,84755,COLOUR GLASS T-LIGHT HOLDER HANGING,8,2011-01-25 13:55:00,0.65,13168,United Kingdom
2,542236,22722,SET OF 6 SPICE TINS PANTRY DESIGN,1,2011-01-26 14:19:00,3.95,17027,United Kingdom
2,575886,21355,TOAST ITS - I LOVE YOU ,1,2011-11-11 13:57:00,1.25,12517,Germany
2,575989,23554,LANDMARK FRAME OXFORD STREET,1,2011-11-13 14:20:00,12.5,14698,United Kingdom
2,576045,22114,HOT WATER BOTTLE TEA AND SYMPATHY,2,2011-11-13 14:42:00,4.25,15022,United Kingdom
2,576075,23308,SET OF 60 VINTAGE LEAF CAKE CASES ,6,2011-11-13 16:16:00,0.55,15861,United Kingdom
2,576538,23556,LANDMARK FRAME COVENT GARDEN ,1,2011-11-15 12:42:00,12.5,14725,United Kingdom
2,577504,22383,LUNCH BAG SUKI DESIGN ,2,2011-11-20 12:36:00,1.65,14159,United Kingdom
2,576689,23084,RABBIT NIGHT LIGHT,1,2011-11-16 12:18:00,2.08,16657,United Kingdom
2,576911,22662,LUNCH BAG DOLLY GIRL DESIGN,1,2011-11-17 10:01:00,1.65,17461,United Kingdom
2,577051,22219,LOVEBIRD HANGING DECORATION WHITE ,1,2011-11-17 14:02:00,0.85,14034,United Kingdom
2,577076,85089,CANDY SPOT BUNNY,1,2011-11-17 15:08:00,2.95,14362,United Kingdom
2,577485,23439,HAND WARMER RED LOVE HEART,1,2011-11-20 11:56:00,2.1,16360,United Kingdom
2,577511,23296,SET OF 6 TEA TIME BAKING CASES,2,2011-11-20 12:53:00,1.25,17561,United Kingdom
2,577540,82494L,WOODEN FRAME ANTIQUE WHITE ,1,2011-11-20 14:28:00,2.95,14984,United Kingdom
2,578074,22784,LANTERN CREAM GAZEBO ,1,2011-11-22 16:06:00,4.95,17590,United Kingdom
2,578678,23313,VINTAGE CHRISTMAS BUNTING,1,2011-11-24 19:59:00,4.95,17841,United Kingdom
2,578852,22196,SMALL HEART MEASURING SPOONS,1,2011-11-27 11:12:00,0.85,17841,United Kingdom
2,574675,22904,CALENDAR PAPER CUT DESIGN,1,2011-11-06 12:31:00,2.95,17289,United Kingdom
2,579135,23321,SMALL WHITE HEART OF WICKER,3,2011-11-28 12:44:00,1.65,18096,United Kingdom
2,579145,23238,SET OF 4 KNICK KNACK TINS LONDON ,1,2011-11-28 13:13:00,4.15,14597,United Kingdom
2,579167,21534,DAIRY MAID LARGE MILK JUG,1,2011-11-28 14:06:00,4.95,16800,United Kingdom
2,579167,22644,CERAMIC CHERRY CAKE MONEY BANK,8,2011-11-28 14:06:00,1.45,16800,United Kingdom
2,579171,23582,VINTAGE DOILY JUMBO BAG RED ,1,2011-11-28 14:30:00,2.08,13030,United Kingdom
2,579520,22230,JIGSAW TREE WITH WATERING CAN,1,2011-11-29 18:14:00,0.29,12748,United Kingdom
2,578757,22142,CHRISTMAS CRAFT WHITE FAIRY ,1,2011-11-25 11:41:00,1.45,12748,United Kingdom
2,578541,23115,RED APPLES CHOPPING BOARD   ,2,2011-11-24 15:01:00,4.95,14277,France
2,580396,23294,SET OF 6 SNACK LOAF BAKING CASES,1,2011-12-04 11:00:00,0.83,13838,United Kingdom
2,580399,22483,RED GINGHAM TEDDY BEAR ,1,2011-12-04 11:45:00,2.95,13471,United Kingdom
2,580469,20727,LUNCH BAG  BLACK SKULL.,1,2011-12-04 12:32:00,1.65,14583,United Kingdom
2,580469,22079,RIBBON REEL HEARTS DESIGN ,2,2011-12-04 12:32:00,1.65,14583,United Kingdom
2,578068,23506,MINI PLAYING CARDS SPACEBOY ,1,2011-11-22 15:45:00,0.42,14505,United Kingdom
2,580640,22952,60 CAKE CASES VINTAGE CHRISTMAS,1,2011-12-05 12:51:00,0.55,16910,United Kingdom
2,580958,23194,GYMKHANA TREASURE BOOK BOX,1,2011-12-06 14:30:00,2.25,17266,United Kingdom
2,581134,23442,12 HANGING EGGS HAND PAINTED,1,2011-12-07 13:12:00,2.08,16368,United Kingdom
2,581166,22722,SET OF 6 SPICE TINS PANTRY DESIGN,1,2011-12-07 14:43:00,3.95,15525,United Kingdom
2,581237,23497,CLASSIC CHROME BICYCLE BELL ,1,2011-12-08 10:40:00,1.45,15443,United Kingdom
2,544455,85053,FRENCH ENAMEL CANDLEHOLDER,1,2011-02-20 13:18:00,2.1,13097,United Kingdom
2,544461,22025,RING OF ROSES BIRTHDAY CARD,12,2011-02-20 14:08:00,0.42,13744,United Kingdom
2,545062,22359,GLASS JAR KINGS CHOICE,1,2011-02-27 14:07:00,2.95,12748,United Kingdom
2,545165,21523,DOORMAT FANCY FONT HOME SWEET HOME,1,2011-02-28 13:41:00,7.95,16339,United Kingdom
2,546392,84510A,SET OF 4 ENGLISH ROSE COASTERS,1,2011-03-11 14:15:00,1.25,14587,United Kingdom
2,546951,21879,HEARTS GIFT TAPE,2,2011-03-18 11:30:00,0.65,17673,United Kingdom
2,547063,22030,SWALLOWS GREETING CARD,12,2011-03-20 13:33:00,0.42,14769,United Kingdom
2,578017,21588,RETROSPOT GIANT TUBE MATCHES,1,2011-11-22 13:07:00,2.55,13569,United Kingdom
2,549262,22834,HAND WARMER BABUSHKA DESIGN,1,2011-04-07 12:38:00,2.1,14465,United Kingdom
2,549543,21125,SET 6 FOOTBALL CELEBRATION CANDLES,1,2011-04-10 11:14:00,1.25,18118,United Kingdom
2,550320,22662,LUNCH BAG DOLLY GIRL DESIGN,1,2011-04-17 12:37:00,1.65,12748,United Kingdom
2,550321,20972,PINK CREAM FELT CRAFT TRINKET BOX ,2,2011-04-17 12:49:00,1.25,16770,United Kingdom
2,552307,82482,WOODEN PICTURE FRAME WHITE FINISH,1,2011-05-08 15:20:00,2.55,12748,United Kingdom
2,553521,22684,FRENCH BLUE METAL DOOR SIGN 9,2,2011-05-17 14:35:00,0.0,,United Kingdom
2,554098,22718,CARD CAT AND TREE ,12,2011-05-22 13:01:00,0.42,14769,United Kingdom
2,554695,22386,JUMBO BAG PINK POLKADOT,3,2011-05-25 17:12:00,2.08,16161,United Kingdom
2,577522,23168,CLASSIC CAFE SUGAR DISPENSER,1,2011-11-20 13:23:00,1.25,15988,United Kingdom
2,555383,22668,PINK BABY BUNTING,5,2011-06-02 15:13:00,2.95,12517,Germany
2,555552,22863,SOAP DISH BROCANTE,1,2011-06-05 13:44:00,2.95,13610,United Kingdom
2,555564,22661,CHARLOTTE BAG DOLLY GIRL DESIGN,10,2011-06-05 15:01:00,0.85,15005,United Kingdom
2,577507,22263,FELT EGG COSY LADYBIRD ,1,2011-11-20 12:42:00,0.85,14710,United Kingdom
2,556491,22470,HEART OF WICKER LARGE,3,2011-06-12 14:15:00,2.95,16794,United Kingdom
2,557019,23247,"BISCUIT TIN 50'S CHRISTMAS",2,2011-06-16 12:45:00,2.89,15907,United Kingdom
2,557956,23307,SET OF 60 PANTRY DESIGN CAKE CASES ,1,2011-06-23 19:20:00,0.55,18283,United Kingdom
2,558340,22430,ENAMEL WATERING CAN CREAM,1,2011-06-28 14:01:00,0.0,,United Kingdom
2,558355,22667,RECIPE BOX RETROSPOT ,1,2011-06-28 14:58:00,2.95,13614,United Kingdom
2,558532,71053,WHITE METAL LANTERN,1,2011-06-30 11:32:00,3.75,15039,United Kingdom
2,558710,18097C,WHITE TALL PORCELAIN T-LIGHT HOLDER,1,2011-07-01 13:04:00,2.55,15483,United Kingdom
2,559068,20727,LUNCH BAG  BLACK SKULL.,1,2011-07-06 10:41:00,1.65,17841,United Kingdom
2,559894,22356,CHARLOTTE BAG PINK POLKADOT,1,2011-07-13 12:06:00,0.85,14159,United Kingdom
2,576053,23238,SET OF 4 KNICK KNACK TINS LONDON ,1,2011-11-13 14:53:00,4.15,16726,United Kingdom
2,560047,85049C,ROMANTIC PINKS RIBBONS ,1,2011-07-14 15:01:00,1.25,17259,United Kingdom
2,560863,22435,SET OF 9 HEART SHAPED BALLOONS,3,2011-07-21 13:53:00,1.25,12748,United Kingdom
2,561036,23307,SET OF 60 PANTRY DESIGN CAKE CASES ,1,2011-07-24 11:54:00,0.55,13137,United Kingdom
2,569219,23371,SET 36 COLOUR PENCILS SPACEBOY ,1,2011-10-02 13:01:00,1.25,13558,United Kingdom
2,569367,22182,CAKE STAND VICTORIAN FILIGREE SMALL,1,2011-10-03 15:28:00,4.95,13994,United Kingdom
2,569521,23188,VINTAGE  2 METER FOLDING RULER,1,2011-10-04 14:33:00,1.65,16474,United Kingdom
2,569651,23503,PLAYING CARDS KEEP CALM & CARRY ON,1,2011-10-05 12:49:00,1.25,14534,United Kingdom
2,569823,20727,LUNCH BAG  BLACK SKULL.,1,2011-10-06 12:15:00,1.65,16895,United Kingdom
2,569897,22231,JIGSAW TREE WITH BIRDHOUSE,1,2011-10-06 16:01:00,0.59,17813,United Kingdom
2,543033,47422,ASSORTED MONKEY SUCTION CUP HOOK,2,2011-02-02 15:48:00,0.42,17841,United Kingdom
2,543306,22539,MINI JIGSAW DOLLY GIRL,1,2011-02-07 11:56:00,0.42,16686,United Kingdom
2,543815,21896,POTTING SHED TWINE,2,2011-02-13 15:18:00,2.1,17255,United Kingdom
2,571028,21733,RED HANGING HEART T-LIGHT HOLDER,2,2011-10-13 12:21:00,2.95,16770,United Kingdom
2,571054,20765,CHRYSANTHEMUM SKETCHBOOK ,1,2011-10-13 13:58:00,3.75,14234,United Kingdom
2,577482,21136,PAINTED METAL PEARS ASSORTED,8,2011-11-20 11:43:00,1.69,16762,United Kingdom
2,571909,22948,METAL DECORATION NAUGHTY CHILDREN ,1,2011-10-19 15:08:00,0.85,15006,United Kingdom
2,577473,23203,JUMBO BAG VINTAGE DOILY ,1,2011-11-20 11:28:00,2.08,15919,United Kingdom
2,572058,22907,PACK OF 20 NAPKINS PANTRY DESIGN,1,2011-10-20 12:43:00,0.85,18252,United Kingdom
2,577319,22578,WOODEN STAR CHRISTMAS SCANDINAVIAN,1,2011-11-18 13:43:00,0.29,17301,United Kingdom
2,573359,71403,"PINK/WHITE ""KEEP CLEAN"" BULLET BIN",1,2011-10-30 12:48:00,2.95,14178,United Kingdom
2,573841,85035C,ROSE 3 WICK MORRIS BOX CANDLE,1,2011-11-01 11:39:00,1.25,14995,United Kingdom
2,577296,18097C,WHITE TALL PORCELAIN T-LIGHT HOLDER,1,2011-11-18 12:47:00,2.55,17286,United Kingdom
2,574544,23192,BUNDLE OF 3 ALPHABET EXERCISE BOOKS,12,2011-11-04 14:49:00,1.65,17084,United Kingdom
2,574657,20723,STRAWBERRY CHARLOTTE BAG,1,2011-11-06 11:43:00,0.85,13772,United Kingdom
2,574660,23360,SET 8 CANDLES VINTAGE DOILY,1,2011-11-06 11:55:00,1.95,15407,United Kingdom
2,574682,79160,HEART SHAPE WIRELESS DOORBELL,1,2011-11-06 12:44:00,2.1,14963,United Kingdom
2,574682,47420,ASSORTED COLOUR SUCTION CUP HOOK,1,2011-11-06 12:44:00,0.19,14963,United Kingdom
2,574683,23086,ZINC  STAR T-LIGHT HOLDER ,3,2011-11-06 12:50:00,1.25,16372,United Kingdom
2,574714,21222,SET/4 BADGES BEETLES,2,2011-11-06 14:29:00,1.25,15427,United Kingdom
2,577051,23431,NATURAL HANGING QUILTED HEARTS ,1,2011-11-17 14:02:00,0.83,14034,United Kingdom
2,575222,23535,WALL ART BICYCLE SAFETY,1,2011-11-09 11:33:00,5.95,16880,United Kingdom
2,575337,22904,CALENDAR PAPER CUT DESIGN,1,2011-11-09 14:11:00,2.95,17867,United Kingdom
2,575583,20893,HANGING BAUBLE T-LIGHT HOLDER SMALL,1,2011-11-10 11:55:00,2.55,14456,United Kingdom
2,575726,23583,LUNCH BAG PAISLEY PARK  ,1,2011-11-10 19:12:00,1.65,16791,United Kingdom
2,563376,20725,LUNCH BAG RED RETROSPOT,1,2011-08-16 10:36:00,1.65,15752,United Kingdom
2,564342,23123,COCKTAIL SWORDS 50 PIECES,1,2011-08-24 14:53:00,0.83,16340,United Kingdom
2,564715,21259,VICTORIAN SEWING BOX SMALL ,1,2011-08-28 11:01:00,5.95,14472,United Kingdom
2,564962,22575,METAL MERRY CHRISTMAS WREATH,1,2011-08-31 14:35:00,1.95,17777,United Kingdom
2,576704,21245,GREEN POLKADOT PLATE ,1,2011-11-16 12:29:00,1.69,14527,United Kingdom
2,566297,22066,LOVE HEART TRINKET POT,2,2011-09-11 15:50:00,0.39,16794,United Kingdom
2,566726,22865,HAND WARMER OWL DESIGN,1,2011-09-14 13:12:00,2.1,15021,United Kingdom
2,566786,23241,TREASURE TIN GYMKHANA DESIGN,6,2011-09-15 10:29:00,2.08,13518,United Kingdom
2,567211,85071B,RED CHARLIE+LOLA PERSONAL DOORSIGN,2,2011-09-19 11:02:00,0.39,14159,United Kingdom
2,567462,22426,ENAMEL WASH BOWL CREAM,1,2011-09-20 12:35:00,3.75,14446,United Kingdom
2,576695,23499,SET 12 VINTAGE DOILY CHALK ,2,2011-11-16 12:25:00,0.42,16469,United Kingdom
2,568712,20685,DOORMAT RED RETROSPOT,1,2011-09-28 15:50:00,8.25,17841,United Kingdom
2,576463,22748,"POPPY'S PLAYHOUSE KITCHEN",1,2011-11-15 11:37:00,2.1,17974,United Kingdom
2,536557,85232B,SET OF 3 BABUSHKA STACKING TINS,1,2010-12-01 14:41:00,4.95,17841,United Kingdom
2,537111,22637,PIGGY BANK RETROSPOT ,1,2010-12-05 12:08:00,2.55,14810,United Kingdom
2,537155,84827,ASS DES PHONE SPONGE CRAFT STICKER,1,2010-12-05 13:05:00,0.65,12748,United Kingdom
2,537176,22312,OFFICE MUG WARMER POLKADOT,1,2010-12-05 13:26:00,2.95,16411,United Kingdom
2,576249,21975,PACK OF 60 DINOSAUR CAKE CASES,1,2011-11-14 13:47:00,0.55,17811,United Kingdom
2,537369,47471,RAINBOW PEGS PHOTO CLIP STRING,1,2010-12-06 12:41:00,0.65,17860,United Kingdom
2,537422,72802C,VANILLA SCENT CANDLE JEWELLED BOX,1,2010-12-06 15:27:00,4.25,17812,United Kingdom
2,537769,21181,PLEASE ONE PERSON METAL SIGN,1,2010-12-08 12:17:00,2.1,15021,United Kingdom
2,537781,22086,"PAPER CHAIN KIT 50'S CHRISTMAS ",1,2010-12-08 12:46:00,2.95,17341,United Kingdom
2,575989,23335,EGG FRYING PAN IVORY ,1,2011-11-13 14:20:00,2.08,14698,United Kingdom
2,538419,21984,PACK OF 12 PINK PAISLEY TISSUES ,2,2010-12-12 12:01:00,0.29,16367,United Kingdom
2,538514,48194,DOORMAT HEARTS,1,2010-12-12 14:27:00,7.95,15044,United Kingdom
2,539317,22470,HEART OF WICKER LARGE,2,2010-12-16 19:04:00,2.95,17392,United Kingdom
2,539733,22962,JAM JAR WITH PINK LID,2,2010-12-21 15:13:00,0.85,,United Kingdom
2,540512,22469,HEART OF WICKER SMALL,1,2011-01-09 11:39:00,1.65,17114,United Kingdom
2,540545,84378,SET OF 3 HEART COOKIE CUTTERS,2,2011-01-09 15:35:00,1.25,13451,United Kingdom
2,540953,21156,RETROSPOT CHILDRENS APRON,1,2011-01-12 13:16:00,1.95,14587,United Kingdom
2,541552,84992,72 SWEETHEART FAIRY CAKE CASES,1,2011-01-19 11:15:00,0.55,15039,United Kingdom
2,541571,22857,ASSORTED EASTER GIFT TAGS,6,2011-01-19 12:38:00,0.85,12841,United Kingdom
2,542862,21671,RED SPOT CERAMIC DRAWER KNOB,1,2011-02-01 11:51:00,1.25,14606,United Kingdom
2,543022,85038,6 CHOCOLATE LOVE HEART T-LIGHTS,2,2011-02-02 14:37:00,2.1,16771,United Kingdom
2,569897,21992,VINTAGE PAISLEY STATIONERY SET,1,2011-10-06 16:01:00,1.25,17813,United Kingdom
2,570455,23356,LOVE HOT WATER BOTTLE,1,2011-10-10 15:27:00,5.95,14529,United Kingdom
2,578949,22629,SPACEBOY LUNCH BOX ,1,2011-11-27 14:30:00,1.95,14954,United Kingdom
2,571418,23321,SMALL WHITE HEART OF WICKER,1,2011-10-17 12:35:00,1.65,16412,United Kingdom
2,574530,72800C,4 PINK DINNER CANDLE SILVER FLOCK,1,2011-11-04 14:07:00,2.55,16887,United Kingdom
2,574351,23348,CHILDRENS TOY COOKING UTENSIL SET,1,2011-11-04 10:37:00,2.08,17348,United Kingdom
2,574046,20749,ASSORTED COLOUR MINI CASES,1,2011-11-02 13:19:00,7.95,15743,United Kingdom
2,573876,21484,CHICK GREY HOT WATER BOTTLE,1,2011-11-01 12:48:00,4.25,16360,United Kingdom
2,573380,84375,SET OF 20 KIDS COOKIE CUTTERS,1,2011-10-30 14:04:00,2.1,14572,United Kingdom
2,573151,20975,12 PENCILS SMALL TUBE RED RETROSPOT,4,2011-10-27 20:09:00,0.65,17602,United Kingdom
2,572475,23328,SET 6 SCHOOL MILK BOTTLES IN CRATE,1,2011-10-24 13:37:00,3.75,15271,United Kingdom
2,572296,22411,JUMBO SHOPPER VINTAGE RED PAISLEY,1,2011-10-23 14:28:00,2.08,13598,United Kingdom
2,571837,23346,SPACEBOY BEAKER,3,2011-10-19 12:11:00,1.25,16470,United Kingdom
2,571679,23004,TRAVEL CARD WALLET PANTRY,2,2011-10-18 13:41:00,0.42,14159,United Kingdom
2,575895,23346,SPACEBOY BEAKER,1,2011-11-11 14:50:00,1.25,17052,United Kingdom
2,576228,22065,CHRISTMAS PUDDING TRINKET POT ,2,2011-11-14 13:12:00,0.39,15033,United Kingdom
2,576236,22383,LUNCH BAG SUKI DESIGN ,2,2011-11-14 13:31:00,1.65,13755,United Kingdom
2,576779,84879,ASSORTED COLOUR BIRD ORNAMENT,8,2011-11-16 13:25:00,1.69,14554,United Kingdom
2,576841,23360,SET 8 CANDLES VINTAGE DOILY,1,2011-11-16 15:26:00,1.95,17368,United Kingdom
2,577076,21026,SPACE OWL,1,2011-11-17 15:08:00,1.25,14362,United Kingdom
2,577106,23083,SET 6 PAPER TABLE LANTERN STARS ,1,2011-11-17 17:18:00,3.75,14456,United Kingdom
2,577228,23156,SET OF 5 MINI GROCERY MAGNETS,1,2011-11-18 12:07:00,2.08,12391,Cyprus
2,577300,21311,SET/4 BIRD MIRROR MAGNETS ,24,2011-11-18 12:53:00,0.29,16924,United Kingdom
2,577503,21034,REX CASH+CARRY JUMBO SHOPPER,1,2011-11-20 12:34:00,0.95,18110,United Kingdom
2,577504,21993,FLORAL FOLK STATIONERY SET,1,2011-11-20 12:36:00,1.25,14159,United Kingdom
2,577508,22557,PLASTERS IN TIN VINTAGE PAISLEY ,1,2011-11-20 12:45:00,1.65,18127,United Kingdom
2,577700,84879,ASSORTED COLOUR BIRD ORNAMENT,3,2011-11-21 12:06:00,1.69,14449,United Kingdom
2,577728,22909,SET OF 20 VINTAGE CHRISTMAS NAPKINS,1,2011-11-21 12:52:00,0.85,17811,United Kingdom
2,577773,22262,FELT EGG COSY CHICKEN,1,2011-11-21 15:57:00,0.85,16712,United Kingdom
2,578233,84931B,BLUE SCOTTIE DOG W FLOWER PATTERN,2,2011-11-23 12:20:00,2.55,14049,United Kingdom
2,578620,22867,HAND WARMER BIRD DESIGN,1,2011-11-24 15:21:00,2.1,17247,United Kingdom
2,578781,22603,CHRISTMAS RETROSPOT TREE WOOD,2,2011-11-25 11:54:00,0.85,15872,United Kingdom
2,578781,23352,"ROLL WRAP 50'S RED CHRISTMAS ",1,2011-11-25 11:54:00,1.25,15872,United Kingdom
2,578901,22585,PACK OF 6 BIRDY GIFT TAGS,1,2011-11-27 11:47:00,1.25,17812,United Kingdom
2,578921,23345, DOLLY GIRL BEAKER,1,2011-11-27 11:57:00,1.25,13596,United Kingdom
2,579124,23249,VINTAGE RED ENAMEL TRIM PLATE,12,2011-11-28 12:14:00,1.65,15721,United Kingdom
2,579167,21528,DAIRY MAID TRADITIONAL TEAPOT ,1,2011-11-28 14:06:00,6.95,16800,United Kingdom
2,579541,23556,LANDMARK FRAME COVENT GARDEN ,1,2011-11-30 10:12:00,12.5,14653,United Kingdom
2,579629,23207,LUNCH BAG ALPHABET DESIGN,1,2011-11-30 12:16:00,1.65,14963,United Kingdom
2,580027,21871,SAVE THE PLANET MUG,1,2011-12-01 12:01:00,1.65,14178,United Kingdom
2,580048,20727,LUNCH BAG  BLACK SKULL.,1,2011-12-01 12:53:00,1.65,12748,United Kingdom
2,580305,84051,ASS COLOUR GLOWING TIARAS,1,2011-12-02 14:26:00,0.85,12970,United Kingdom
2,580501,23438, RED SPOT GIFT BAG LARGE,2,2011-12-04 13:00:00,1.25,14546,United Kingdom
2,580611,23077,DOUGHNUT LIP GLOSS ,20,2011-12-05 11:49:00,1.25,12748,United Kingdom
2,C580764,22667,RECIPE BOX RETROSPOT ,-12,2011-12-06 10:38:00,2.95,14562,United Kingdom
2,580884,22374,AIRLINE BAG VINTAGE JET SET RED,2,2011-12-06 12:21:00,4.25,15907,United Kingdom
2,580893,84820,DANISH ROSE TRINKET TRAYS,2,2011-12-06 12:38:00,0.79,17290,United Kingdom
2,581237,23378,"PACK OF 12 50'S CHRISTMAS TISSUES",1,2011-12-08 10:40:00,0.39,15443,United Kingdom
2,581334,22179,SET 10 NIGHT OWL LIGHTS,1,2011-12-08 12:07:00,6.75,17841,United Kingdom
2,544292,20719,WOODLAND CHARLOTTE BAG,10,2011-02-17 12:33:00,0.85,16745,United Kingdom
2,544406,21894,POTTING SHED SEED ENVELOPES,3,2011-02-18 13:26:00,1.25,16726,United Kingdom
2,544569,84050,PINK HEART SHAPE EGG FRYING PAN,2,2011-02-21 12:58:00,1.65,16980,United Kingdom
2,545721,22771,CLEAR DRAWER KNOB ACRYLIC EDWARDIAN,12,2011-03-07 10:52:00,1.25,15039,United Kingdom
2,546429,84828,JUNGLE POPSICLES ICE LOLLY HOLDERS,1,2011-03-13 15:25:00,1.25,17611,United Kingdom
2,546502,22429,ENAMEL MEASURING JUG CREAM,1,2011-03-14 11:46:00,4.25,16005,United Kingdom
2,546502,22980,PANTRY SCRUBBING BRUSH,1,2011-03-14 11:46:00,1.65,16005,United Kingdom
2,546984,22087,PAPER BUNTING WHITE LACE,1,2011-03-18 12:35:00,2.95,15019,United Kingdom
2,547070,85049C,ROMANTIC PINKS RIBBONS ,1,2011-03-20 13:58:00,1.25,16115,United Kingdom
2,547134,48184,DOORMAT ENGLISH ROSE ,2,2011-03-21 11:57:00,7.95,15996,United Kingdom
2,547223,20727,LUNCH BAG  BLACK SKULL.,1,2011-03-21 15:10:00,1.65,12867,United Kingdom
2,547670,22283,6 EGG HOUSE PAINTED WOOD,2,2011-03-24 13:41:00,7.95,16769,United Kingdom
2,547786,22521,CHILDS GARDEN TROWEL PINK,1,2011-03-25 11:44:00,0.85,14587,United Kingdom
2,548666,22860,EASTER TIN CHICKS PINK DAISY,6,2011-04-01 14:58:00,1.65,13124,United Kingdom
2,548708,22364,GLASS JAR DIGESTIVE BISCUITS,1,2011-04-03 12:41:00,2.95,13269,United Kingdom
2,548898,22249,DECORATION WHITE CHICK MAGIC GARDEN,2,2011-04-04 16:28:00,0.85,17214,United Kingdom
2,549943,20622,VIPPASSPORT COVER ,1,2011-04-13 12:09:00,2.1,13544,United Kingdom
2,550447,22384,LUNCH BAG PINK POLKADOT,2,2011-04-18 12:36:00,1.65,16033,United Kingdom
2,551516,21912,VINTAGE SNAKES & LADDERS,1,2011-05-01 11:10:00,3.75,14800,United Kingdom
2,552285,84380,SET OF 3 BUTTERFLY COOKIE CUTTERS,1,2011-05-08 12:58:00,1.25,14684,United Kingdom
2,552285,20961,STRAWBERRY BATH SPONGE ,1,2011-05-08 12:58:00,1.25,14684,United Kingdom
2,552310,84375,SET OF 20 KIDS COOKIE CUTTERS,1,2011-05-08 15:22:00,2.1,17323,United Kingdom
2,553423,21179,NO JUNK MAIL METAL SIGN,1,2011-05-17 10:28:00,1.25,17811,United Kingdom
2,553856,22094,RED RETROSPOT TISSUE BOX,1,2011-05-19 13:28:00,1.25,16813,United Kingdom
2,553935,85152,HAND OVER THE CHOCOLATE   SIGN ,12,2011-05-20 10:32:00,2.1,15856,United Kingdom
2,554157,23207,LUNCH BAG ALPHABET DESIGN,1,2011-05-23 11:33:00,1.65,18283,United Kingdom
2,554917,22849,BREAD BIN DINER STYLE MINT,1,2011-05-27 12:29:00,16.95,15104,United Kingdom
2,555124,22083,PAPER CHAIN KIT RETROSPOT,1,2011-05-31 15:26:00,2.95,18204,United Kingdom
2,555383,21828,EIGHT PIECE SNAKE  SET,2,2011-06-02 15:13:00,1.25,12517,Germany
2,555847,22898,CHILDRENS APRON APPLES DESIGN,8,2011-06-07 13:27:00,1.95,14880,United Kingdom
2,556067,47566,PARTY BUNTING,1,2011-06-08 14:35:00,4.95,12748,United Kingdom
2,556491,23322,LARGE WHITE HEART OF WICKER,3,2011-06-12 14:15:00,2.95,16794,United Kingdom
2,556910,22069,BROWN  PIRATE TREASURE CHEST ,2,2011-06-15 13:25:00,1.65,12748,United Kingdom
2,556926,22147,FELTCRAFT BUTTERFLY HEARTS,1,2011-06-15 14:26:00,1.45,16324,United Kingdom
2,557019,23093,SMALL PARISIENNE HEART PHOTO FRAME ,1,2011-06-16 12:45:00,2.49,15907,United Kingdom
2,559068,23156,SET OF 5 MINI GROCERY MAGNETS,1,2011-07-06 10:41:00,2.08,17841,United Kingdom
2,559525,84596B,SMALL DOLLY MIX DESIGN ORANGE BOWL,8,2011-07-10 10:30:00,0.42,16923,United Kingdom
2,560018,22367,CHILDRENS APRON SPACEBOY DESIGN,1,2011-07-14 12:52:00,1.95,15987,United Kingdom
2,560260,20728,LUNCH BAG CARS BLUE,1,2011-07-17 13:32:00,1.65,14044,United Kingdom
2,560270,21034,REX CASH+CARRY JUMBO SHOPPER,1,2011-07-17 14:42:00,0.95,16744,United Kingdom
2,561026,22094,RED RETROSPOT TISSUE BOX,1,2011-07-24 10:49:00,0.39,17265,United Kingdom
2,569129,21754,HOME BUILDING BLOCK WORD,1,2011-09-30 13:40:00,6.25,15034,United Kingdom
2,569229,23551,PACK OF 12 PAISLEY PARK TISSUES ,1,2011-10-02 14:56:00,0.39,14502,United Kingdom
2,569261,23461,SWEETHEART BIRD HOUSE,1,2011-10-03 11:34:00,4.15,17321,United Kingdom
2,574544,23157,SET OF 6 NATIVITY MAGNETS ,12,2011-11-04 14:49:00,2.08,17084,United Kingdom
2,566290,22908,PACK OF 20 NAPKINS RED APPLES,1,2011-09-11 15:24:00,0.85,14456,United Kingdom
2,570827,21508,VINTAGE KID DOLLY CARD ,12,2011-10-12 13:14:00,0.42,15831,United Kingdom
2,571282,23252,VINTAGE RED ENAMEL TRIM JUG ,1,2011-10-16 13:24:00,3.75,15545,United Kingdom
2,571291,48173C,DOORMAT BLACK FLOCK ,1,2011-10-16 15:44:00,8.25,13610,United Kingdom
2,571418,84970L,SINGLE HEART ZINC T-LIGHT HOLDER,1,2011-10-17 12:35:00,1.25,16412,United Kingdom
2,571498,22271,FELTCRAFT DOLL ROSIE,1,2011-10-17 15:06:00,2.95,17841,United Kingdom
2,571837,23506,MINI PLAYING CARDS SPACEBOY ,1,2011-10-19 12:11:00,0.42,16470,United Kingdom
2,571841,23330,DECORATIVE WICKER HEART MEDIUM,2,2011-10-19 12:21:00,1.25,17625,United Kingdom
2,571846,22469,HEART OF WICKER SMALL,1,2011-10-19 12:35:00,1.65,17841,United Kingdom
2,571846,84596G,SMALL CHOCOLATES PINK BOWL,1,2011-10-19 12:35:00,0.42,17841,United Kingdom
2,572055,20751,FUNKY WASHING UP GLOVES ASSORTED,1,2011-10-20 12:34:00,2.1,17346,United Kingdom
2,572103,22920,HERB MARKER BASIL,1,2011-10-20 15:57:00,0.65,17571,United Kingdom
2,572307,21822,GLITTER CHRISTMAS TREE WITH BELLS,12,2011-10-23 15:23:00,0.79,16905,United Kingdom
2,570818,22355,CHARLOTTE BAG SUKI DESIGN,1,2011-10-12 12:47:00,0.85,17841,United Kingdom
2,572858,21169,"YOU'RE CONFUSING ME METAL SIGN ",2,2011-10-26 12:36:00,1.69,13571,United Kingdom
2,572859,22766,PHOTO FRAME CORNICE,1,2011-10-26 12:39:00,2.95,16418,United Kingdom
2,573290,23396,LE JARDIN BOTANIQUE CUSHION COVER,1,2011-10-28 14:51:00,3.75,,Switzerland
2,573315,22623,BOX OF VINTAGE JIGSAW BLOCKS ,1,2011-10-28 17:27:00,5.95,17839,United Kingdom
2,570197,21628,TRIANGULAR POUFFE VINTAGE ,1,2011-10-07 15:45:00,14.95,13755,United Kingdom
2,574258,21034,REX CASH+CARRY JUMBO SHOPPER,1,2011-11-03 13:50:00,0.95,16891,United Kingdom
2,574304,23393,HOME SWEET HOME CUSHION COVER ,2,2011-11-03 16:30:00,3.75,14428,United Kingdom
2,574481,21558,SKULL LUNCH BOX WITH CUTLERY ,1,2011-11-04 12:45:00,2.55,18022,United Kingdom
2,574536,21535,RED RETROSPOT SMALL MILK JUG,1,2011-11-04 14:35:00,2.55,15707,United Kingdom
2,570455,23265,SET OF 3 WOODEN TREE DECORATIONS,1,2011-10-10 15:27:00,1.25,14529,United Kingdom
2,574670,23371,SET 36 COLOUR PENCILS SPACEBOY ,1,2011-11-06 12:20:00,1.25,12838,United Kingdom
2,574710,21065,BOOM BOX SPEAKER GIRLS,1,2011-11-06 14:17:00,5.95,15427,United Kingdom
2,574721,85032C,CURIOUS IMAGES GIFT WRAP SET,1,2011-11-06 14:43:00,0.65,17920,United Kingdom
2,574866,21992,VINTAGE PAISLEY STATIONERY SET,2,2011-11-07 12:34:00,1.25,12748,United Kingdom
2,574892,22775,PURPLE DRAWERKNOB ACRYLIC EDWARDIAN,12,2011-11-07 14:40:00,1.25,14700,United Kingdom
2,575075,23355,HOT WATER BOTTLE KEEP CALM,3,2011-11-08 13:19:00,4.95,13975,United Kingdom
2,570242,21810,CHRISTMAS HANGING STAR WITH BELL,96,2011-10-09 15:40:00,0.39,16380,United Kingdom
2,575681,23695,DOILY THANK YOU CARD,12,2011-11-10 15:32:00,0.42,16903,United Kingdom
2,562878,22335,HEART DECORATION PAINTED ZINC ,1,2011-08-10 10:45:00,0.65,16241,United Kingdom
2,563731,21902,"KEY FOB , FRONT  DOOR ",5,2011-08-18 17:44:00,0.65,17576,United Kingdom
2,563920,21668,RED STRIPE CERAMIC DRAWER KNOB,6,2011-08-21 14:00:00,1.25,16407,United Kingdom
2,564095,23032,DOORKNOB CRACKED GLAZE IVORY,6,2011-08-23 10:31:00,1.65,14930,Channel Islands
2,564727,22629,SPACEBOY LUNCH BOX ,1,2011-08-28 12:31:00,1.95,16686,United Kingdom
2,565324,22845,VINTAGE CREAM CAT FOOD CONTAINER,1,2011-09-02 13:18:00,6.35,13232,United Kingdom
2,565420,22575,METAL MERRY CHRISTMAS WREATH,2,2011-09-04 12:09:00,1.95,16326,United Kingdom
2,569521,21181,PLEASE ONE PERSON METAL SIGN,1,2011-10-04 14:33:00,2.1,16474,United Kingdom
2,537781,21328,BALLOONS  WRITING SET ,1,2010-12-08 12:46:00,1.65,17341,United Kingdom
2,566297,20713,JUMBO BAG OWLS,1,2011-09-11 15:50:00,2.08,16794,United Kingdom
2,566434,23355,HOT WATER BOTTLE KEEP CALM,12,2011-09-12 15:01:00,4.95,17090,United Kingdom
2,567475,22952,60 CAKE CASES VINTAGE CHRISTMAS,1,2011-09-20 13:11:00,0.55,16360,United Kingdom
2,568141,20972,PINK CREAM FELT CRAFT TRINKET BOX ,1,2011-09-25 11:21:00,1.25,16326,United Kingdom
2,568657,23300,GARDENERS KNEELING PAD CUP OF TEA ,1,2011-09-28 12:22:00,1.65,16460,United Kingdom
2,568690,21668,RED STRIPE CERAMIC DRAWER KNOB,2,2011-09-28 14:43:00,1.45,16332,United Kingdom
2,536551,22551,PLASTERS IN TIN SPACEBOY,1,2010-12-01 14:34:00,1.65,17346,United Kingdom
2,536874,22910,PAPER CHAIN KIT VINTAGE CHRISTMAS,1,2010-12-03 11:35:00,2.95,16891,United Kingdom
2,537051,85174,S/4 CACTI CANDLES,1,2010-12-05 11:12:00,4.95,15708,United Kingdom
2,537646,21175,GIN + TONIC DIET METAL SIGN,1,2010-12-07 15:39:00,2.1,17591,United Kingdom
2,537773,22627,MINT KITCHEN SCALES,1,2010-12-08 12:36:00,8.5,16016,United Kingdom
2,572312,23356,LOVE HOT WATER BOTTLE,1,2011-10-23 15:47:00,5.95,15022,United Kingdom
2,539041,17012E,ORIGAMI OPIUM INCENSE/CANDLE SET ,24,2010-12-15 15:34:00,0.5,15456,United Kingdom
2,539324,21284,RETROSPOT CANDLE  SMALL,1,2010-12-16 19:51:00,1.69,14985,United Kingdom
2,539484,22690,DOORMAT HOME SWEET HOME BLUE ,1,2010-12-19 15:44:00,7.95,15640,United Kingdom
2,540511,84879,ASSORTED COLOUR BIRD ORNAMENT,8,2011-01-09 11:34:00,1.69,14472,United Kingdom
2,540816,22659,LUNCH BOX I LOVE LONDON,6,2011-01-11 12:55:00,1.95,15518,United Kingdom
2,541205,22355,CHARLOTTE BAG SUKI DESIGN,1,2011-01-14 12:23:00,0.85,18106,United Kingdom
2,541414,21080,SET/20 RED RETROSPOT PAPER NAPKINS ,1,2011-01-17 16:14:00,0.85,18212,United Kingdom
2,542107,22417,PACK OF 60 SPACEBOY CAKE CASES,1,2011-01-25 13:38:00,0.55,16222,United Kingdom
2,542107,21755,LOVE BUILDING BLOCK WORD,1,2011-01-25 13:38:00,5.95,16222,United Kingdom
2,542398,84846A,SCENTED CANDLE IN DIGITALIS TIN,1,2011-01-27 15:36:00,2.1,13174,United Kingdom
2,542399,22766,PHOTO FRAME CORNICE,4,2011-01-27 15:38:00,2.95,15549,United Kingdom
2,542401,21329,DINOSAURS  WRITING SET ,1,2011-01-27 15:51:00,1.65,14541,United Kingdom
2,542867,22131,FOOD CONTAINER SET 3 LOVE HEART ,2,2011-02-01 12:22:00,1.95,,United Kingdom
2,543639,21531,RED RETROSPOT SUGAR JAM BOWL,1,2011-02-10 16:52:00,2.55,16725,United Kingdom
2,544040,22261,FELT EGG COSY WHITE RABBIT ,1,2011-02-15 11:40:00,0.85,14701,United Kingdom
2,575895,23294,SET OF 6 SNACK LOAF BAKING CASES,1,2011-11-11 14:50:00,0.83,17052,United Kingdom
2,576249,23208,LUNCH BAG VINTAGE LEAF DESIGN,1,2011-11-14 13:47:00,1.65,17811,United Kingdom
2,576559,23103,JINGLE BELL HEART DECORATION,1,2011-11-15 13:19:00,1.65,14711,United Kingdom
2,576607,22940,FELTCRAFT CHRISTMAS FAIRY,8,2011-11-15 15:42:00,4.25,12474,Germany
2,576779,84946,ANTIQUE SILVER T-LIGHT GLASS,6,2011-11-16 13:25:00,1.25,14554,United Kingdom
2,576830,23551,PACK OF 12 PAISLEY PARK TISSUES ,1,2011-11-16 14:54:00,0.39,14898,United Kingdom
2,576933,22417,PACK OF 60 SPACEBOY CAKE CASES,1,2011-11-17 11:29:00,0.55,15529,United Kingdom
2,577034,23270,SET OF 2 CERAMIC PAINTED HEARTS ,1,2011-11-17 13:16:00,1.45,12847,United Kingdom
2,577052,22801,ANTIQUE GLASS PEDESTAL BOWL,2,2011-11-17 14:08:00,3.75,17397,United Kingdom
2,577174,23214,JINGLE BELL HEART ANTIQUE GOLD,1,2011-11-18 10:58:00,2.08,17841,United Kingdom
2,577469,23398,HANGING HEART BONHEUR,2,2011-11-20 11:25:00,0.85,15009,United Kingdom
2,577473,22720,SET OF 3 CAKE TINS PANTRY DESIGN ,1,2011-11-20 11:28:00,4.95,15919,United Kingdom
2,577482,23389,SPACEBOY MINI BACKPACK,2,2011-11-20 11:43:00,4.15,16762,United Kingdom
2,577723,21215,IVORY PAPER CUP CAKE CASES ,1,2011-11-21 12:36:00,0.55,16713,United Kingdom
2,577794,85049G,CHOCOLATE BOX RIBBONS ,1,2011-11-21 16:48:00,1.25,14030,United Kingdom
2,578072,22851,SET 20 NAPKINS FAIRY CAKES DESIGN ,1,2011-11-22 16:02:00,0.85,17759,United Kingdom
2,578289,22154,ANGEL DECORATION 3 BUTTONS ,1,2011-11-23 14:07:00,0.42,17841,United Kingdom
2,578531,17012D,ORIGAMI ROSE INCENSE/CANDLE SET ,1,2011-11-24 14:40:00,0.85,17364,United Kingdom
2,578548,22113,GREY HEART HOT WATER BOTTLE,1,2011-11-24 15:02:00,4.25,17345,United Kingdom
2,578676,20981,12 PENCILS TALL TUBE WOODLAND,1,2011-11-24 19:07:00,0.85,16016,United Kingdom
2,578678,23583,LUNCH BAG PAISLEY PARK  ,1,2011-11-24 19:59:00,1.65,17841,United Kingdom
2,578678,23210,WHITE ROCKING HORSE HAND PAINTED,1,2011-11-24 19:59:00,1.25,17841,United Kingdom
2,578781,22600,CHRISTMAS RETROSPOT STAR WOOD,2,2011-11-25 11:54:00,0.85,15872,United Kingdom
2,578926,22112,CHOCOLATE HOT WATER BOTTLE,1,2011-11-27 12:24:00,4.95,18156,United Kingdom
2,578944,23322,LARGE WHITE HEART OF WICKER,1,2011-11-27 13:41:00,2.95,16005,United Kingdom
2,578950,23503,PLAYING CARDS KEEP CALM & CARRY ON,1,2011-11-27 14:40:00,1.25,17885,United Kingdom
2,578950,22555,PLASTERS IN TIN STRONGMAN,1,2011-11-27 14:40:00,1.65,17885,United Kingdom
2,578998,22470,HEART OF WICKER LARGE,1,2011-11-27 16:05:00,2.95,15436,United Kingdom
2,579124,22633,HAND WARMER UNION JACK,2,2011-11-28 12:14:00,2.1,15721,United Kingdom
2,579286,22086,"PAPER CHAIN KIT 50'S CHRISTMAS ",1,2011-11-29 10:57:00,2.95,17772,United Kingdom
2,579408,23552,BICYCLE PUNCTURE REPAIR KIT ,1,2011-11-29 12:34:00,2.08,14701,United Kingdom
2,579430,22865,HAND WARMER OWL DESIGN,1,2011-11-29 13:06:00,2.1,12748,United Kingdom
2,579458,22633,HAND WARMER UNION JACK,1,2011-11-29 14:38:00,2.1,16549,United Kingdom
2,579556,22866,HAND WARMER SCOTTY DOG DESIGN,2,2011-11-30 11:17:00,2.1,17835,United Kingdom
2,579605,22555,PLASTERS IN TIN STRONGMAN,6,2011-11-30 12:01:00,1.65,15024,United Kingdom
2,580059,22835,HOT WATER BOTTLE I AM SO POORLY,12,2011-12-01 13:22:00,4.95,17768,United Kingdom
2,580164,84970S,HANGING HEART ZINC T-LIGHT HOLDER,12,2011-12-02 11:16:00,0.85,18097,United Kingdom
2,580520,22956,36 FOIL HEART CAKE CASES,1,2011-12-04 14:55:00,0.79,13521,United Kingdom
2,581334,22309,TEA COSY RED  STRIPE,1,2011-12-08 12:07:00,2.55,17841,United Kingdom
2,581450,22118,JOY WOODEN BLOCK LETTERS,1,2011-12-08 17:54:00,1.25,16794,United Kingdom
2,544467,21391,FRENCH LAVENDER SCENT HEART,1,2011-02-20 15:51:00,2.1,14502,United Kingdom
2,545045,84880,WHITE WIRE EGG HOLDER,1,2011-02-27 11:40:00,7.5,15708,United Kingdom
2,545059,21992,VINTAGE PAISLEY STATIONERY SET,1,2011-02-27 13:04:00,2.95,14157,United Kingdom
2,546003,22517,CHILDS GARDEN RAKE PINK,2,2011-03-08 15:07:00,2.1,16712,United Kingdom
2,546731,85014B,RED RETROSPOT UMBRELLA,3,2011-03-16 11:39:00,5.95,13089,United Kingdom
2,547374,21891,TRADITIONAL WOODEN SKIPPING ROPE,1,2011-03-22 13:54:00,1.25,16110,United Kingdom
2,547712,22697,GREEN REGENCY TEACUP AND SAUCER,1,2011-03-24 19:31:00,2.95,16905,United Kingdom
2,548309,10120,DOGGY RUBBER,1,2011-03-30 12:02:00,0.21,16657,United Kingdom
2,549121,22358,KINGS CHOICE TEA CADDY ,1,2011-04-06 13:33:00,2.95,17140,United Kingdom
2,549372,22606,WOODEN SKITTLES GARDEN SET,1,2011-04-08 11:28:00,15.95,14958,United Kingdom
2,549903,71053,WHITE METAL LANTERN,1,2011-04-12 16:19:00,3.75,17576,United Kingdom
2,550191,84978,HANGING HEART JAR T-LIGHT HOLDER,6,2011-04-14 19:59:00,1.25,16806,United Kingdom
2,550493,23205,CHARLOTTE BAG VINTAGE ALPHABET ,1,2011-04-18 14:50:00,0.85,15311,United Kingdom
2,550621,21877,HOME SWEET HOME MUG,1,2011-04-19 13:41:00,1.25,13263,United Kingdom
2,550994,85066,CREAM SWEETHEART MINI CHEST,2,2011-04-21 19:55:00,12.75,14562,United Kingdom
2,551558,23206,LUNCH BAG APPLE DESIGN,2,2011-05-03 10:41:00,1.65,17841,United Kingdom
2,552265,22750,FELTCRAFT PRINCESS LOLA DOLL,1,2011-05-08 11:41:00,3.75,14161,United Kingdom
2,552285,21976,PACK OF 60 MUSHROOM CAKE CASES,1,2011-05-08 12:58:00,0.55,14684,United Kingdom
2,552290,23178,JAM CLOCK MAGNET,2,2011-05-08 13:32:00,2.89,16007,United Kingdom
2,553856,22727,ALARM CLOCK BAKELIKE RED ,1,2011-05-19 13:28:00,3.75,16813,United Kingdom
2,554098,23298,SPOTTY BUNTING,4,2011-05-22 13:01:00,4.95,14769,United Kingdom
2,554994,21533,RETROSPOT LARGE MILK JUG,1,2011-05-29 14:18:00,4.95,14606,United Kingdom
2,555728,22649,STRAWBERRY FAIRY CAKE TEAPOT,1,2011-06-06 16:41:00,4.95,17252,United Kingdom
2,556056,21975,PACK OF 60 DINOSAUR CAKE CASES,2,2011-06-08 13:35:00,0.55,17841,United Kingdom
2,556280,22500,SET OF 2 TINS JARDIN DE PROVENCE,1,2011-06-09 20:03:00,4.95,14584,United Kingdom
2,556915,23206,LUNCH BAG APPLE DESIGN,1,2011-06-15 13:35:00,1.65,15036,United Kingdom
2,557129,22676,FRENCH BLUE METAL DOOR SIGN 1,1,2011-06-16 19:59:00,1.25,17841,United Kingdom
2,557595,23080,RED METAL BOX TOP SECRET,2,2011-06-21 11:19:00,8.25,15507,United Kingdom
2,557960,23138,SINGLE WIRE HOOK IVORY HEART,2,2011-06-23 19:46:00,1.45,15453,United Kingdom
2,558102,84828,JUNGLE POPSICLES ICE LOLLY MOULDS,1,2011-06-26 14:06:00,1.25,17372,United Kingdom
2,558247,72803A,ROSE SCENT CANDLE JEWELLED DRAWER,2,2011-06-27 16:46:00,4.25,14167,United Kingdom
2,558709,22328,ROUND SNACK BOXES SET OF 4 FRUITS ,1,2011-07-01 13:02:00,2.95,17338,United Kingdom
2,558751,21080,SET/20 RED RETROSPOT PAPER NAPKINS ,1,2011-07-03 11:26:00,0.85,16009,United Kingdom
2,559653,84971S,SMALL HEART FLOWERS HOOK ,1,2011-07-11 12:49:00,0.85,14552,United Kingdom
2,560025,23209,LUNCH BAG DOILEY PATTERN ,1,2011-07-14 13:00:00,1.65,18283,United Kingdom
2,560271,22614,PACK OF 12 SPACEBOY TISSUES,1,2011-07-17 14:51:00,0.29,16474,United Kingdom
2,560555,21933,PINK VINTAGE PAISLEY PICNIC BAG,1,2011-07-19 13:01:00,1.65,14178,United Kingdom
2,560937,22546,MINI JIGSAW PURDEY,1,2011-07-22 10:52:00,0.42,17920,United Kingdom
2,569225,22062,CERAMIC BOWL WITH LOVE HEART DESIGN,2,2011-10-02 14:25:00,0.83,16930,United Kingdom
2,569524,22297,HEART IVORY TRELLIS SMALL,1,2011-10-04 14:42:00,1.25,14506,United Kingdom
2,569669,23390,DOLLY GIRL MINI BACKPACK,1,2011-10-05 13:47:00,4.15,14730,United Kingdom
2,569669,23234,BISCUIT TIN VINTAGE CHRISTMAS,1,2011-10-05 13:47:00,2.89,14730,United Kingdom
2,569669,21080,SET/20 RED RETROSPOT PAPER NAPKINS ,1,2011-10-05 13:47:00,0.85,14730,United Kingdom
2,569897,22723,SET OF 6 HERB TINS SKETCHBOOK,1,2011-10-06 16:01:00,3.95,17813,United Kingdom
2,570210,23156,SET OF 5 MINI GROCERY MAGNETS,1,2011-10-09 10:48:00,2.08,13259,United Kingdom
2,570333,21169,"YOU'RE CONFUSING ME METAL SIGN ",1,2011-10-10 12:19:00,1.69,18126,United Kingdom
2,571046,22990,COTTON APRON PANTRY DESIGN,1,2011-10-13 13:35:00,4.95,18096,United Kingdom
2,571054,22161,HEART DECORATION RUSTIC HANGING ,1,2011-10-13 13:58:00,0.19,14234,United Kingdom
2,571291,22772,PINK DRAWER KNOB ACRYLIC EDWARDIAN,12,2011-10-16 15:44:00,1.25,13610,United Kingdom
2,572095,21745,GAOLERS KEYS DECORATIVE GARDEN ,1,2011-10-20 15:15:00,3.75,15511,United Kingdom
2,566018,20676,RED RETROSPOT BOWL,1,2011-09-08 12:42:00,1.25,13137,United Kingdom
2,539856,22518,CHILDS GARDEN BRUSH BLUE,1,2010-12-22 14:41:00,0.0,,United Kingdom
2,573151,22840,ROUND CAKE TIN VINTAGE RED,1,2011-10-27 20:09:00,7.95,17602,United Kingdom
2,573151,20974,12 PENCILS SMALL TUBE SKULL,4,2011-10-27 20:09:00,0.65,17602,United Kingdom
2,573300,21592,RETROSPOT CIGAR BOX MATCHES ,1,2011-10-28 16:10:00,1.25,16049,United Kingdom
2,573305,23558,LANDMARK FRAME LONDON BRIDGE ,1,2011-10-28 16:13:00,12.5,17837,United Kingdom
2,573414,23265,SET OF 3 WOODEN TREE DECORATIONS,1,2011-10-30 16:15:00,1.25,16877,United Kingdom
2,573414,22633,HAND WARMER UNION JACK,1,2011-10-30 16:15:00,2.1,16877,United Kingdom
2,573501,23245,SET OF 3 REGENCY CAKE TINS,1,2011-10-31 12:02:00,4.95,18055,United Kingdom
2,574287,22155,STAR DECORATION RUSTIC,1,2011-11-03 15:09:00,0.42,14723,United Kingdom
2,574304,20979,36 PENCILS TUBE RED RETROSPOT,1,2011-11-03 16:30:00,1.25,14428,United Kingdom
2,574476,22909,SET OF 20 VINTAGE CHRISTMAS NAPKINS,1,2011-11-04 12:20:00,0.85,17203,United Kingdom
2,575753,22557,PLASTERS IN TIN VINTAGE PAISLEY ,1,2011-11-11 10:41:00,1.65,17841,United Kingdom
2,573038,23370,SET 36 COLOURING PENCILS DOILY,1,2011-10-27 13:48:00,1.25,17545,United Kingdom
2,563555,22729,ALARM CLOCK BAKELIKE ORANGE,1,2011-08-17 13:21:00,3.75,16755,United Kingdom
2,563572,20766,GARDEN PATH SKETCHBOOK,1,2011-08-17 15:00:00,3.75,16734,United Kingdom
2,563589,48187,DOORMAT NEW ENGLAND,20,2011-08-17 19:40:00,8.0,17450,United Kingdom
2,563917,21621,VINTAGE UNION JACK BUNTING,1,2011-08-21 13:46:00,8.5,14572,United Kingdom
2,564342,22402,MAGNETS PACK OF 4 VINTAGE COLLAGE,1,2011-08-24 14:53:00,0.39,16340,United Kingdom
2,564726,23232,WRAP VINTAGE LEAF DESIGN,25,2011-08-28 12:29:00,0.42,18077,United Kingdom
2,564734,47580,TEA TIME DES TEA COSY,1,2011-08-28 13:32:00,2.55,12484,Spain
2,572528,22367,CHILDRENS APRON SPACEBOY DESIGN,1,2011-10-24 15:43:00,1.95,13176,United Kingdom
2,565421,21212,PACK OF 72 RETROSPOT CAKE CASES,1,2011-09-04 12:10:00,0.55,16744,United Kingdom
2,572859,23555,LANDMARK FRAME NOTTING HILL ,1,2011-10-26 12:39:00,12.5,16418,United Kingdom
2,566189,85185B,PINK HORSE SOCK PUPPET,4,2011-09-09 13:19:00,2.95,17800,United Kingdom
2,566203,84947,ANTIQUE SILVER TEA GLASS ENGRAVED,6,2011-09-09 14:47:00,1.25,16362,United Kingdom
2,566285,84947,ANTIQUE SILVER TEA GLASS ENGRAVED,6,2011-09-11 14:51:00,1.25,13611,United Kingdom
2,566408,22363,GLASS JAR MARMALADE ,1,2011-09-12 13:43:00,2.95,16984,United Kingdom
2,572296,23238,SET OF 4 KNICK KNACK TINS LONDON ,1,2011-10-23 14:28:00,4.15,13598,United Kingdom
2,568161,23237,SET OF 4 KNICK KNACK TINS LEAF,1,2011-09-25 12:31:00,4.15,15860,United Kingdom
2,568710,23344,"JUMBO BAG 50'S CHRISTMAS ",1,2011-09-28 15:42:00,2.08,14649,United Kingdom
2,536863,22745,"POPPY'S PLAYHOUSE BEDROOM ",1,2010-12-03 11:19:00,2.1,17967,United Kingdom
2,537051,22727,ALARM CLOCK BAKELIKE RED ,2,2010-12-05 11:12:00,3.75,15708,United Kingdom
2,537154,82482,WOODEN PICTURE FRAME WHITE FINISH,6,2010-12-05 13:05:00,2.55,15808,United Kingdom
2,537224,22141,CHRISTMAS CRAFT TREE TOP ANGEL,1,2010-12-05 16:24:00,2.1,13174,United Kingdom
2,537369,21588,RETROSPOT GIANT TUBE MATCHES,1,2010-12-06 12:41:00,2.55,17860,United Kingdom
2,538374,22383,LUNCH BAG SUKI  DESIGN ,2,2010-12-12 11:17:00,1.65,14159,United Kingdom
2,539053,85038,6 CHOCOLATE LOVE HEART T-LIGHTS,1,2010-12-15 16:32:00,2.1,16725,United Kingdom
2,544068,21240,BLUE POLKADOT CUP,1,2011-02-15 14:08:00,0.85,16431,United Kingdom
2,540005,21034,REX CASH+CARRY JUMBO SHOPPER,1,2011-01-04 10:38:00,0.95,17315,United Kingdom
2,540023,21976,PACK OF 60 MUSHROOM CAKE CASES,1,2011-01-04 12:58:00,0.55,15039,United Kingdom
2,541258,82483,WOOD 2 DRAWER CABINET WHITE FINISH,2,2011-01-16 15:30:00,5.95,13634,United Kingdom
2,541265,20726,LUNCH BAG WOODLAND,1,2011-01-16 16:23:00,1.65,17609,United Kingdom
2,541987,22667,RECIPE BOX RETROSPOT ,1,2011-01-24 16:05:00,2.95,14130,United Kingdom
2,542107,21355,TOAST ITS - I LOVE YOU ,1,2011-01-25 13:38:00,1.25,16222,United Kingdom
2,542112,85150,LADIES & GENTLEMEN METAL SIGN,1,2011-01-25 13:55:00,2.55,13168,United Kingdom
2,542420,84375,SET OF 20 KIDS COOKIE CUTTERS,1,2011-01-27 18:05:00,2.1,17180,United Kingdom
2,543306,22439,6 ROCKET BALLOONS ,1,2011-02-07 11:56:00,0.65,16686,United Kingdom
2,544068,21245,GREEN POLKADOT PLATE ,2,2011-02-15 14:08:00,1.69,16431,United Kingdom
2,562936,23206,LUNCH BAG APPLE DESIGN,1,2011-08-10 17:12:00,1.65,,United Kingdom
2,569527,85123A,WHITE HANGING HEART T-LIGHT HOLDER,1,2011-10-04 14:53:00,2.95,12512,Israel
2,571105,23371,SET 36 COLOUR PENCILS SPACEBOY ,2,2011-10-13 16:01:00,1.25,17614,United Kingdom
2,571039,82583,HOT BATHS METAL SIGN,1,2011-10-13 12:59:00,2.1,16121,United Kingdom
2,571034,23494,VINTAGE DOILY DELUXE SEWING KIT ,3,2011-10-13 12:47:00,5.95,12359,Cyprus
2,571032,21391,FRENCH LAVENDER SCENT HEART,3,2011-10-13 12:38:00,0.75,13827,United Kingdom
2,570664,23026,DRAWER KNOB VINTAGE GLASS STAR,1,2011-10-11 14:21:00,2.08,16362,United Kingdom
2,C570556,22568,FELTCRAFT CUSHION OWL,-144,2011-10-11 11:10:00,3.39,16029,United Kingdom
2,570455,22209,WOOD STAMP SET HAPPY BIRTHDAY,2,2011-10-10 15:27:00,0.83,14529,United Kingdom
2,548568,22624,IVORY KITCHEN SCALES,4,2011-04-01 10:43:00,7.65,14543,United Kingdom
2,547867,84991,60 TEATIME FAIRY CAKE CASES,1,2011-03-27 13:56:00,0.55,13357,United Kingdom
2,547651,85203,HANGING WOOD AND FELT BUTTERFLY ,1,2011-03-24 12:11:00,0.42,16904,United Kingdom
2,569641,47422,ASSORTED MONKEY SUCTION CUP HOOK,12,2011-10-05 12:27:00,0.42,12841,United Kingdom
2,558768,22427,ENAMEL FLOWER JUG CREAM,1,2011-07-03 13:33:00,5.95,15952,United Kingdom
2,569224,22759,SET OF 3 NOTEBOOKS IN PARCEL,1,2011-10-02 14:00:00,1.65,15701,United Kingdom
2,560555,21584,RETROSPOT SMALL TUBE MATCHES,1,2011-07-19 13:01:00,1.65,14178,United Kingdom
2,560385,21408,SPOTTY PINK DUCK DOORSTOP,1,2011-07-18 12:53:00,4.25,14583,United Kingdom
2,559887,84927D,LA PALMIERA TILE HOOK,1,2011-07-13 11:44:00,0.39,13263,United Kingdom
2,559109,23109,LED TEA LIGHTS,1,2011-07-06 11:52:00,2.89,15021,United Kingdom
2,556912,20725,LUNCH BAG RED RETROSPOT,1,2011-06-15 13:26:00,1.65,15005,United Kingdom
2,558768,21755,LOVE BUILDING BLOCK WORD,1,2011-07-03 13:33:00,5.95,15952,United Kingdom
2,575972,23159,SET OF 5 PANCAKE DAY MAGNETS,1,2011-11-13 13:01:00,2.08,14499,United Kingdom
2,576077,23336,EGG FRYING PAN PINK ,1,2011-11-13 16:22:00,2.08,16720,United Kingdom
2,576611,21912,VINTAGE SNAKES & LADDERS,1,2011-11-15 16:29:00,3.75,17357,United Kingdom
2,576626,21592,RETROSPOT CIGAR BOX MATCHES ,1,2011-11-15 17:26:00,1.25,12890,United Kingdom
2,576690,23319,"BOX OF 6 MINI 50'S CRACKERS",2,2011-11-16 12:19:00,2.49,15900,United Kingdom
2,576784,22466,FAIRY TALE COTTAGE NIGHT LIGHT,1,2011-11-16 13:40:00,1.95,16204,United Kingdom
2,577034,22596,CHRISTMAS STAR WISH LIST CHALKBOARD,12,2011-11-17 13:16:00,1.25,12847,United Kingdom
2,577051,21390,FILIGRIS HEART WITH BUTTERFLY,1,2011-11-17 14:02:00,1.25,14034,United Kingdom
2,577167,22631,CIRCUS PARADE LUNCH BOX ,1,2011-11-18 10:41:00,1.95,16511,United Kingdom
2,577252,22865,HAND WARMER OWL DESIGN,1,2011-11-18 12:22:00,2.1,18034,United Kingdom
2,578153,21789,KIDS RAIN MAC PINK,1,2011-11-23 11:22:00,0.85,12748,United Kingdom
2,578233,23434,"3 RAFFIA RIBBONS 50'S CHRISTMAS ",10,2011-11-23 12:20:00,0.79,14049,United Kingdom
2,578250,23264,SET OF 3 WOODEN SLEIGH DECORATIONS,1,2011-11-23 12:43:00,1.25,15901,United Kingdom
2,578278,22752,SET 7 BABUSHKA NESTING BOXES,2,2011-11-23 13:51:00,8.5,12748,United Kingdom
2,578519,22557,PLASTERS IN TIN VINTAGE PAISLEY ,1,2011-11-24 13:56:00,1.65,14591,United Kingdom
2,578676,22556,PLASTERS IN TIN CIRCUS PARADE ,1,2011-11-24 19:07:00,1.65,16016,United Kingdom
2,578757,21810,CHRISTMAS HANGING STAR WITH BELL,1,2011-11-25 11:41:00,0.39,12748,United Kingdom
2,578921,23390,DOLLY GIRL MINI BACKPACK,1,2011-11-27 11:57:00,4.15,13596,United Kingdom
2,579293,22273,FELTCRAFT DOLL MOLLY,1,2011-11-29 11:22:00,2.95,14419,United Kingdom
2,579293,23198,PANTRY MAGNETIC  SHOPPING LIST,1,2011-11-29 11:22:00,1.45,14419,United Kingdom
2,579408,22585,PACK OF 6 BIRDY GIFT TAGS,1,2011-11-29 12:34:00,1.25,14701,United Kingdom
2,579472,22196,SMALL HEART MEASURING SPOONS,1,2011-11-29 15:09:00,0.85,13521,United Kingdom
2,580632,22196,SMALL HEART MEASURING SPOONS,1,2011-12-05 12:16:00,0.85,16360,United Kingdom
2,580635,22500,SET OF 2 TINS JARDIN DE PROVENCE,1,2011-12-05 12:30:00,1.25,14649,United Kingdom
2,580640,84992,72 SWEETHEART FAIRY CAKE CASES,1,2011-12-05 12:51:00,0.55,16910,United Kingdom
2,580914,23191,BUNDLE OF 3 RETRO NOTE BOOKS,1,2011-12-06 13:42:00,1.65,14871,United Kingdom
2,581310,23109,PACK OF SIX LED TEA LIGHTS,1,2011-12-08 11:43:00,2.89,16442,United Kingdom
2,581414,22326,ROUND SNACK BOXES SET OF4 WOODLAND ,1,2011-12-08 14:39:00,2.95,14730,United Kingdom
2,544336,22858,EASTER TIN KEEPSAKE,1,2011-02-17 19:36:00,1.65,13230,United Kingdom
2,544447,21442,GREEN BIRDHOUSE DECORATION,3,2011-02-20 11:39:00,0.85,16466,United Kingdom
2,544463,22567,20 DOLLY PEGS RETROSPOT,1,2011-02-20 14:31:00,1.25,12988,United Kingdom
2,544569,22047,EMPIRE GIFT WRAP,25,2011-02-21 12:58:00,0.42,16980,United Kingdom
2,545038,82582,AREA PATROLLED METAL SIGN,1,2011-02-27 10:13:00,2.1,13684,United Kingdom
2,545688,21534,DAIRY MAID LARGE MILK JUG,1,2011-03-06 12:42:00,4.95,16033,United Kingdom
2,545978,22249,DECORATION WHITE CHICK MAGIC GARDEN,6,2011-03-08 12:19:00,0.85,13975,United Kingdom
2,546422,22072,RED RETROSPOT TEA CUP AND SAUCER ,2,2011-03-13 11:38:00,3.75,15547,United Kingdom
2,546429,22951,60 CAKE CASES DOLLY GIRL DESIGN,1,2011-03-13 15:25:00,0.55,17611,United Kingdom
2,546950,22262,FELT EGG COSY CHICKEN,3,2011-03-18 11:24:00,0.85,16511,United Kingdom
2,547063,82484,WOOD BLACK BOARD ANT WHITE FINISH,6,2011-03-20 13:33:00,7.9,14769,United Kingdom
2,547374,21892,TRADITIONAL WOODEN CATCH CUP GAME ,1,2011-03-22 13:54:00,1.25,16110,United Kingdom
2,547651,82613B,"METAL SIGN,CUPCAKE SINGLE HOOK",1,2011-03-24 12:11:00,1.25,16904,United Kingdom
2,547651,22554,PLASTERS IN TIN WOODLAND ANIMALS,1,2011-03-24 12:11:00,1.65,16904,United Kingdom
2,547874,85212,MINI PAINTED GARDEN DECORATION ,12,2011-03-27 15:39:00,0.85,14476,United Kingdom
2,548703,22908,PACK OF 20 NAPKINS RED APPLES,1,2011-04-03 11:37:00,0.85,16010,United Kingdom
2,548712,84510C,SET OF 4 POLKADOT COASTERS,1,2011-04-03 14:42:00,1.25,17050,United Kingdom
2,549294,21743,STAR PORTABLE TABLE LIGHT ,1,2011-04-07 19:27:00,2.95,13230,United Kingdom
2,549981,21791,VINTAGE HEADS AND TAILS CARD GAME ,1,2011-04-13 15:49:00,1.25,16348,United Kingdom
2,550513,85036A,GARDENIA 1 WICK MORRIS BOXED CANDLE,1,2011-04-18 16:37:00,4.25,16928,United Kingdom
2,550632,22412,METAL SIGN NEIGHBOURHOOD WITCH ,1,2011-04-19 14:56:00,2.1,16907,United Kingdom
2,551776,22924,FRIDGE MAGNETS LA VIE EN ROSE,6,2011-05-04 11:23:00,0.85,13268,United Kingdom
2,552243,23002,TRAVEL CARD WALLET SKULLS,1,2011-05-06 19:37:00,0.42,12748,United Kingdom
2,552803,47591D,PINK FAIRY CAKE CHILDRENS APRON,1,2011-05-11 12:32:00,1.95,14573,United Kingdom
2,553057,85099F,JUMBO BAG STRAWBERRY,10,2011-05-13 10:41:00,2.08,16161,United Kingdom
2,553657,84596B,SMALL DOLLY MIX DESIGN ORANGE BOWL,2,2011-05-18 11:28:00,0.42,14583,United Kingdom
2,553935,37446,MINI CAKE STAND WITH HANGING CAKES,1,2011-05-20 10:32:00,1.45,15856,United Kingdom
2,554992,22779,WOODEN OWLS LIGHT GARLAND ,1,2011-05-29 14:08:00,4.25,16686,United Kingdom
2,555537,22149,FELTCRAFT 6 FLOWER FRIENDS,1,2011-06-05 12:37:00,2.1,15453,United Kingdom
2,555853,21385,IVORY HANGING DECORATION  HEART,2,2011-06-07 13:44:00,0.85,14375,United Kingdom
2,556484,22429,ENAMEL MEASURING JUG CREAM,1,2011-06-12 13:17:00,4.25,16938,United Kingdom
2,556489,22460,EMBOSSED GLASS TEALIGHT HOLDER,1,2011-06-12 13:59:00,1.25,14704,United Kingdom
2,556915,21253,SET OF PICTURE FRAME  STICKERS,1,2011-06-15 13:35:00,2.95,15036,United Kingdom
2,556915,22991,GIRAFFE WOODEN RULER,1,2011-06-15 13:35:00,1.95,15036,United Kingdom
2,556916,20983,12 PENCILS TALL TUBE RED RETROSPOT,2,2011-06-15 13:35:00,0.85,16898,United Kingdom
2,557854,21232,STRAWBERRY CERAMIC TRINKET BOX,4,2011-06-23 11:38:00,1.25,13268,United Kingdom
2,557892,23192,BUNDLE OF 3 ALPHABET EXERCISE BOOKS,1,2011-06-23 14:11:00,1.65,14534,United Kingdom
2,558355,22627,MINT KITCHEN SCALES,1,2011-06-28 14:58:00,8.5,13614,United Kingdom
2,558751,22063,CERAMIC BOWL WITH STRAWBERRY DESIGN,1,2011-07-03 11:26:00,2.95,16009,United Kingdom
2,558754,22568,FELTCRAFT CUSHION OWL,1,2011-07-03 12:10:00,3.75,15518,United Kingdom
2,560018,22493,PAINT YOUR OWN CANVAS SET,1,2011-07-14 12:52:00,1.65,15987,United Kingdom
2,560861,21817,GLITTER CHRISTMAS TREE,3,2011-07-21 13:37:00,0.85,17660,United Kingdom
2,560937,22544,MINI JIGSAW SPACEBOY,1,2011-07-22 10:52:00,0.42,17920,United Kingdom
2,568991,22867,HAND WARMER BIRD DESIGN,1,2011-09-29 16:44:00,2.1,18204,United Kingdom
2,569302,22726,ALARM CLOCK BAKELIKE GREEN,1,2011-10-03 12:04:00,3.75,16205,United Kingdom
2,569367,23012,GLASS APOTHECARY BOTTLE PERFUME,1,2011-10-03 15:28:00,3.95,13994,United Kingdom
2,569521,22432,WATERING CAN PINK BUNNY,1,2011-10-04 14:33:00,1.95,16474,United Kingdom
2,569521,21026,SPACE OWL,1,2011-10-04 14:33:00,1.25,16474,United Kingdom
2,C570099,22064,PINK DOUGHNUT TRINKET POT ,-1,2011-10-07 12:11:00,1.45,13798,United Kingdom
2,570235,22295,HEART FILIGREE DOVE LARGE,1,2011-10-09 14:30:00,1.65,13193,United Kingdom
2,570246,35471D,SET OF 3 BIRD LIGHT PINK FEATHER ,12,2011-10-09 16:22:00,0.39,16921,United Kingdom
2,570410,22505,MEMO BOARD COTTAGE DESIGN,1,2011-10-10 13:04:00,4.95,16776,United Kingdom
2,570719,22273,FELTCRAFT DOLL MOLLY,1,2011-10-12 10:45:00,2.95,17913,United Kingdom
2,570818,20724,RED RETROSPOT CHARLOTTE BAG,2,2011-10-12 12:47:00,0.85,17841,United Kingdom
2,571123,23531,WALL ART BIG LOVE ,3,2011-10-14 09:35:00,6.95,14856,United Kingdom
2,C571893,22720,SET OF 3 CAKE TINS PANTRY DESIGN ,-3,2011-10-19 14:13:00,4.95,13314,United Kingdom
2,572318,22952,60 CAKE CASES VINTAGE CHRISTMAS,1,2011-10-23 16:19:00,0.55,15436,United Kingdom
2,572330,21876,POTTERING MUG,1,2011-10-24 10:17:00,1.65,16426,United Kingdom
2,572677,23445,ICE CREAM BUBBLES,20,2011-10-25 13:46:00,0.83,17596,United Kingdom
2,572880,21867,PINK UNION JACK  LUGGAGE TAG,1,2011-10-26 13:35:00,1.25,16415,United Kingdom
2,572889,23126,FELTCRAFT GIRL AMELIE KIT,1,2011-10-26 13:56:00,4.95,12748,United Kingdom
2,573029,84032A,CHARLIE+LOLA PINK HOT WATER BOTTLE,1,2011-10-27 13:33:00,2.95,14971,United Kingdom
2,573122,23367,SET 12 COLOUR PENCILS SPACEBOY ,1,2011-10-27 16:23:00,0.65,14357,United Kingdom
2,573300,21169,"YOU'RE CONFUSING ME METAL SIGN ",1,2011-10-28 16:10:00,1.69,16049,United Kingdom
2,573328,72351A,SET/6 TURQUOISE BUTTERFLY T-LIGHTS,1,2011-10-30 11:09:00,2.1,16601,United Kingdom
2,573396,37450,CERAMIC CAKE BOWL + HANGING CAKES,1,2011-10-30 15:13:00,2.95,14723,United Kingdom
2,574015,22766,PHOTO FRAME CORNICE,4,2011-11-02 12:03:00,2.95,15576,United Kingdom
2,574292,21034,REX CASH+CARRY JUMBO SHOPPER,1,2011-11-03 15:27:00,0.95,16914,United Kingdom
2,574304,22138,BAKING SET 9 PIECE RETROSPOT ,1,2011-11-03 16:30:00,4.95,14428,United Kingdom
2,574506,23085,ANTIQUE SILVER BAUBLE LAMP  ,3,2011-11-04 13:24:00,10.4,12577,France
2,574545,47590B,PINK HAPPY BIRTHDAY BUNTING,2,2011-11-04 14:54:00,5.45,17084,United Kingdom
2,574575,22734,SET OF 6 RIBBONS VINTAGE CHRISTMAS,1,2011-11-04 17:03:00,2.89,14971,United Kingdom
2,574660,21814,HEART T-LIGHT HOLDER ,1,2011-11-06 11:55:00,1.45,15407,United Kingdom
2,574683,22572,ROCKING HORSE GREEN CHRISTMAS ,2,2011-11-06 12:50:00,0.85,16372,United Kingdom
2,574701,21745,GAOLERS KEYS DECORATIVE GARDEN ,1,2011-11-06 13:54:00,3.75,15426,United Kingdom
2,574741,23508,MINI PLAYING CARDS DOLLY GIRL ,1,2011-11-06 16:13:00,0.42,15993,United Kingdom
2,575087,71477,COLOUR GLASS. STAR T-LIGHT HOLDER,1,2011-11-08 13:57:00,3.95,16549,United Kingdom
2,575117,22097,SWALLOW SQUARE TISSUE BOX,1,2011-11-08 14:22:00,0.39,12748,United Kingdom
2,575325,23570,TRADITIONAL PICK UP STICKS GAME ,1,2011-11-09 13:46:00,1.25,17293,United Kingdom
2,575491,22633,HAND WARMER UNION JACK,1,2011-11-09 17:47:00,2.1,15531,United Kingdom
2,575694,23356,LOVE HOT WATER BOTTLE,1,2011-11-10 16:38:00,5.95,12748,United Kingdom
2,575731,23146,TRIPLE HOOK ANTIQUE IVORY ROSE,1,2011-11-10 20:01:00,3.29,13230,United Kingdom
2,575856,23377,PACK OF 12 DOLLY GIRL TISSUES,1,2011-11-11 12:28:00,0.39,16386,United Kingdom
2,561520,23309,SET OF 60 I LOVE LONDON CAKE CASES ,3,2011-07-27 17:03:00,0.55,17870,United Kingdom
2,561661,21591,COSY HOUR CIGAR BOX MATCHES ,1,2011-07-28 16:21:00,1.25,12743,Unspecified
2,561915,84947,ANTIQUE SILVER TEA GLASS ENGRAVED,6,2011-08-01 11:23:00,1.25,14408,United Kingdom
2,562551,85049G,CHOCOLATE BOX RIBBONS ,1,2011-08-05 16:19:00,1.25,17231,United Kingdom
2,C562582,21452,TOADSTOOL MONEY BOX,-1,2011-08-07 13:53:00,2.95,15640,United Kingdom
2,562779,22212,FOUR HOOK  WHITE LOVEBIRDS,1,2011-08-09 12:58:00,2.1,17841,United Kingdom
2,563925,23198,PANTRY MAGNETIC  SHOPPING LIST,1,2011-08-21 14:42:00,1.45,13610,United Kingdom
2,564553,84947,ANTIQUE SILVER TEA GLASS ENGRAVED,6,2011-08-25 18:45:00,1.25,18200,United Kingdom
2,564556,23158,SET OF 5 LUCKY CAT MAGNETS ,1,2011-08-25 19:48:00,2.08,12748,United Kingdom
2,564995,22470,HEART OF WICKER LARGE,1,2011-08-31 16:09:00,2.95,16780,United Kingdom
2,565407,23126,FELTCRAFT GIRL AMELIE KIT,1,2011-09-04 11:00:00,4.95,16983,United Kingdom
2,566019,23357,HOT WATER BOTTLE SEX BOMB,2,2011-09-08 12:44:00,4.95,17243,United Kingdom
2,566033,47420,ASSORTED COLOUR SUCTION CUP HOOK,1,2011-09-08 13:07:00,0.19,16031,United Kingdom
2,566290,20977,36 PENCILS TUBE WOODLAND,1,2011-09-11 15:24:00,1.25,14456,United Kingdom
2,566564,20724,RED RETROSPOT CHARLOTTE BAG,1,2011-09-13 12:26:00,0.85,15522,United Kingdom
2,567153,22722,SET OF 6 SPICE TINS PANTRY DESIGN,1,2011-09-16 16:25:00,3.95,14056,United Kingdom
2,567475,21977,PACK OF 60 PINK PAISLEY CAKE CASES,1,2011-09-20 13:11:00,0.55,16360,United Kingdom
2,567475,21990,MODERN FLORAL STATIONERY SET,1,2011-09-20 13:11:00,1.25,16360,United Kingdom
2,567935,23208,LUNCH BAG VINTAGE LEAF DESIGN,10,2011-09-22 18:07:00,1.65,13320,United Kingdom
2,568156,22112,CHOCOLATE HOT WATER BOTTLE,1,2011-09-25 12:16:00,4.95,14367,United Kingdom
2,568668,22066,LOVE HEART TRINKET POT,2,2011-09-28 13:00:00,0.39,15750,United Kingdom
2,568901,22430,ENAMEL WATERING CAN CREAM,2,2011-09-29 13:22:00,4.95,15050,United Kingdom
2,578255,85123A,WHITE HANGING HEART T-LIGHT HOLDER,1,2011-11-23 12:58:00,2.95,14675,United Kingdom
2,555091,23199,JUMBO BAG APPLES,2,2011-05-31 12:50:00,2.08,12748,United Kingdom
2,539456,21055,TOOL BOX SOFT TOY ,1,2010-12-17 17:23:00,8.95,16885,United Kingdom
2,540093,21463,MIRRORED DISCO BALL ,1,2011-01-04 15:24:00,5.95,16725,United Kingdom
2,540953,85123A,WHITE HANGING HEART T-LIGHT HOLDER,1,2011-01-12 13:16:00,2.95,14587,United Kingdom
2,541205,22841,ROUND CAKE TIN VINTAGE GREEN,1,2011-01-14 12:23:00,7.95,18106,United Kingdom
2,541262,72351B,SET/6 PINK  BUTTERFLY T-LIGHTS,1,2011-01-16 15:50:00,2.1,18069,United Kingdom
2,542107,21658,GLASS  BEURRE DISH,1,2011-01-25 13:38:00,3.95,16222,United Kingdom
2,542607,22931,BAKING MOULD HEART WHITE CHOCOLATE,1,2011-01-30 13:48:00,2.55,13148,United Kingdom
2,542617,22291,HANGING CHICK CREAM DECORATION,1,2011-01-30 15:48:00,1.45,17463,United Kingdom
2,543040,20974,12 PENCILS SMALL TUBE SKULL,1,2011-02-02 17:06:00,0.65,17337,United Kingdom
2,543191,22379,RECYCLING BAG RETROSPOT ,1,2011-02-04 11:54:00,2.1,13137,United Kingdom
2,575895,23345, DOLLY GIRL BEAKER,1,2011-11-11 14:50:00,1.25,17052,United Kingdom
2,576076,22097,SWALLOW SQUARE TISSUE BOX,1,2011-11-13 16:18:00,0.39,14382,United Kingdom
2,576077,84199,GLOW IN DARK DOLPHINS,1,2011-11-13 16:22:00,0.21,16720,United Kingdom
2,576321,23454,THREE MINI HANGING FRAMES,1,2011-11-14 14:59:00,4.15,14953,United Kingdom
2,576326,21034,REX CASH+CARRY JUMBO SHOPPER,1,2011-11-14 15:18:00,0.95,16504,United Kingdom
2,576559,23151,ZINC SWEETHEART SOAP DISH,1,2011-11-15 13:19:00,2.49,14711,United Kingdom
2,576911,23298,SPOTTY BUNTING,1,2011-11-17 10:01:00,4.95,17461,United Kingdom
2,577024,21620,SET OF 4 ROSE BOTANICAL CANDLES,1,2011-11-17 12:47:00,1.25,14704,United Kingdom
2,577317,22382,LUNCH BAG SPACEBOY DESIGN ,1,2011-11-18 13:33:00,1.65,16426,United Kingdom
2,577549,22154,ANGEL DECORATION 3 BUTTONS ,1,2011-11-20 15:00:00,0.42,17841,United Kingdom
2,577595,82580,BATHROOM METAL SIGN,1,2011-11-20 16:12:00,0.55,16399,United Kingdom
2,577740,22352,LUNCH BOX WITH CUTLERY RETROSPOT ,1,2011-11-21 13:36:00,2.55,17625,United Kingdom
2,577782,23439,HAND WARMER RED LOVE HEART,1,2011-11-21 16:17:00,2.1,16549,United Kingdom
2,578041,22970,LONDON BUS COFFEE MUG,6,2011-11-22 14:23:00,2.55,17338,United Kingdom
2,578146,21888,BINGO SET,1,2011-11-23 11:07:00,3.75,13742,United Kingdom
2,537154,82494L,WOODEN FRAME ANTIQUE WHITE ,6,2010-12-05 13:05:00,2.95,15808,United Kingdom
2,578488,23581,JUMBO BAG PAISLEY PARK,10,2011-11-24 12:53:00,2.08,12784,Portugal
2,578757,22261,FELT EGG COSY WHITE RABBIT ,1,2011-11-25 11:41:00,0.85,12748,United Kingdom
2,578926,85185B,PINK HORSE SOCK PUPPET KIT,1,2011-11-27 12:24:00,2.95,18156,United Kingdom
2,538379,22916,HERB MARKER THYME,1,2010-12-12 11:26:00,0.65,17126,United Kingdom
2,578998,79063D,"RETRO PILL BOX , REVOLUTIONARY",1,2011-11-27 16:05:00,0.19,15436,United Kingdom
2,578998,22666,RECIPE BOX PANTRY YELLOW DESIGN,1,2011-11-27 16:05:00,2.95,15436,United Kingdom
2,579132,22633,HAND WARMER UNION JACK,1,2011-11-28 12:35:00,2.1,15022,United Kingdom
2,579472,21494,ROTATING LEAVES T-LIGHT HOLDER,1,2011-11-29 15:09:00,1.25,13521,United Kingdom
2,579472,22208,WOOD STAMP SET THANK YOU,1,2011-11-29 15:09:00,0.83,13521,United Kingdom
2,579555,22189,CREAM HEART CARD HOLDER,1,2011-11-30 11:08:00,3.95,16241,United Kingdom
2,580523,47420,ASSORTED COLOUR SUCTION CUP HOOK,1,2011-12-04 15:00:00,0.19,17827,United Kingdom
2,580611,23356,LOVE HOT WATER BOTTLE,1,2011-12-05 11:49:00,5.95,12748,United Kingdom
2,580611,21479,WHITE SKULL HOT WATER BOTTLE ,1,2011-12-05 11:49:00,4.25,12748,United Kingdom
2,580697,22643,SET OF 4 NAPKIN CHARMS LEAVES   ,1,2011-12-05 16:05:00,0.79,15984,United Kingdom
2,580998,48187,DOORMAT NEW ENGLAND,1,2011-12-06 17:26:00,8.25,16987,United Kingdom
2,581134,21034,REX CASH+CARRY JUMBO SHOPPER,1,2011-12-07 13:12:00,0.95,16368,United Kingdom
2,581237,23509,MINI PLAYING CARDS FUN FAIR ,2,2011-12-08 10:40:00,0.42,15443,United Kingdom
2,544445,22175,PINK OWL SOFT TOY,1,2011-02-20 10:56:00,2.95,16746,United Kingdom
2,545059,22814,CARD PARTY GAMES ,12,2011-02-27 13:04:00,0.42,14157,United Kingdom
2,545085,22067,CHOC TRUFFLE GOLD TRINKET POT ,2,2011-02-28 11:19:00,1.65,15039,United Kingdom
2,545460,22650,CERAMIC PIRATE CHEST MONEY BANK,1,2011-03-02 17:33:00,1.45,13230,United Kingdom
2,545980,21114,LAVENDER SCENTED FABRIC HEART,10,2011-03-08 12:49:00,1.25,14730,United Kingdom
2,547374,22269,EGG CUP NATURAL CHICKEN,1,2011-03-22 13:54:00,1.25,16110,United Kingdom
2,547651,84457,SET/3 RABBITS FLOWER SKIPPPING ROPE,1,2011-03-24 12:11:00,0.85,16904,United Kingdom
2,537224,22866,HAND WARMER SCOTTY DOG DESIGN,1,2010-12-05 16:24:00,2.1,13174,United Kingdom
2,549257,85099F,JUMBO BAG STRAWBERRY,1,2011-04-07 12:29:00,2.08,14465,United Kingdom
2,549279,85145,JARDIN ETCHED GLASS LARGE BELL JAR,1,2011-04-07 13:16:00,3.95,16469,United Kingdom
2,550322,20724,RED RETROSPOT CHARLOTTE BAG,1,2011-04-17 12:53:00,0.85,14524,United Kingdom
2,550331,22249,DECORATION WHITE CHICK MAGIC GARDEN,1,2011-04-17 13:43:00,0.85,15555,United Kingdom
2,550477,21975,PACK OF 60 DINOSAUR CAKE CASES,1,2011-04-18 14:01:00,0.55,17338,United Kingdom
2,552267,23056,FLOWERS CHANDELIER T-LIGHT HOLDER,1,2011-05-08 11:49:00,6.25,15038,United Kingdom
2,536796,22553,PLASTERS IN TIN SKULLS,1,2010-12-02 15:46:00,1.65,15574,United Kingdom
2,552285,21558,SKULL LUNCH BOX WITH CUTLERY ,1,2011-05-08 12:58:00,2.55,14684,United Kingdom
2,554098,22026,BANQUET BIRTHDAY  CARD  ,12,2011-05-22 13:01:00,0.42,14769,United Kingdom
2,554157,22384,LUNCH BAG PINK POLKADOT,1,2011-05-23 11:33:00,1.65,18283,United Kingdom
2,538652,21684,SMALL MEDINA STAMPED METAL BOWL ,12,2010-12-13 15:12:00,0.85,17890,United Kingdom
2,555560,84563B,BLUE & WHITE BREAKFAST TRAY,1,2011-06-05 14:20:00,2.95,17346,United Kingdom
2,555746,21718,RED METAL BEACH SPADE ,1,2011-06-07 10:55:00,1.25,14606,United Kingdom
2,556484,22749,FELTCRAFT PRINCESS CHARLOTTE DOLL,1,2011-06-12 13:17:00,3.75,16938,United Kingdom
2,557397,23000,TRAVEL CARD WALLET TRANSPORT,1,2011-06-20 11:23:00,0.42,17897,United Kingdom
2,557636,84912B,GREEN ROSE WASHBAG,1,2011-06-21 15:41:00,3.75,17841,United Kingdom
2,557956,47559B,TEA TIME OVEN GLOVE,1,2011-06-23 19:20:00,1.25,18283,United Kingdom
2,558100,85066,CREAM SWEETHEART MINI CHEST,2,2011-06-26 13:46:00,12.75,17768,United Kingdom
2,558330,22749,FELTCRAFT PRINCESS CHARLOTTE DOLL,1,2011-06-28 12:16:00,3.75,12748,United Kingdom
2,558768,22801,ANTIQUE GLASS PEDESTAL BOWL,1,2011-07-03 13:33:00,3.75,15952,United Kingdom
2,559894,81950V,FLOWER PURPLE CLOCK WITH SUCKER,1,2011-07-13 12:06:00,0.29,14159,United Kingdom
2,560233,47574A,ENGLISH ROSE SCENTED HANGING FLOWER,1,2011-07-17 11:10:00,0.75,16813,United Kingdom
2,560644,22907,PACK OF 20 NAPKINS PANTRY DESIGN,3,2011-07-20 11:22:00,0.85,16271,United Kingdom
2,560861,85036A,GARDENIA 1 WICK MORRIS BOXED CANDLE,1,2011-07-21 13:37:00,4.25,17660,United Kingdom
2,560861,21609,SET 12 LAVENDER  BOTANICAL T-LIGHTS,1,2011-07-21 13:37:00,2.95,17660,United Kingdom
2,569261,23080,RED METAL BOX TOP SECRET,2,2011-10-03 11:34:00,8.25,17321,United Kingdom
2,569332,21035,SET/2 RED RETROSPOT TEA TOWELS ,1,2011-10-03 13:46:00,3.25,12637,France
2,569524,22722,SET OF 6 SPICE TINS PANTRY DESIGN,1,2011-10-04 14:42:00,3.95,14506,United Kingdom
2,569524,23511,EMBROIDERED RIBBON REEL EMILY ,1,2011-10-04 14:42:00,2.08,14506,United Kingdom
2,569669,23332,IVORY WICKER HEART LARGE,1,2011-10-05 13:47:00,1.65,14730,United Kingdom
2,569897,22548,HEADS AND TAILS SPORTING FUN,1,2011-10-06 16:01:00,1.25,17813,United Kingdom
2,570093,22219,LOVEBIRD HANGING DECORATION WHITE ,1,2011-10-07 11:55:00,0.85,18096,United Kingdom
2,570214,21080,SET/20 RED RETROSPOT PAPER NAPKINS ,1,2011-10-09 11:50:00,0.85,12748,United Kingdom
2,570333,85111,SILVER GLITTER FLOWER VOTIVE HOLDER,6,2011-10-10 12:19:00,0.29,18126,United Kingdom
2,570791,23065,LARGE DECO JEWELLERY STAND,1,2011-10-12 11:58:00,12.5,17346,United Kingdom
2,570818,23265,SET OF 3 WOODEN TREE DECORATIONS,4,2011-10-12 12:47:00,1.25,17841,United Kingdom
2,571241,22095,LADS ONLY TISSUE BOX,3,2011-10-14 14:58:00,0.39,14592,United Kingdom
2,571241,22630,DOLLY GIRL LUNCH BOX,1,2011-10-14 14:58:00,1.95,14592,United Kingdom
2,571268,23247,"BISCUIT TIN 50'S CHRISTMAS",6,2011-10-16 12:06:00,2.89,15351,United Kingdom
2,571272,23102,SILVER HEARTS TABLE DECORATION,12,2011-10-16 12:19:00,0.83,13878,United Kingdom
2,571286,21908,CHOCOLATE THIS WAY METAL SIGN,1,2011-10-16 14:35:00,2.1,14547,United Kingdom
2,571918,22049,WRAP CHRISTMAS SCREEN PRINT,25,2011-10-19 16:05:00,0.19,17350,United Kingdom
2,572103,22919,HERB MARKER MINT,1,2011-10-20 15:57:00,0.65,17571,United Kingdom
2,572219,22675,FRENCH KITCHEN SIGN BLUE METAL,1,2011-10-21 13:17:00,1.25,17463,United Kingdom
2,573029,84991,60 TEATIME FAIRY CAKE CASES,1,2011-10-27 13:33:00,0.55,14971,United Kingdom
2,573305,23556,LANDMARK FRAME COVENT GARDEN ,1,2011-10-28 16:13:00,12.5,17837,United Kingdom
2,573315,22711,WRAP CIRCUS PARADE,25,2011-10-28 17:27:00,0.42,17839,United Kingdom
2,573384,82486,3 DRAWER ANTIQUE WHITE WOOD CABINET,2,2011-10-30 14:19:00,8.95,15478,United Kingdom
2,568049,23266,SET OF 3 WOODEN STOCKING DECORATION,2,2011-09-23 12:38:00,1.25,17841,United Kingdom
2,543907,47578A,ENGLISH ROSE SMALL SCENTED FLOWER,2,2011-02-14 12:16:00,0.85,17346,United Kingdom
2,575491,82583,HOT BATHS METAL SIGN,1,2011-11-09 17:47:00,2.1,15531,United Kingdom
2,575731,22467,GUMBALL COAT RACK,1,2011-11-10 20:01:00,2.55,13230,United Kingdom
2,575851,23349,ROLL WRAP VINTAGE CHRISTMAS,1,2011-11-11 12:13:00,1.25,14662,United Kingdom
2,561859,22998,TRAVEL CARD WALLET KEEP CALM,48,2011-07-29 17:19:00,0.42,17750,United Kingdom
2,562213,23240,SET OF 4 KNICK KNACK TINS DOILEY ,1,2011-08-03 13:39:00,4.15,13975,United Kingdom
2,562449,22674,FRENCH TOILET SIGN BLUE METAL,4,2011-08-04 20:01:00,1.25,14562,United Kingdom
2,562551,90186A,AMETHYST HOOP EARRING FLORAL LEAF,1,2011-08-05 16:19:00,2.95,17231,United Kingdom
2,562584,47590A,BLUE HAPPY BIRTHDAY BUNTING,2,2011-08-07 14:16:00,5.45,13752,United Kingdom
2,563739,22998,TRAVEL CARD WALLET KEEP CALM,24,2011-08-18 20:05:00,0.42,17750,United Kingdom
2,564734,72131,COLUMBIAN CANDLE RECTANGLE,1,2011-08-28 13:32:00,1.95,12484,Spain
2,565303,21558,SKULL LUNCH BOX WITH CUTLERY ,1,2011-09-02 12:17:00,2.55,,Unspecified
2,565430,22375,AIRLINE BAG VINTAGE JET SET BROWN,1,2011-09-04 13:07:00,4.25,14335,Germany
2,565649,22631,CIRCUS PARADE LUNCH BOX ,2,2011-09-05 16:27:00,1.95,16712,United Kingdom
2,566408,22530,MAGIC DRAWING SLATE DOLLY GIRL ,1,2011-09-12 13:43:00,0.42,16984,United Kingdom
2,566489,21672,WHITE SPOT RED CERAMIC DRAWER KNOB,12,2011-09-13 10:17:00,1.45,16814,United Kingdom
2,566518,21524,DOORMAT SPOTTY HOME SWEET HOME,1,2011-09-13 11:24:00,8.25,17779,United Kingdom
2,566735,21533,RETROSPOT LARGE MILK JUG,1,2011-09-14 14:19:00,4.95,15707,United Kingdom
2,566864,22095,LADS ONLY TISSUE BOX,1,2011-09-15 12:51:00,0.39,17786,United Kingdom
2,567170,85099B,JUMBO BAG RED RETROSPOT,2,2011-09-18 12:40:00,2.08,13566,United Kingdom
2,574032,84029E,RED WOOLLY HOTTIE WHITE HEART.,24,2011-11-02 12:37:00,3.75,17754,United Kingdom
2,568183,21673,WHITE SPOT BLUE CERAMIC DRAWER KNOB,2,2011-09-25 13:47:00,1.45,13991,United Kingdom
2,C568370,90199C,5 STRAND GLASS NECKLACE CRYSTAL,-1,2011-09-26 16:43:00,6.35,15154,United Kingdom
2,575059,21889,WOODEN BOX OF DOMINOES,1,2011-11-08 12:25:00,1.25,14071,United Kingdom
2,536637,20733,GOLD MINI TAPE MEASURE ,1,2010-12-02 11:35:00,0.85,18041,United Kingdom
2,536742,22553,PLASTERS IN TIN SKULLS,1,2010-12-02 13:14:00,1.65,16916,United Kingdom
2,536798,21874,GIN AND TONIC MUG,6,2010-12-02 15:55:00,1.25,17838,United Kingdom
2,536846,20982,12 PENCILS TALL TUBE SKULLS,1,2010-12-02 19:59:00,0.85,14573,United Kingdom
2,537202,22274,FELTCRAFT DOLL EMILY,1,2010-12-05 14:25:00,2.95,14506,United Kingdom
2,537208,22441,GROW YOUR OWN BASIL IN ENAMEL MUG,1,2010-12-05 15:12:00,2.1,15889,United Kingdom
2,537224,22863,SOAP DISH BROCANTE,1,2010-12-05 16:24:00,2.95,13174,United Kingdom
2,574896,23275,SET OF 3 HANGING OWLS OLLIE BEAK,1,2011-11-07 14:51:00,1.25,17014,United Kingdom
2,537781,20751,FUNKY WASHING UP GLOVES ASSORTED,1,2010-12-08 12:46:00,2.1,17341,United Kingdom
2,537781,21693,SMALL HAMMERED SILVER CANDLEPOT ,6,2010-12-08 12:46:00,2.95,17341,United Kingdom
2,C538341,22726,ALARM CLOCK BAKELIKE GREEN,-1,2010-12-10 14:03:00,3.75,15514,United Kingdom
2,574704,85062,PEARL CRYSTAL PUMPKIN T-LIGHT HLDR,6,2011-11-06 14:02:00,1.65,15696,United Kingdom
2,574481,22142,CHRISTMAS CRAFT WHITE FAIRY ,1,2011-11-04 12:45:00,1.45,18022,United Kingdom
2,539181,21985,PACK OF 12 HEARTS DESIGN TISSUES ,12,2010-12-16 11:51:00,0.29,12748,United Kingdom
2,539321,21232,STRAWBERRY CERAMIC TRINKET BOX,1,2010-12-16 19:19:00,1.25,14723,United Kingdom
2,540647,84947,ANTIQUE SILVER TEA GLASS ENGRAVED,6,2011-01-10 14:57:00,1.25,17406,United Kingdom
2,574170,22144,CHRISTMAS CRAFT LITTLE FRIENDS,1,2011-11-03 11:43:00,2.1,16221,United Kingdom
2,542213,47566,PARTY BUNTING,1,2011-01-26 12:15:00,4.65,13837,United Kingdom
2,542422,22849,BREAD BIN DINER STYLE MINT,1,2011-01-27 19:33:00,16.95,14702,United Kingdom
2,542584,21041,RED RETROSPOT OVEN GLOVE DOUBLE,2,2011-01-28 15:21:00,2.95,18016,United Kingdom
2,542797,22491,PACK OF 12 COLOURED PENCILS,12,2011-02-01 11:08:00,0.85,17884,United Kingdom
2,573909,22980,PANTRY SCRUBBING BRUSH,1,2011-11-01 15:26:00,1.65,17813,United Kingdom
2,543812,21790,VINTAGE SNAP CARDS,1,2011-02-13 14:40:00,0.85,17472,United Kingdom
2,575482,22119,PEACE WOODEN BLOCK LETTERS,1,2011-11-09 16:33:00,6.95,15916,United Kingdom
2,550835,22630,DOLLY GIRL LUNCH BOX,1,2011-04-21 10:52:00,1.95,15034,United Kingdom
2,556905,23208,LUNCH BAG VINTAGE LEAF DESIGN,1,2011-06-15 13:05:00,1.65,16904,United Kingdom
2,556484,22326,ROUND SNACK BOXES SET OF4 WOODLAND ,2,2011-06-12 13:17:00,2.95,16938,United Kingdom
2,556484,22750,FELTCRAFT PRINCESS LOLA DOLL,1,2011-06-12 13:17:00,3.75,16938,United Kingdom
2,556280,22497,SET OF 2 TINS VINTAGE BATHROOM ,1,2011-06-09 20:03:00,4.25,14584,United Kingdom
2,555979,22470,HEART OF WICKER LARGE,2,2011-06-08 11:18:00,2.95,15039,United Kingdom
2,555533,21770,OPEN CLOSED METAL SIGN,2,2011-06-05 12:12:00,4.95,15722,United Kingdom
2,554980,22271,FELTCRAFT DOLL ROSIE,1,2011-05-29 11:59:00,2.95,17613,United Kingdom
2,554160,23146,TRIPLE HOOK ANTIQUE IVORY ROSE,1,2011-05-23 11:49:00,3.29,17841,United Kingdom
2,553856,21125,SET 6 FOOTBALL CELEBRATION CANDLES,1,2011-05-19 13:28:00,1.25,16813,United Kingdom
2,552285,85227,SET OF 6 3D KIT CARDS FOR KIDS,1,2011-05-08 12:58:00,0.85,14684,United Kingdom
2,551616,21034,REX CASH+CARRY JUMBO SHOPPER,1,2011-05-03 11:40:00,0.95,15048,United Kingdom
2,551088,22697,GREEN REGENCY TEACUP AND SAUCER,6,2011-04-26 12:31:00,2.95,14640,United Kingdom
2,551057,22097,SWALLOW SQUARE TISSUE BOX,1,2011-04-26 11:59:00,1.25,16942,United Kingdom
2,575985,21446,12 RED ROSE PEG PLACE SETTINGS,3,2011-11-13 14:09:00,1.25,17841,United Kingdom
2,550191,21654,RIDGED GLASS FINGER BOWL,6,2011-04-14 19:59:00,0.39,16806,United Kingdom
2,576911,23236,STORAGE TIN VINTAGE DOILY ,1,2011-11-17 10:01:00,2.89,17461,United Kingdom
2,577052,21481,FAWN BLUE HOT WATER BOTTLE,1,2011-11-17 14:08:00,3.75,17397,United Kingdom
2,577057,23581,JUMBO BAG PAISLEY PARK,1,2011-11-17 14:26:00,2.08,12748,United Kingdom
2,577228,22270,HAPPY EASTER HANGING DECORATION,1,2011-11-18 12:07:00,3.75,12391,Cyprus
2,577317,23206,LUNCH BAG APPLE DESIGN,1,2011-11-18 13:33:00,1.65,16426,United Kingdom
2,577319,23333,IVORY WICKER HEART MEDIUM,3,2011-11-18 13:43:00,1.25,17301,United Kingdom
2,577495,21034,REX CASH+CARRY JUMBO SHOPPER,1,2011-11-20 12:20:00,0.95,14704,United Kingdom
2,577549,22475,SKULL DESIGN TV DINNER TRAY,1,2011-11-20 15:00:00,4.95,17841,United Kingdom
2,577557,15039,SANDALWOOD FAN,1,2011-11-20 15:36:00,0.85,15426,United Kingdom
2,578155,23109,PACK OF SIX LED TEA LIGHTS,1,2011-11-23 11:32:00,2.89,12748,United Kingdom
2,578255,85039A,SET/4 RED MINI ROSE CANDLE IN BOWL,1,2011-11-23 12:58:00,1.65,14675,United Kingdom
2,578307,72349B,SET/6 PURPLE BUTTERFLY T-LIGHTS,1,2011-11-23 15:53:00,2.1,17290,United Kingdom
2,578324,21592,RETROSPOT CIGAR BOX MATCHES ,5,2011-11-23 17:32:00,1.25,17530,United Kingdom
2,578790,23320,"GIANT 50'S CHRISTMAS CRACKER",2,2011-11-25 12:20:00,2.89,14966,United Kingdom
2,578921,21615,4 LAVENDER BOTANICAL DINNER CANDLES,1,2011-11-27 11:57:00,1.25,13596,United Kingdom
2,578944,23206,LUNCH BAG APPLE DESIGN,1,2011-11-27 13:41:00,1.65,16005,United Kingdom
2,576857,23329,DECORATIVE WICKER HEART LARGE,1,2011-11-16 15:52:00,1.65,12748,United Kingdom
2,579124,23442,12 HANGING EGGS HAND PAINTED,1,2011-11-28 12:14:00,2.08,15721,United Kingdom
2,579135,22112,CHOCOLATE HOT WATER BOTTLE,1,2011-11-28 12:44:00,4.95,18096,United Kingdom
2,579744,23010,CIRCUS PARADE BABY GIFT SET,1,2011-11-30 14:38:00,16.95,,United Kingdom
2,580128,23198,PANTRY MAGNETIC  SHOPPING LIST,1,2011-12-01 17:56:00,1.45,17576,United Kingdom
2,580276,20972,PINK CREAM FELT CRAFT TRINKET BOX ,1,2011-12-02 12:59:00,1.25,16426,United Kingdom
2,580293,21166,COOK WITH WINE METAL SIGN ,1,2011-12-02 13:38:00,2.08,16426,United Kingdom
2,580305,22097,SWALLOW SQUARE TISSUE BOX,1,2011-12-02 14:26:00,0.39,12970,United Kingdom
2,580503,85184C,SET 4 VALENTINE DECOUPAGE HEART BOX,1,2011-12-04 13:20:00,2.95,13956,United Kingdom
2,580523,22086,"PAPER CHAIN KIT 50'S CHRISTMAS ",1,2011-12-04 15:00:00,2.95,17827,United Kingdom
2,580635,23263,SET OF 3 WOODEN HEART DECORATIONS,1,2011-12-05 12:30:00,1.25,14649,United Kingdom
2,580697,21620,SET OF 4 ROSE BOTANICAL CANDLES,12,2011-12-05 16:05:00,1.25,15984,United Kingdom
2,581449,22423,REGENCY CAKESTAND 3 TIER,1,2011-12-08 17:37:00,12.75,12748,United Kingdom
2,544597,22569,FELTCRAFT CUSHION BUTTERFLY,1,2011-02-21 17:42:00,3.75,16014,United Kingdom
2,545053,20979,36 PENCILS TUBE RED RETROSPOT,1,2011-02-27 12:41:00,1.25,17516,United Kingdom
2,545460,37370,RETRO COFFEE MUGS ASSORTED,1,2011-03-02 17:33:00,1.25,13230,United Kingdom
2,576071,23570,TRADITIONAL PICK UP STICKS GAME ,1,2011-11-13 16:03:00,1.25,18069,United Kingdom
2,545658,22439,6 ROCKET BALLOONS ,2,2011-03-04 14:13:00,0.65,14670,United Kingdom
2,546742,22291,HANGING CHICK CREAM DECORATION,24,2011-03-16 12:26:00,1.45,12849,United Kingdom
2,546951,21907,"I'M ON HOLIDAY METAL SIGN",1,2011-03-18 11:30:00,2.1,17673,United Kingdom
2,546984,37482P,CUBIC MUG PINK POLKADOT,6,2011-03-18 12:35:00,0.39,15019,United Kingdom
2,546984,22483,RED GINGHAM TEDDY BEAR ,1,2011-03-18 12:35:00,2.95,15019,United Kingdom
2,547063,22821,GIFT BAG PSYCHEDELIC APPLES,12,2011-03-20 13:33:00,0.65,14769,United Kingdom
2,547083,21318,GLASS CHALICE BLUE SMALL ,2,2011-03-20 15:21:00,1.65,15452,United Kingdom
2,547358,85061W,WHITE JEWELLED HEART DECORATION,8,2011-03-22 12:25:00,0.85,15998,United Kingdom
2,576696,23245,SET OF 3 REGENCY CAKE TINS,4,2011-11-16 12:26:00,4.95,16669,United Kingdom
2,C547725,84929,ASSTD FRUIT+FLOWERS FRIDGE MAGNETS,-144,2011-03-25 10:43:00,0.55,,United Kingdom
2,547809,22301,COFFEE MUG CAT + BIRD DESIGN,2,2011-03-25 13:54:00,2.55,12748,United Kingdom
2,548327,21985,PACK OF 12 HEARTS DESIGN TISSUES ,1,2011-03-30 13:05:00,0.29,16788,United Kingdom
2,C548469,22624,IVORY KITCHEN SCALES,-4,2011-03-31 12:32:00,7.65,14543,United Kingdom
2,548612,21535,RED RETROSPOT SMALL MILK JUG,2,2011-04-01 11:34:00,2.55,13137,United Kingdom
2,548860,22997,TRAVEL CARD WALLET UNION JACK,1,2011-04-04 13:38:00,0.42,13263,United Kingdom
2,549262,22568,FELTCRAFT CUSHION OWL,1,2011-04-07 12:38:00,3.75,14465,United Kingdom
2,549771,22247,BUNNY DECORATION MAGIC GARDEN,1,2011-04-12 11:43:00,0.85,14669,United Kingdom
2,556910,23200,JUMBO BAG PEARS,1,2011-06-15 13:25:00,2.08,12748,United Kingdom
2,576249,23480,MINI LIGHTS WOODLAND MUSHROOMS,1,2011-11-14 13:47:00,3.75,17811,United Kingdom
2,550632,23057,BEADED CHANDELIER T-LIGHT HOLDER,1,2011-04-19 14:56:00,4.95,16907,United Kingdom
2,551059,22789,T-LIGHT HOLDER SWEETHEART HANGING,4,2011-04-26 12:08:00,1.95,13668,United Kingdom
2,551270,22319,HAIRCLIPS FORTIES FABRIC ASSORTED,12,2011-04-27 12:35:00,0.65,15891,United Kingdom
2,552285,17091A,LAVENDER INCENSE IN TIN,1,2011-05-08 12:58:00,0.38,14684,United Kingdom
2,575989,22727,ALARM CLOCK BAKELIKE RED ,1,2011-11-13 14:20:00,3.75,14698,United Kingdom
2,553182,21211,SET OF 72 SKULL PAPER  DOILIES,1,2011-05-15 12:21:00,1.45,17107,United Kingdom
2,543600,21539,RED RETROSPOT BUTTER DISH,2,2011-02-10 13:19:00,4.95,18168,United Kingdom
2,543631,21528,DAIRY MAID TRADITIONAL TEAPOT ,1,2011-02-10 16:17:00,6.95,14081,United Kingdom
2,544177,22771,CLEAR DRAWER KNOB ACRYLIC EDWARDIAN,12,2011-02-16 14:27:00,1.25,13001,United Kingdom
2,554992,20972,PINK CREAM FELT CRAFT TRINKET BOX ,1,2011-05-29 14:08:00,1.25,16686,United Kingdom
2,555835,23173,REGENCY TEAPOT ROSES ,1,2011-06-07 12:34:00,9.95,14525,United Kingdom
2,555853,21430,SET/3 RED GINGHAM ROSE STORAGE BOX,1,2011-06-07 13:44:00,3.75,14375,United Kingdom
2,556481,23182,TOILET SIGN OCCUPIED OR VACANT,3,2011-06-12 13:00:00,0.83,16115,United Kingdom
2,556491,23263,SET OF 3 WOODEN HEART DECORATIONS,3,2011-06-12 14:15:00,1.25,16794,United Kingdom
2,578992,23457,LARGE PARLOUR PICTURE FRAME,1,2011-11-27 15:38:00,4.95,13610,United Kingdom
2,557442,22634,CHILDS BREAKFAST SET SPACEBOY ,1,2011-06-20 12:53:00,9.95,14808,United Kingdom
2,558049,22961,JAM MAKING SET PRINTED,1,2011-06-24 14:16:00,1.45,15850,United Kingdom
2,558105,22551,PLASTERS IN TIN SPACEBOY,1,2011-06-26 14:54:00,1.65,15644,United Kingdom
2,558709,84865,NEW BAROQUE BLACK PHOTO ALBUM,2,2011-07-01 13:02:00,2.95,17338,United Kingdom
2,558768,85054,FRENCH ENAMEL POT W LID,1,2011-07-03 13:33:00,2.95,15952,United Kingdom
2,559068,22335,HEART DECORATION PAINTED ZINC ,1,2011-07-06 10:41:00,0.65,17841,United Kingdom
2,569219,22734,SET OF 6 RIBBONS VINTAGE CHRISTMAS,1,2011-10-02 13:01:00,2.89,13558,United Kingdom
2,569224,84029G,KNITTED UNION FLAG HOT WATER BOTTLE,1,2011-10-02 14:00:00,4.25,15701,United Kingdom
2,569651,22735,RIBBON REEL SOCKS AND MITTENS,5,2011-10-05 12:49:00,1.65,14534,United Kingdom
2,569843,23344,"JUMBO BAG 50'S CHRISTMAS ",2,2011-10-06 13:29:00,2.08,14449,United Kingdom
2,570116,22548,HEADS AND TAILS SPORTING FUN,1,2011-10-07 12:38:00,1.25,12856,United Kingdom
2,571039,23209,LUNCH BAG VINTAGE DOILY ,1,2011-10-13 12:59:00,1.65,16121,United Kingdom
2,571216,22697,GREEN REGENCY TEACUP AND SAUCER,1,2011-10-14 13:06:00,2.95,16081,United Kingdom
2,571265,22472,TV DINNER TRAY DOLLY GIRL,1,2011-10-16 11:31:00,4.95,16674,United Kingdom
2,571279,23405,HOME SWEET HOME 2 DRAWER CABINET,1,2011-10-16 12:54:00,4.95,16466,United Kingdom
2,571667,23390,DOLLY GIRL MINI BACKPACK,1,2011-10-18 13:04:00,4.15,14554,United Kingdom
2,572058,22866,HAND WARMER SCOTTY DOG DESIGN,1,2011-10-20 12:43:00,2.1,18252,United Kingdom
2,572103,23559,WOODLAND BUNNIES LOLLY MAKERS,1,2011-10-20 15:57:00,2.08,17571,United Kingdom
2,572103,22535,MAGIC DRAWING SLATE BUNNIES ,1,2011-10-20 15:57:00,0.42,17571,United Kingdom
2,572219,22673,FRENCH GARDEN SIGN BLUE METAL,1,2011-10-21 13:17:00,1.25,17463,United Kingdom
2,572330,21873,"IF YOU CAN'T STAND THE HEAT MUG",1,2011-10-24 10:17:00,1.25,16426,United Kingdom
2,572668,22150,3 STRIPEY MICE FELTCRAFT,1,2011-10-25 13:07:00,1.95,18045,United Kingdom
2,572913,22219,LOVEBIRD HANGING DECORATION WHITE ,2,2011-10-26 16:21:00,0.85,15993,United Kingdom
2,573139,22610,PENS ASSORTED FUNNY FACE,36,2011-10-27 17:29:00,0.19,14716,United Kingdom
2,573151,21528,DAIRY MAID TRADITIONAL TEAPOT ,1,2011-10-27 20:09:00,6.95,17602,United Kingdom
2,573300,85035C,ROSE 3 WICK MORRIS BOX CANDLE,12,2011-10-28 16:10:00,1.25,16049,United Kingdom
2,573385,35954,SMALL FOLKART STAR CHRISTMAS DEC,48,2011-10-30 14:21:00,0.19,13421,United Kingdom
2,573396,22420,LIPSTICK PEN BABY PINK,1,2011-10-30 15:13:00,0.42,14723,United Kingdom
2,574046,21977,PACK OF 60 PINK PAISLEY CAKE CASES,1,2011-11-02 13:19:00,0.55,15743,United Kingdom
2,574258,21311,SET/4 BIRD MIRROR MAGNETS ,1,2011-11-03 13:50:00,0.29,16891,United Kingdom
2,574258,22091,EMPIRE TISSUE BOX,1,2011-11-03 13:50:00,0.39,16891,United Kingdom
2,574321,22327,ROUND SNACK BOXES SET OF 4 SKULLS,1,2011-11-03 19:28:00,2.95,16016,United Kingdom
2,574481,23368,SET 12 COLOUR PENCILS DOLLY GIRL ,1,2011-11-04 12:45:00,0.65,18022,United Kingdom
2,574481,22696,WICKER WREATH LARGE,1,2011-11-04 12:45:00,1.95,18022,United Kingdom
2,574660,21429,RED GINGHAM ROSE JEWELLERY BOX,2,2011-11-06 11:55:00,1.95,15407,United Kingdom
2,574663,82483,WOOD 2 DRAWER CABINET WHITE FINISH,2,2011-11-06 12:04:00,6.95,13527,United Kingdom
2,574682,21326,AGED GLASS SILVER T-LIGHT HOLDER,12,2011-11-06 12:44:00,0.65,14963,United Kingdom
2,574741,21891,TRADITIONAL WOODEN SKIPPING ROPE,1,2011-11-06 16:13:00,1.45,15993,United Kingdom
2,574914,23328,SET 6 SCHOOL MILK BOTTLES IN CRATE,1,2011-11-07 16:16:00,3.75,17109,United Kingdom
2,574959,85178,VICTORIAN SEWING KIT,1,2011-11-08 10:09:00,1.25,17886,United Kingdom
2,574965,23351,"ROLL WRAP 50'S CHRISTMAS",1,2011-11-08 10:44:00,1.25,17964,United Kingdom
2,575041,22904,CALENDAR PAPER CUT DESIGN,1,2011-11-08 12:01:00,2.95,17289,United Kingdom
2,575087,21169,"YOU'RE CONFUSING ME METAL SIGN ",1,2011-11-08 13:57:00,1.69,16549,United Kingdom
2,575668,21891,TRADITIONAL WOODEN SKIPPING ROPE,1,2011-11-10 14:59:00,1.45,18283,United Kingdom
2,575692,21818,GLITTER HEART DECORATION,1,2011-11-10 16:27:00,0.39,12508,France
2,563094,23057,BEADED CHANDELIER T-LIGHT HOLDER,1,2011-08-11 17:35:00,4.95,14525,United Kingdom
2,564199,23236,STORAGE TIN VINTAGE DOILY ,1,2011-08-23 17:31:00,2.89,13263,United Kingdom
2,564536,22191,IVORY DINER WALL CLOCK,1,2011-08-25 15:12:00,8.5,13159,United Kingdom
2,564539,22378,WALL TIDY RETROSPOT ,5,2011-08-25 15:22:00,2.1,12715,Sweden
2,564727,84380,SET OF 3 BUTTERFLY COOKIE CUTTERS,1,2011-08-28 12:31:00,1.25,16686,United Kingdom
2,565324,22086,"PAPER CHAIN KIT 50'S CHRISTMAS ",1,2011-09-02 13:18:00,2.95,13232,United Kingdom
2,566726,22144,CHRISTMAS CRAFT LITTLE FRIENDS,1,2011-09-14 13:12:00,2.1,15021,United Kingdom
2,567805,22365,DOORMAT RESPECTABLE HOUSE,1,2011-09-22 12:15:00,8.25,12854,United Kingdom
2,568066,23505,PLAYING CARDS I LOVE LONDON ,1,2011-09-23 13:48:00,1.25,14529,United Kingdom
2,568161,23516,EMBROIDERED RIBBON REEL SOPHIE  ,1,2011-09-25 12:31:00,3.75,15860,United Kingdom
2,568212,21993,FLORAL FOLK STATIONERY SET,2,2011-09-25 16:05:00,1.25,15154,United Kingdom
2,568224,23505,PLAYING CARDS I LOVE LONDON ,2,2011-09-26 10:22:00,1.25,17377,United Kingdom
2,536412,22569,FELTCRAFT CUSHION BUTTERFLY,2,2010-12-01 11:49:00,3.75,17920,United Kingdom
2,536637,20878,SET/9 CHRISTMAS T-LIGHTS SCENTED ,1,2010-12-02 11:35:00,1.25,18041,United Kingdom
2,536749,22472,TV DINNER TRAY DOLLY GIRL,1,2010-12-02 13:49:00,4.95,17976,United Kingdom
2,537155,21785,RAIN PONCHO ,1,2010-12-05 13:05:00,0.85,12748,United Kingdom
2,537646,84247E,PACK/12 XMAS FUN CARD,1,2010-12-07 15:39:00,2.95,17591,United Kingdom
2,537773,22082,RIBBON REEL STRIPES DESIGN ,5,2010-12-08 12:36:00,1.65,16016,United Kingdom
2,538379,22920,HERB MARKER BASIL,1,2010-12-12 11:26:00,0.65,17126,United Kingdom
2,539317,22335,HEART DECORATION PAINTED ZINC ,2,2010-12-16 19:04:00,0.65,17392,United Kingdom
2,539475,22149,FELTCRAFT 6 FLOWER FRIENDS,1,2010-12-19 14:41:00,2.1,16686,United Kingdom
2,539647,22098,BOUDOIR SQUARE TISSUE BOX,1,2010-12-20 16:08:00,1.25,15460,United Kingdom
2,540511,21755,LOVE BUILDING BLOCK WORD,1,2011-01-09 11:34:00,5.95,14472,United Kingdom
2,540839,21123,SET/10 IVORY POLKADOT PARTY CANDLES,1,2011-01-11 15:42:00,1.25,16791,United Kingdom
2,541552,21975,PACK OF 60 DINOSAUR CAKE CASES,1,2011-01-19 11:15:00,0.55,15039,United Kingdom
2,541595,22241,GARLAND WOODEN HAPPY EASTER,12,2011-01-19 16:08:00,1.25,14606,United Kingdom
2,541602,85061W,WHITE JEWELLED HEART DECORATION,1,2011-01-19 17:17:00,0.85,17231,United Kingdom
2,541660,22804,CANDLEHOLDER PINK HANGING HEART,3,2011-01-20 12:20:00,2.95,17787,United Kingdom
2,541832,21272,SALLE DE BAIN HOOK,2,2011-01-21 17:14:00,1.25,17889,United Kingdom
2,542057,22721,SET OF 3 CAKE TINS SKETCHBOOK,1,2011-01-25 11:57:00,4.95,15967,United Kingdom
2,542224,22178,VICTORIAN GLASS HANGING T-LIGHT,6,2011-01-26 12:45:00,1.25,17888,United Kingdom
2,542602,84030E,ENGLISH ROSE HOT WATER BOTTLE,1,2011-01-30 12:09:00,4.25,15579,United Kingdom
2,542618,22469,HEART OF WICKER SMALL,1,2011-01-30 15:52:00,1.65,14502,United Kingdom
2,543033,22196,SMALL HEART MEASURING SPOONS,1,2011-02-02 15:48:00,0.85,17841,United Kingdom
2,543191,21080,SET/20 RED RETROSPOT PAPER NAPKINS ,1,2011-02-04 11:54:00,0.85,13137,United Kingdom
2,544074,22774,RED DRAWER KNOB ACRYLIC EDWARDIAN,12,2011-02-15 14:49:00,1.25,14156,EIRE
2,576228,22306,SILVER MUG BONE CHINA TREE OF LIFE,6,2011-11-14 13:12:00,1.06,15033,United Kingdom
2,576463,23203,JUMBO BAG VINTAGE DOILY ,1,2011-11-15 11:37:00,2.08,17974,United Kingdom
2,576538,23555,LANDMARK FRAME NOTTING HILL ,1,2011-11-15 12:42:00,12.5,14725,United Kingdom
2,576689,22037,ROBOT BIRTHDAY CARD,12,2011-11-16 12:18:00,0.42,16657,United Kingdom
2,577057,23344,"JUMBO BAG 50'S CHRISTMAS ",1,2011-11-17 14:26:00,2.08,12748,United Kingdom
2,577057,22632,HAND WARMER RED RETROSPOT,1,2011-11-17 14:26:00,2.1,12748,United Kingdom
2,577057,23081,GREEN METAL BOX ARMY SUPPLIES,1,2011-11-17 14:26:00,8.25,12748,United Kingdom
2,577228,22435,SET OF 9 HEART SHAPED BALLOONS,1,2011-11-18 12:07:00,1.25,12391,Cyprus
2,577317,23681,LUNCH BAG RED VINTAGE DOILY,1,2011-11-18 13:33:00,1.65,16426,United Kingdom
2,577331,23300,GARDENERS KNEELING PAD CUP OF TEA ,1,2011-11-18 14:23:00,1.65,14667,United Kingdom
2,577473,22097,SWALLOW SQUARE TISSUE BOX,2,2011-11-20 11:28:00,0.39,15919,United Kingdom
2,577473,22182,CAKE STAND VICTORIAN FILIGREE SMALL,1,2011-11-20 11:28:00,4.95,15919,United Kingdom
2,577485,21899,GARAGE KEY FOB,2,2011-11-20 11:56:00,0.65,16360,United Kingdom
2,577503,72800B, 4 PURPLE FLOCK DINNER CANDLES,1,2011-11-20 12:34:00,2.55,18110,United Kingdom
2,577549,23102,SILVER HEARTS TABLE DECORATION,1,2011-11-20 15:00:00,0.83,17841,United Kingdom
2,577740,22111,SCOTTIE DOG HOT WATER BOTTLE,1,2011-11-21 13:36:00,4.95,17625,United Kingdom
2,577782,22383,LUNCH BAG SUKI DESIGN ,1,2011-11-21 16:17:00,1.65,16549,United Kingdom
2,578068,23156,SET OF 5 MINI GROCERY MAGNETS,1,2011-11-22 15:45:00,2.08,14505,United Kingdom
2,578262,21212,PACK OF 72 RETROSPOT CAKE CASES,1,2011-11-23 13:27:00,0.55,18283,United Kingdom
2,580136,22498,WOODEN REGATTA BUNTING,1,2011-12-01 19:42:00,5.95,17841,United Kingdom
2,552285,22565,FELTCRAFT HAIRBANDS PINK AND WHITE ,1,2011-05-08 12:58:00,0.85,14684,United Kingdom
2,578926,22866,HAND WARMER SCOTTY DOG DESIGN,1,2011-11-27 12:24:00,2.1,18156,United Kingdom
2,578949,22988,SOLDIERS EGG CUP ,2,2011-11-27 14:30:00,1.25,14954,United Kingdom
2,578951,22988,SOLDIERS EGG CUP ,12,2011-11-27 14:40:00,1.25,15514,United Kingdom
2,579141,22071,SMALL WHITE RETROSPOT MUG IN BOX ,1,2011-11-28 13:06:00,3.75,17019,United Kingdom
2,579458,23344,"JUMBO BAG 50'S CHRISTMAS ",1,2011-11-29 14:38:00,2.08,16549,United Kingdom
2,579458,23323,WHITE WICKER STAR ,1,2011-11-29 14:38:00,2.1,16549,United Kingdom
2,579458,23207,LUNCH BAG ALPHABET DESIGN,1,2011-11-29 14:38:00,1.65,16549,United Kingdom
2,579470,22178,VICTORIAN GLASS HANGING T-LIGHT,6,2011-11-29 15:06:00,1.95,16549,United Kingdom
2,580054,22138,BAKING SET 9 PIECE RETROSPOT ,2,2011-12-01 13:08:00,4.95,18122,United Kingdom
2,578519,20668,DISCO BALL CHRISTMAS DECORATION,24,2011-11-24 13:56:00,0.12,14591,United Kingdom
2,578814,23381,PACK OF 12 VINTAGE LEAF TISSUES ,1,2011-11-25 13:40:00,0.39,12748,United Kingdom
2,580884,22121,NOEL WOODEN BLOCK LETTERS ,1,2011-12-06 12:21:00,5.95,15907,United Kingdom
2,580908,22150,3 STRIPEY MICE FELTCRAFT,1,2011-12-06 13:20:00,1.95,16495,United Kingdom
2,581149,22107,PIZZA PLATE IN BOX,1,2011-12-07 14:12:00,1.25,15471,United Kingdom
2,581173,51014A,"FEATHER PEN,HOT PINK",12,2011-12-07 15:07:00,0.39,17870,United Kingdom
2,581253,23427,STOOL HOME SWEET HOME ,1,2011-12-08 11:15:00,12.5,16891,United Kingdom
2,581345,22151,PLACE SETTING WHITE HEART,24,2011-12-08 12:15:00,0.42,17315,United Kingdom
2,544406,21896,POTTING SHED TWINE,1,2011-02-18 13:26:00,2.1,16726,United Kingdom
2,544461,22467,GUMBALL COAT RACK,12,2011-02-20 14:08:00,2.55,13744,United Kingdom
2,544462,22079,RIBBON REEL HEARTS DESIGN ,1,2011-02-20 14:21:00,1.65,17050,United Kingdom
2,578325,22906,12 MESSAGE CARDS WITH ENVELOPES,1,2011-11-23 17:43:00,1.65,16343,United Kingdom
2,545045,22292,HANGING CHICK  YELLOW DECORATION,1,2011-02-27 11:40:00,1.45,15708,United Kingdom
2,545062,22429,ENAMEL MEASURING JUG CREAM,1,2011-02-27 14:07:00,4.25,12748,United Kingdom
2,545153,84674,FLYING PIG WATERING CAN,1,2011-02-28 12:57:00,2.95,16667,United Kingdom
2,545166,85053,FRENCH ENAMEL CANDLEHOLDER,1,2011-02-28 14:03:00,2.1,17027,United Kingdom
2,545337,21454,PAINTED PINK RABBIT ,1,2011-03-01 17:28:00,0.85,15984,United Kingdom
2,545655,22384,LUNCH BAG PINK POLKADOT,1,2011-03-04 13:58:00,1.65,14670,United Kingdom
2,545872,84836,ZINC METAL HEART DECORATION,2,2011-03-07 14:51:00,1.25,15752,United Kingdom
2,546498,48138,DOORMAT UNION FLAG,1,2011-03-14 11:44:00,7.95,15493,United Kingdom
2,546542,20751,FUNKY WASHING UP GLOVES ASSORTED,1,2011-03-14 15:13:00,2.1,13263,United Kingdom
2,546774,21194,PINK  HONEYCOMB PAPER FAN,1,2011-03-16 15:45:00,2.1,14505,United Kingdom
2,547069,22907,PACK OF 20 NAPKINS PANTRY DESIGN,1,2011-03-20 13:52:00,0.85,16710,United Kingdom
2,547772,22286,"DECORATION , WOBBLY RABBIT , METAL ",2,2011-03-25 11:34:00,1.65,17979,United Kingdom
2,549558,22921,HERB MARKER CHIVES ,1,2011-04-10 13:21:00,0.65,15058,United Kingdom
2,558370,51014C,"FEATHER PEN,COAL BLACK",12,2011-06-28 15:44:00,0.39,17750,United Kingdom
2,551982,20992,JAZZ HEARTS PURSE NOTEBOOK,24,2011-05-05 13:56:00,0.85,15023,United Kingdom
2,552285,21328,BALLOONS  WRITING SET ,1,2011-05-08 12:58:00,1.65,14684,United Kingdom
2,555162,22704,WRAP RED APPLES ,25,2011-06-01 10:15:00,0.42,12473,Germany
2,555406,21713,CITRONELLA CANDLE FLOWERPOT,4,2011-06-02 19:50:00,2.1,17231,United Kingdom
2,555524,22776,SWEETHEART CAKESTAND 3 TIER,1,2011-06-05 11:37:00,9.95,16923,United Kingdom
2,555560,23206,LUNCH BAG APPLE DESIGN,1,2011-06-05 14:20:00,1.65,17346,United Kingdom
2,555845,21868,POTTING SHED TEA MUG,1,2011-06-07 13:19:00,1.25,17015,United Kingdom
2,556107,21932,SCANDINAVIAN PAISLEY PICNIC BAG,1,2011-06-08 17:09:00,1.65,17360,United Kingdom
2,558200,23207,LUNCH BAG ALPHABET DESIGN,1,2011-06-27 13:00:00,1.65,15976,United Kingdom
2,558200,22384,LUNCH BAG PINK POLKADOT,1,2011-06-27 13:00:00,1.65,15976,United Kingdom
2,580695,23323,WHITE WICKER STAR ,1,2011-12-05 16:03:00,2.1,13230,United Kingdom
2,558751,22063,CERAMIC BOWL WITH STRAWBERRY DESIGN,2,2011-07-03 11:26:00,2.95,16009,United Kingdom
2,560271,84279P,CHERRY BLOSSOM  DECORATIVE FLASK,1,2011-07-17 14:51:00,3.75,16474,United Kingdom
2,560723,22545,MINI JIGSAW BUNNIES,1,2011-07-20 13:53:00,0.42,16464,United Kingdom
2,569491,23209,LUNCH BAG VINTAGE DOILY ,1,2011-10-04 13:25:00,1.65,14056,United Kingdom
2,569897,23241,TREASURE TIN GYMKHANA DESIGN,1,2011-10-06 16:01:00,2.08,17813,United Kingdom
2,569943,20972,PINK CREAM FELT CRAFT TRINKET BOX ,1,2011-10-06 18:08:00,1.25,14592,United Kingdom
2,570208,23044,PAPER LANTERN 9 POINT HOLLY STAR S,1,2011-10-09 10:23:00,4.15,16104,United Kingdom
2,570214,20969,RED FLORAL FELTCRAFT SHOULDER BAG,1,2011-10-09 11:50:00,3.75,12748,United Kingdom
2,570214,84077,WORLD WAR 2 GLIDERS ASSTD DESIGNS,96,2011-10-09 11:50:00,0.29,12748,United Kingdom
2,570246,20986,BLUE CALCULATOR RULER,1,2011-10-09 16:22:00,1.25,16921,United Kingdom
2,571098,22457,NATURAL SLATE HEART CHALKBOARD ,7,2011-10-13 15:38:00,2.95,17841,United Kingdom
2,571408,22429,ENAMEL MEASURING JUG CREAM,1,2011-10-17 12:22:00,4.25,15012,United Kingdom
2,571909,23188,VINTAGE  2 METRE FOLDING RULER,1,2011-10-19 15:08:00,1.65,15006,United Kingdom
2,571909,20985,HEART CALCULATOR,1,2011-10-19 15:08:00,1.25,15006,United Kingdom
2,571965,22449,SILK PURSE BABUSHKA PINK,1,2011-10-20 10:41:00,3.35,17238,United Kingdom
2,572318,23214,JINGLE BELL HEART ANTIQUE GOLD,1,2011-10-23 16:19:00,2.08,15436,United Kingdom
2,572330,23209,LUNCH BAG VINTAGE DOILY ,1,2011-10-24 10:17:00,1.65,16426,United Kingdom
2,573038,21867,PINK UNION JACK  LUGGAGE TAG,1,2011-10-27 13:48:00,1.25,17545,United Kingdom
2,573144,20914,SET/5 RED RETROSPOT LID GLASS BOWLS,1,2011-10-27 17:57:00,2.95,18035,United Kingdom
2,573264,23348,CHILDRENS TOY COOKING UTENSIL SET,2,2011-10-28 12:36:00,2.08,14415,United Kingdom
2,573361,21158,MOODY GIRL DOOR HANGER ,1,2011-10-30 12:53:00,0.39,14456,United Kingdom
2,573413,21636,MADRAS NOTEBOOK MEDIUM,1,2011-10-30 16:12:00,0.75,15444,United Kingdom
2,574474,85227,SET OF 6 3D KIT CARDS FOR KIDS,2,2011-11-04 12:05:00,0.85,17979,United Kingdom
2,574555,23265,SET OF 3 WOODEN TREE DECORATIONS,1,2011-11-04 15:29:00,1.25,16426,United Kingdom
2,574619,85034C,3 ROSE MORRIS BOXED CANDLES,1,2011-11-06 11:18:00,1.25,15952,United Kingdom
2,574686,85015,SET OF 12  VINTAGE POSTCARD SET,1,2011-11-06 13:00:00,0.65,17608,United Kingdom
2,575063,22380,TOY TIDY SPACEBOY  ,1,2011-11-08 12:32:00,2.1,16764,United Kingdom
2,575117,22918,HERB MARKER PARSLEY,1,2011-11-08 14:22:00,0.65,12748,United Kingdom
2,562468,22775,PURPLE DRAWERKNOB ACRYLIC EDWARDIAN,12,2011-08-05 11:52:00,1.25,16928,United Kingdom
2,562517,20718,RED RETROSPOT SHOPPER BAG,1,2011-08-05 12:27:00,1.25,15719,United Kingdom
2,562558,23316,RED REFECTORY CLOCK ,1,2011-08-05 16:43:00,9.95,13451,United Kingdom
2,562571,22059,CERAMIC STRAWBERRY DESIGN MUG,1,2011-08-07 12:21:00,1.49,13782,United Kingdom
2,563917,84558A,3D DOG PICTURE PLAYING CARDS,1,2011-08-21 13:46:00,2.95,14572,United Kingdom
2,564049,10133,COLOURING PENCILS BROWN TUBE,10,2011-08-22 13:30:00,0.42,17585,United Kingdom
2,564049,22093,MOTORING TISSUE BOX,1,2011-08-22 13:30:00,0.39,17585,United Kingdom
2,564740,23138,SINGLE WIRE HOOK IVORY HEART,1,2011-08-28 14:39:00,1.45,14044,United Kingdom
2,565541,22097,SWALLOW SQUARE TISSUE BOX,1,2011-09-05 12:00:00,0.39,14159,United Kingdom
2,565766,22212,FOUR HOOK  WHITE LOVEBIRDS,1,2011-09-06 14:23:00,2.1,17841,United Kingdom
2,567288,20751,FUNKY WASHING UP GLOVES ASSORTED,1,2011-09-19 11:49:00,2.1,16906,United Kingdom
2,567288,22096,PINK PAISLEY SQUARE TISSUE BOX ,1,2011-09-19 11:49:00,0.39,16906,United Kingdom
2,568163,23091,ZINC HERB GARDEN CONTAINER,2,2011-09-25 12:34:00,6.25,14540,United Kingdom
2,568188,84247E,PACK OF 12 CHRISTMAS FUN CARDS,1,2011-09-25 14:33:00,2.95,16049,United Kingdom
2,C568370,90143,SILVER BRACELET W PASTEL FLOWER,-1,2011-09-26 16:43:00,7.5,15154,United Kingdom
2,568531,22569,FELTCRAFT CUSHION BUTTERFLY,1,2011-09-27 13:49:00,3.75,16713,United Kingdom
2,568709,20984,12 PENCILS TALL TUBE POSY,1,2011-09-28 15:42:00,0.29,15036,United Kingdom
2,568712,23266,SET OF 3 WOODEN STOCKING DECORATION,1,2011-09-28 15:50:00,1.25,17841,United Kingdom
2,536412,21706,FOLDING UMBRELLA RED/WHITE POLKADOT,1,2010-12-01 11:49:00,4.95,17920,United Kingdom
2,536796,22952,60 CAKE CASES VINTAGE CHRISTMAS,1,2010-12-02 15:46:00,0.55,15574,United Kingdom
2,538826,22749,FELTCRAFT PRINCESS CHARLOTTE DOLL,1,2010-12-14 12:58:00,3.75,12370,Cyprus
2,537192,22585,PACK OF 6 BIRDY GIFT TAGS,1,2010-12-05 13:42:00,1.25,16402,United Kingdom
2,537196,22278,OVERNIGHT BAG VINTAGE ROSE PAISLEY,1,2010-12-05 13:55:00,4.95,15426,United Kingdom
2,537374,22974,CHILDRENS DOLLY GIRL MUG,1,2010-12-06 12:55:00,1.65,17259,United Kingdom
2,537382,21811,CHRISTMAS HANGING HEART WITH BELL,1,2010-12-06 13:13:00,1.25,16710,United Kingdom
2,537421,22568,FELTCRAFT CUSHION OWL,1,2010-12-06 15:25:00,3.75,17218,United Kingdom
2,537441,22114,HOT WATER BOTTLE TEA AND SYMPATHY,1,2010-12-06 17:26:00,3.95,13564,United Kingdom
2,538205,85035A,GARDENIA 3 WICK MORRIS BOXED CANDLE,1,2010-12-10 11:24:00,4.25,12748,United Kingdom
2,538312,22738,RIBBON REEL SNOWY VILLAGE,5,2010-12-10 13:48:00,1.65,16727,United Kingdom
2,538365,21755,LOVE BUILDING BLOCK WORD,2,2010-12-12 10:11:00,5.95,17243,United Kingdom
2,538518,21034,REX CASH+CARRY JUMBO SHOPPER,1,2010-12-12 16:14:00,0.95,14505,United Kingdom
2,537192,21107,CREAM SLICE FLANNEL PINK SPOT ,1,2010-12-05 13:42:00,2.95,16402,United Kingdom
2,538857,21731,RED TOADSTOOL LED NIGHT LIGHT,1,2010-12-14 13:58:00,1.65,15311,United Kingdom
2,539484,84378,SET OF 3 HEART COOKIE CUTTERS,12,2010-12-19 15:44:00,1.25,15640,United Kingdom
2,540373,22312,OFFICE MUG WARMER POLKADOT,1,2011-01-06 17:10:00,2.95,13280,United Kingdom
2,540514,22625,RED KITCHEN SCALES,1,2011-01-09 11:43:00,8.5,15708,United Kingdom
2,540953,84992,72 SWEETHEART FAIRY CAKE CASES,1,2011-01-12 13:16:00,0.55,14587,United Kingdom
2,541266,22567,20 DOLLY PEGS RETROSPOT,5,2011-01-16 16:25:00,1.25,15673,United Kingdom
2,541604,22955,36 FOIL STAR CAKE CASES ,1,2011-01-19 17:23:00,2.1,14572,United Kingdom
2,541660,22189,CREAM HEART CARD HOLDER,3,2011-01-20 12:20:00,3.95,17787,United Kingdom
2,542393,22139,RETROSPOT TEA SET CERAMIC 11 PC ,1,2011-01-27 15:02:00,4.95,18125,United Kingdom
2,542422,22508,DOORSTOP RETROSPOT HEART,1,2011-01-27 19:33:00,3.75,14702,United Kingdom
2,543040,21874,GIN AND TONIC MUG,1,2011-02-02 17:06:00,1.25,17337,United Kingdom
2,543165,22195,LARGE HEART MEASURING SPOONS,1,2011-02-03 19:58:00,1.65,13230,United Kingdom
2,580054,84581,DOG TOY WITH PINK CROCHET SKIRT,2,2011-12-01 13:08:00,3.75,18122,United Kingdom
2,550819,22265,EASTER DECORATION NATURAL CHICK,4,2011-04-20 17:37:00,0.65,17530,United Kingdom
2,550512,22419,LIPSTICK PEN RED,1,2011-04-18 16:31:00,0.42,18069,United Kingdom
2,550312,22460,EMBOSSED GLASS TEALIGHT HOLDER,12,2011-04-17 11:18:00,1.25,13089,United Kingdom
2,549943,23000,TRAVEL CARD WALLET TRANSPORT,1,2011-04-13 12:09:00,0.42,13544,United Kingdom
2,549771,22858,EASTER TIN KEEPSAKE,2,2011-04-12 11:43:00,1.65,14669,United Kingdom
2,549436,21915,RED  HARMONICA IN BOX ,24,2011-04-08 12:34:00,1.25,18041,United Kingdom
2,548768,22900, SET 2 TEA TOWELS I LOVE LONDON ,1,2011-04-04 12:34:00,3.25,17886,United Kingdom
2,570420,21122,SET/10 PINK POLKADOT PARTY CANDLES,1,2011-10-10 13:33:00,1.25,17841,United Kingdom
2,570232,84030E,ENGLISH ROSE HOT WATER BOTTLE,2,2011-10-09 13:58:00,4.25,14040,United Kingdom
2,576688,22467,GUMBALL COAT RACK,6,2011-11-16 12:16:00,2.55,16717,United Kingdom
2,562258,22561,WOODEN SCHOOL COLOURING SET,1,2011-08-03 15:28:00,1.65,16348,United Kingdom
2,544586,21524,DOORMAT SPOTTY HOME SWEET HOME,1,2011-02-21 15:04:00,7.95,17338,United Kingdom
2,544461,22023,EMPIRE BIRTHDAY CARD,12,2011-02-20 14:08:00,0.42,13744,United Kingdom
2,581412,21481,FAWN BLUE HOT WATER BOTTLE,1,2011-12-08 14:38:00,3.75,14415,United Kingdom
2,581191,23329,DECORATIVE WICKER HEART LARGE,1,2011-12-07 16:56:00,1.65,17449,United Kingdom
2,581166,23236,STORAGE TIN VINTAGE DOILY ,2,2011-12-07 14:43:00,2.89,15525,United Kingdom
2,581134,23562,SET OF 6 RIBBONS PERFECTLY PRETTY  ,1,2011-12-07 13:12:00,2.89,16368,United Kingdom
2,580893,22500,SET OF 2 TINS JARDIN DE PROVENCE,1,2011-12-06 12:38:00,1.25,17290,United Kingdom
2,580677,84991,60 TEATIME FAIRY CAKE CASES,1,2011-12-05 14:40:00,0.55,16200,United Kingdom
2,580659,22865,HAND WARMER OWL DESIGN,2,2011-12-05 13:46:00,2.1,17811,United Kingdom
2,580516,23597,PAPER BUNTING PAISLEY PARK,1,2011-12-04 14:15:00,2.95,17954,United Kingdom
2,580434,23329,DECORATIVE WICKER HEART LARGE,1,2011-12-04 12:17:00,1.65,17114,United Kingdom
2,580385,21375,LARGE CAMPHOR WOOD FIELD MUSHROOM ,2,2011-12-04 10:11:00,1.25,16326,United Kingdom
2,575895,22597,MUSICAL ZINC HEART DECORATION ,1,2011-11-11 14:50:00,0.29,17052,United Kingdom
2,570244,22295,HEART FILIGREE DOVE LARGE,12,2011-10-09 16:05:00,1.65,14514,United Kingdom
2,572461,82482,WOODEN PICTURE FRAME WHITE FINISH,1,2011-10-24 12:56:00,2.95,17344,United Kingdom
2,572703,22066,LOVE HEART TRINKET POT,2,2011-10-25 14:35:00,0.39,16110,United Kingdom
2,578998,22866,HAND WARMER SCOTTY DOG DESIGN,1,2011-11-27 16:05:00,2.1,15436,United Kingdom
2,579099,16046,TEATIME PEN CASE & PENS,1,2011-11-28 11:26:00,0.85,15714,United Kingdom
2,579135,20983,12 PENCILS TALL TUBE RED RETROSPOT,2,2011-11-28 12:44:00,0.85,18096,United Kingdom
2,579458,23329,DECORATIVE WICKER HEART LARGE,1,2011-11-29 14:38:00,1.65,16549,United Kingdom
2,579458,23332,IVORY WICKER HEART LARGE,2,2011-11-29 14:38:00,1.65,16549,United Kingdom
2,579458,22865,HAND WARMER OWL DESIGN,1,2011-11-29 14:38:00,2.1,16549,United Kingdom
2,579472,23293,SET OF 12 FAIRY CAKE BAKING CASES,1,2011-11-29 15:09:00,0.83,13521,United Kingdom
2,580396,21109,LARGE CAKE TOWEL CHOCOLATE SPOTS,1,2011-12-04 11:00:00,1.95,13838,United Kingdom
2,580469,22344,PARTY PIZZA DISH PINK POLKADOT,3,2011-12-04 12:32:00,0.19,14583,United Kingdom
2,580469,20727,LUNCH BAG  BLACK SKULL.,2,2011-12-04 12:32:00,1.65,14583,United Kingdom
2,580504,23084,RABBIT NIGHT LIGHT,1,2011-12-04 13:32:00,2.08,17936,United Kingdom
2,580619,23247,"BISCUIT TIN 50'S CHRISTMAS",1,2011-12-05 12:08:00,2.89,15053,United Kingdom
2,580654,51014A,"FEATHER PEN,HOT PINK",12,2011-12-05 13:37:00,0.39,15854,United Kingdom
2,580903,22624,IVORY KITCHEN SCALES,1,2011-12-06 12:56:00,8.5,14606,United Kingdom
2,580908,22635,CHILDS BREAKFAST SET DOLLY GIRL ,1,2011-12-06 13:20:00,9.95,16495,United Kingdom
2,581134,23435,3 RAFFIA RIBBONS VINTAGE CHRISTMAS,3,2011-12-07 13:12:00,0.79,16368,United Kingdom
2,581166,23154,SET OF 4 JAM JAR MAGNETS,1,2011-12-07 14:43:00,2.08,15525,United Kingdom
2,581166,23079,TOADSTOOL BEDSIDE LIGHT ,1,2011-12-07 14:43:00,8.95,15525,United Kingdom
2,544406,22713,CARD I LOVE LONDON ,12,2011-02-18 13:26:00,0.42,16726,United Kingdom
2,544700,21791,VINTAGE HEADS AND TAILS CARD GAME ,24,2011-02-23 10:10:00,1.25,18041,United Kingdom
2,545334,85206A,CREAM FELT EASTER EGG BASKET,1,2011-03-01 16:34:00,1.65,15750,United Kingdom
2,545683,21584,RETROSPOT SMALL TUBE MATCHES,1,2011-03-06 11:50:00,1.65,14903,United Kingdom
2,547028,21181,PLEASE ONE PERSON METAL SIGN,12,2011-03-20 10:13:00,2.1,13593,United Kingdom
2,547070,85049E,SCANDINAVIAN REDS RIBBONS,1,2011-03-20 13:58:00,1.25,16115,United Kingdom
2,547651,22553,PLASTERS IN TIN SKULLS,1,2011-03-24 12:11:00,1.65,16904,United Kingdom
2,547651,22248,DECORATION  PINK CHICK MAGIC GARDEN,1,2011-03-24 12:11:00,0.85,16904,United Kingdom
2,547663,21058,PARTY INVITES WOODLAND,1,2011-03-24 13:16:00,0.85,16022,United Kingdom
2,547940,22771,CLEAR DRAWER KNOB ACRYLIC EDWARDIAN,24,2011-03-28 14:43:00,1.25,16814,United Kingdom
2,548309,84596B,SMALL DOLLY MIX DESIGN ORANGE BOWL,2,2011-03-30 12:02:00,0.42,16657,United Kingdom
2,548910,21982,PACK OF 12 SUKI TISSUES ,432,2011-04-05 08:51:00,0.2,17940,United Kingdom
2,549251,84596F,SMALL MARSHMALLOWS PINK BOWL,2,2011-04-07 12:16:00,0.42,14449,United Kingdom
2,549279,21928,JUMBO BAG SCANDINAVIAN BLUE PAISLEY,1,2011-04-07 13:16:00,2.08,16469,United Kingdom
2,550632,23056,FLOWERS CHANDELIER T-LIGHT HOLDER,1,2011-04-19 14:56:00,6.25,16907,United Kingdom
2,550651,21975,PACK OF 60 DINOSAUR CAKE CASES,1,2011-04-19 16:52:00,0.55,15436,United Kingdom
2,552267,22822,CREAM WALL PLANTER HEART SHAPED,1,2011-05-08 11:49:00,5.95,15038,United Kingdom
2,552277,84978,HANGING HEART JAR T-LIGHT HOLDER,6,2011-05-08 12:34:00,1.25,13642,United Kingdom
2,552651,21000,ROSE DU SUD COSMETICS BAG,1,2011-05-10 14:09:00,4.25,16431,United Kingdom
2,552652,84789,ENCHANTED BIRD PLANT CAGE,1,2011-05-10 14:09:00,3.75,14591,United Kingdom
2,553487,22411,JUMBO SHOPPER VINTAGE RED PAISLEY,1,2011-05-17 12:38:00,2.08,13246,United Kingdom
2,553935,20674,GREEN POLKADOT BOWL,12,2011-05-20 10:32:00,1.25,15856,United Kingdom
2,554102,22059,CERAMIC STRAWBERRY DESIGN MUG,2,2011-05-22 13:40:00,1.49,14647,United Kingdom
2,554382,23301,GARDENERS KNEELING PAD KEEP CALM ,1,2011-05-24 11:55:00,1.65,17365,United Kingdom
2,554918,22089,PAPER BUNTING VINTAGE PAISLEY,1,2011-05-27 12:29:00,2.95,17345,United Kingdom
2,555537,21900,"KEY FOB , SHED",1,2011-06-05 12:37:00,0.65,15453,United Kingdom
2,578017,23101,SILVER STARS TABLE DECORATION,1,2011-11-22 13:07:00,0.83,13569,United Kingdom
2,556905,22467,GUMBALL COAT RACK,1,2011-06-15 13:05:00,2.55,16904,United Kingdom
2,578488,23203,JUMBO BAG VINTAGE DOILY ,10,2011-11-24 12:53:00,2.08,12784,Portugal
2,557956,20723,STRAWBERRY CHARLOTTE BAG,1,2011-06-23 19:20:00,0.85,18283,United Kingdom
2,558086,21169,"YOU'RE CONFUSING ME METAL SIGN ",1,2011-06-26 11:58:00,1.69,16728,United Kingdom
2,558370,22997,TRAVEL CARD WALLET UNION JACK,24,2011-06-28 15:44:00,0.42,17750,United Kingdom
2,558459,22355,CHARLOTTE BAG SUKI DESIGN,1,2011-06-29 14:20:00,0.85,15334,United Kingdom
2,558876,22384,LUNCH BAG PINK POLKADOT,1,2011-07-04 13:36:00,1.65,17841,United Kingdom
2,560026,21669,BLUE STRIPE CERAMIC DRAWER KNOB,2,2011-07-14 13:11:00,1.25,16928,United Kingdom
2,560209,22567,20 DOLLY PEGS RETROSPOT,1,2011-07-15 14:05:00,1.45,15004,United Kingdom
2,560223,23206,LUNCH BAG APPLE DESIGN,2,2011-07-15 15:32:00,1.65,16904,United Kingdom
2,568991,21263,GREEN GOOSE FEATHER TREE 60CM,2,2011-09-29 16:44:00,1.95,18204,United Kingdom
2,569651,22738,RIBBON REEL SNOWY VILLAGE,5,2011-10-05 12:49:00,1.65,14534,United Kingdom
2,569897,85049G,CHOCOLATE BOX RIBBONS ,1,2011-10-06 16:01:00,1.25,17813,United Kingdom
2,570209,22274,FELTCRAFT DOLL EMILY,1,2011-10-09 10:29:00,2.95,16326,United Kingdom
2,570209,22751,FELTCRAFT PRINCESS OLIVIA DOLL,1,2011-10-09 10:29:00,3.75,16326,United Kingdom
2,570210,21815,STAR  T-LIGHT HOLDER ,1,2011-10-09 10:48:00,1.45,13259,United Kingdom
2,570410,20686,"DOLLY MIXTURE CHILDREN'S UMBRELLA",3,2011-10-10 13:04:00,3.25,16776,United Kingdom
2,570442,21877,HOME SWEET HOME MUG,1,2011-10-10 14:37:00,1.65,16549,United Kingdom
2,570455,22557,PLASTERS IN TIN VINTAGE PAISLEY ,1,2011-10-10 15:27:00,1.65,14529,United Kingdom
2,570818,20727,LUNCH BAG  BLACK SKULL.,1,2011-10-12 12:47:00,1.65,17841,United Kingdom
2,570818,22553,PLASTERS IN TIN SKULLS,1,2011-10-12 12:47:00,1.65,17841,United Kingdom
2,571054,20766,GARDEN PATH SKETCHBOOK,1,2011-10-13 13:58:00,3.75,14234,United Kingdom
2,571883,23264,SET OF 3 WOODEN SLEIGH DECORATIONS,1,2011-10-19 13:58:00,1.25,14704,United Kingdom
2,572103,84558A,3D DOG PICTURE PLAYING CARDS,1,2011-10-20 15:57:00,2.95,17571,United Kingdom
2,578153,85107,CUT GLASS T-LIGHT HOLDER OCTAGON,1,2011-11-23 11:22:00,2.55,12748,United Kingdom
2,578703,85034C,3 ROSE MORRIS BOXED CANDLES,1,2011-11-25 11:02:00,1.25,17385,United Kingdom
2,578993,79144B,PAINTED LIGHTBULB STAR+ MOON,1,2011-11-27 15:38:00,0.42,15987,United Kingdom
2,578998,22633,HAND WARMER UNION JACK,1,2011-11-27 16:05:00,2.1,15436,United Kingdom
2,572889,22621,TRADITIONAL KNITTING NANCY,1,2011-10-26 13:56:00,1.65,12748,United Kingdom
2,572913,21624,VINTAGE UNION JACK DOORSTOP,1,2011-10-26 16:21:00,5.95,15993,United Kingdom
2,573360,23538,WALL ART VINTAGE HEART,1,2011-10-30 12:51:00,4.95,15748,United Kingdom
2,573413,20767,BLUE PAISLEY JOURNAL ,1,2011-10-30 16:12:00,2.55,15444,United Kingdom
2,574292,23439,HAND WARMER RED LOVE HEART,2,2011-11-03 15:27:00,2.1,16914,United Kingdom
2,574474,21114,LAVENDER SCENTED FABRIC HEART,5,2011-11-04 12:05:00,1.25,17979,United Kingdom
2,574478,22587,FELTCRAFT HAIRBAND RED AND BLUE,1,2011-11-04 12:27:00,0.85,17203,United Kingdom
2,574544,23236,STORAGE TIN VINTAGE DOILY ,6,2011-11-04 14:49:00,2.89,17084,United Kingdom
2,574643,23209,LUNCH BAG VINTAGE DOILY ,10,2011-11-06 11:25:00,1.65,17387,United Kingdom
2,574909,21892,TRADITIONAL WOODEN CATCH CUP GAME ,1,2011-11-07 15:40:00,1.25,13673,United Kingdom
2,575073,23263,SET OF 3 WOODEN HEART DECORATIONS,12,2011-11-08 13:10:00,1.25,13975,United Kingdom
2,577740,21947,SET OF 6 HEART CHOPSTICKS,1,2011-11-21 13:36:00,1.25,17625,United Kingdom
2,575085,22112,CHOCOLATE HOT WATER BOTTLE,1,2011-11-08 13:41:00,4.95,12849,United Kingdom
2,575117,22916,HERB MARKER THYME,1,2011-11-08 14:22:00,0.65,12748,United Kingdom
2,575337,22743,MAKE YOUR OWN FLOWERPOWER CARD KIT,1,2011-11-09 14:11:00,2.95,17867,United Kingdom
2,575337,78124,MAGAZINE RACK GEBRA ASSORTED ,1,2011-11-09 14:11:00,1.25,17867,United Kingdom
2,575517,22667,RECIPE BOX RETROSPOT ,12,2011-11-10 10:49:00,2.95,14562,United Kingdom
2,575602,23583,LUNCH BAG PAISLEY PARK  ,1,2011-11-10 12:27:00,1.65,17059,United Kingdom
2,561197,20978,36 PENCILS TUBE SKULLS,1,2011-07-25 14:35:00,1.25,16364,United Kingdom
2,562258,10135,COLOURING PENCILS BROWN TUBE,1,2011-08-03 15:28:00,1.25,16348,United Kingdom
2,562560,22383,LUNCH BAG SUKI DESIGN ,2,2011-08-05 17:12:00,1.65,14156,EIRE
2,562560,21738,COSY SLIPPER SHOES SMALL  RED ,1,2011-08-05 17:12:00,2.95,14156,EIRE
2,563557,21976,PACK OF 60 MUSHROOM CAKE CASES,24,2011-08-17 13:33:00,0.55,15786,United Kingdom
2,563915,21654,RIDGED GLASS FINGER BOWL,6,2011-08-21 13:24:00,0.39,14224,United Kingdom
2,564327,85099B,JUMBO BAG RED RETROSPOT,100,2011-08-24 13:33:00,1.74,16029,United Kingdom
2,564727,22755,SMALL PURPLE BABUSHKA NOTEBOOK ,1,2011-08-28 12:31:00,0.85,16686,United Kingdom
2,564739,22193,RED DINER WALL CLOCK,1,2011-08-28 14:28:00,8.5,16931,United Kingdom
2,565141,20725,LUNCH BAG RED RETROSPOT,1,2011-09-01 13:40:00,1.65,17841,United Kingdom
2,565430,22725,ALARM CLOCK BAKELIKE CHOCOLATE,2,2011-09-04 13:07:00,3.75,14335,Germany
2,566019,84029E,RED WOOLLY HOTTIE WHITE HEART.,2,2011-09-08 12:44:00,4.25,17243,United Kingdom
2,566238,23396,LA JARDIN BOTANIQUE CUSHION COVER,1,2011-09-11 11:24:00,3.75,17377,United Kingdom
2,566290,22419,LIPSTICK PEN RED,1,2011-09-11 15:24:00,0.42,14456,United Kingdom
2,566604,23287,RED VINTAGE SPOT BEAKER,8,2011-09-13 16:26:00,0.85,16279,United Kingdom
2,567288,22624,IVORY KITCHEN SCALES,1,2011-09-19 11:49:00,8.5,16906,United Kingdom
2,567288,22993,SET OF 4 PANTRY JELLY MOULDS,1,2011-09-19 11:49:00,1.25,16906,United Kingdom
2,568212,90143,SILVER BRACELET W PASTEL FLOWER,1,2011-09-25 16:05:00,7.5,15154,United Kingdom
2,536528,22584,PACK OF 6 PANNETONE GIFT BOXES,2,2010-12-01 13:17:00,2.55,15525,United Kingdom
2,536637,22867,HAND WARMER BIRD DESIGN,1,2010-12-02 11:35:00,2.1,18041,United Kingdom
2,577938,23307,SET OF 60 PANTRY DESIGN CAKE CASES ,2,2011-11-22 12:07:00,0.55,15525,United Kingdom
2,536863,22384,LUNCH BAG PINK POLKADOT,1,2010-12-03 11:19:00,1.65,17967,United Kingdom
2,536945,20751,FUNKY WASHING UP GLOVES ASSORTED,1,2010-12-03 12:24:00,2.1,14083,United Kingdom
2,537156,21673,WHITE SPOT BLUE CERAMIC DRAWER KNOB,6,2010-12-05 13:08:00,1.25,17858,United Kingdom
2,537196,47567B,TEA TIME KITCHEN APRON,1,2010-12-05 13:55:00,5.95,15426,United Kingdom
2,537399,22718,CARD CAT AND TREE ,12,2010-12-06 14:31:00,0.42,13030,United Kingdom
2,537769,85208,SET/12 FUNKY FELT FLOWER PEG IN BAG,1,2010-12-08 12:17:00,2.1,15021,United Kingdom
2,538182,17164B,"ASS COL SMALL SAND GECKO P'WEIGHT",2,2010-12-10 10:18:00,0.42,17827,United Kingdom
2,539019,22150,3 STRIPEY MICE FELTCRAFT,2,2010-12-15 14:12:00,1.95,17551,United Kingdom
2,539053,22837,HOT WATER BOTTLE BABUSHKA ,1,2010-12-15 16:32:00,4.65,16725,United Kingdom
2,539653,22834,HAND WARMER BABUSHKA DESIGN,24,2010-12-20 16:50:00,0.85,13564,United Kingdom
2,541489,22457,NATURAL SLATE HEART CHALKBOARD ,6,2011-01-18 13:38:00,2.95,15023,United Kingdom
2,541849,71053,WHITE METAL LANTERN,1,2011-01-23 13:34:00,3.75,13230,United Kingdom
2,542239,22189,CREAM HEART CARD HOLDER,1,2011-01-26 14:35:00,3.95,17786,United Kingdom
2,543096,22759,SET OF 3 NOTEBOOKS IN PARCEL,2,2011-02-03 11:39:00,1.65,14044,United Kingdom
2,543277,21034,REX CASH+CARRY JUMBO SHOPPER,2,2011-02-06 14:33:00,0.95,15808,United Kingdom
2,543731,15056N,EDWARDIAN PARASOL NATURAL,3,2011-02-11 11:57:00,5.95,17677,United Kingdom
2,543973,85206A,CREAM FELT EASTER EGG BASKET,1,2011-02-14 15:15:00,1.65,17571,United Kingdom
2,544068,21239,PINK  POLKADOT CUP,2,2011-02-15 14:08:00,0.85,16431,United Kingdom
2,576463,23398,HANGING HEART BONHEUR,1,2011-11-15 11:37:00,0.85,17974,United Kingdom
2,576875,22411,JUMBO SHOPPER VINTAGE RED PAISLEY,10,2011-11-16 16:32:00,2.08,15805,United Kingdom
2,577773,22567,20 DOLLY PEGS RETROSPOT,3,2011-11-21 15:57:00,1.45,16712,United Kingdom
2,577311,23581,JUMBO BAG PAISLEY PARK,1,2011-11-18 13:16:00,2.08,18225,United Kingdom
2,577473,22096,PINK PAISLEY SQUARE TISSUE BOX ,3,2011-11-20 11:28:00,0.39,15919,United Kingdom
2,577482,20728,LUNCH BAG CARS BLUE,5,2011-11-20 11:43:00,1.65,16762,United Kingdom
2,577482,23301,GARDENERS KNEELING PAD KEEP CALM ,12,2011-11-20 11:43:00,1.65,16762,United Kingdom
2,577490,21975,PACK OF 60 DINOSAUR CAKE CASES,2,2011-11-20 12:11:00,0.55,16464,United Kingdom
2,577517,23156,SET OF 5 MINI GROCERY MAGNETS,3,2011-11-20 13:16:00,2.08,16710,United Kingdom
2,577728,22383,LUNCH BAG SUKI DESIGN ,1,2011-11-21 12:52:00,1.65,17811,United Kingdom
2,577740,72807A,SET/3 ROSE CANDLE IN JEWELLED BOX,1,2011-11-21 13:36:00,4.25,17625,United Kingdom
2,577782,22086,"PAPER CHAIN KIT 50'S CHRISTMAS ",1,2011-11-21 16:17:00,2.95,16549,United Kingdom
2,577938,23378,"PACK OF 12 50'S CHRISTMAS TISSUES",2,2011-11-22 12:07:00,0.39,15525,United Kingdom
2,577773,23507,MINI PLAYING CARDS BUFFALO BILL ,1,2011-11-21 15:57:00,0.42,16712,United Kingdom
2,572312,21617,4 LILY  BOTANICAL DINNER CANDLES,2,2011-10-23 15:47:00,1.25,15022,United Kingdom
2,578307,72351A,SET/6 TURQUOISE BUTTERFLY T-LIGHTS,1,2011-11-23 15:53:00,2.1,17290,United Kingdom
2,578519,23322,LARGE WHITE HEART OF WICKER,1,2011-11-24 13:56:00,2.95,14591,United Kingdom
2,577167,22118,JOY WOODEN BLOCK LETTERS,1,2011-11-18 10:41:00,4.95,16511,United Kingdom
2,578781,23559,WOODLAND BUNNIES LOLLY MAKERS,1,2011-11-25 11:54:00,2.08,15872,United Kingdom
2,578921,22417,PACK OF 60 SPACEBOY CAKE CASES,1,2011-11-27 11:57:00,0.55,13596,United Kingdom
2,578921,84978,HANGING HEART JAR T-LIGHT HOLDER,1,2011-11-27 11:57:00,1.25,13596,United Kingdom
2,579124,21429,RED GINGHAM ROSE JEWELLERY BOX,2,2011-11-28 12:14:00,1.95,15721,United Kingdom
2,579132,22866,HAND WARMER SCOTTY DOG DESIGN,1,2011-11-28 12:35:00,2.1,15022,United Kingdom
2,579141,21990,MODERN FLORAL STATIONERY SET,2,2011-11-28 13:06:00,1.25,17019,United Kingdom
2,579458,21231,SWEETHEART CERAMIC TRINKET BOX,1,2011-11-29 14:38:00,1.25,16549,United Kingdom
2,579458,23201,JUMBO BAG ALPHABET,1,2011-11-29 14:38:00,2.08,16549,United Kingdom
2,579690,22952,60 CAKE CASES VINTAGE CHRISTMAS,1,2011-11-30 14:03:00,0.55,15060,United Kingdom
2,580136,22419,LIPSTICK PEN RED,1,2011-12-01 19:42:00,0.42,17841,United Kingdom
2,577740,23197,SKETCHBOOK MAGNETIC SHOPPING LIST,2,2011-11-21 13:36:00,1.45,17625,United Kingdom
2,577728,22381,TOY TIDY PINK POLKADOT,1,2011-11-21 12:52:00,2.1,17811,United Kingdom
2,577557,85035C,ROSE 3 WICK MORRIS BOX CANDLE,2,2011-11-20 15:36:00,1.25,15426,United Kingdom
2,580516,23598,PAPER BUNTING VINTAGE PARTY,1,2011-12-04 14:15:00,2.95,17954,United Kingdom
2,580516,22090,PAPER BUNTING RETROSPOT,1,2011-12-04 14:15:00,2.95,17954,United Kingdom
2,580667,23472, NINE DRAWER OFFICE TIDY,1,2011-12-05 14:19:00,14.95,15031,United Kingdom
2,580848,21812,GARLAND WITH HEARTS AND BELLS,1,2011-12-06 11:51:00,4.95,18005,United Kingdom
2,581149,71053,WHITE MOROCCAN METAL LANTERN,1,2011-12-07 14:12:00,3.75,15471,United Kingdom
2,581538,23318,BOX OF 6 MINI VINTAGE CRACKERS,1,2011-12-09 11:34:00,2.49,14446,United Kingdom
2,544408,22694,WICKER STAR ,1,2011-02-18 13:29:00,2.1,16726,United Kingdom
2,577503,22743,MAKE YOUR OWN FLOWERPOWER CARD KIT,2,2011-11-20 12:34:00,2.95,18110,United Kingdom
2,544461,22029,SPACEBOY BIRTHDAY CARD,12,2011-02-20 14:08:00,0.42,13744,United Kingdom
2,544467,21316,SMALL CHUNKY GLASS ROMAN  BOWL,1,2011-02-20 15:51:00,2.95,14502,United Kingdom
2,545085,22993,SET OF 4 PANTRY JELLY MOULDS,1,2011-02-28 11:19:00,1.25,15039,United Kingdom
2,545460,22976,CIRCUS PARADE CHILDRENS EGG CUP ,1,2011-03-02 17:33:00,1.25,13230,United Kingdom
2,547063,22317,FIVE CATS HANGING DECORATION,1,2011-03-20 13:33:00,2.95,14769,United Kingdom
2,547070,85049D,BRIGHT BLUES RIBBONS ,1,2011-03-20 13:58:00,1.25,16115,United Kingdom
2,547653,22857,ASSORTED EASTER GIFT TAGS,6,2011-03-24 12:21:00,0.85,16745,United Kingdom
2,548312,22668,PINK BABY BUNTING,1,2011-03-30 12:12:00,2.95,16059,United Kingdom
2,548670,22951,60 CAKE CASES DOLLY GIRL DESIGN,1,2011-04-01 15:37:00,0.55,15356,United Kingdom
2,548703,22296,HEART IVORY TRELLIS LARGE,1,2011-04-03 11:37:00,1.65,16010,United Kingdom
2,548987,84991,60 TEATIME FAIRY CAKE CASES,2,2011-04-05 12:50:00,0.55,14535,United Kingdom
2,549558,22919,HERB MARKER MINT,1,2011-04-10 13:21:00,0.65,15058,United Kingdom
2,549733,21867,PINK UNION JACK  LUGGAGE TAG,2,2011-04-11 16:56:00,1.25,17827,United Kingdom
2,550280,22383,LUNCH BAG SUKI DESIGN ,10,2011-04-15 13:31:00,1.65,13048,United Kingdom
2,550352,22467,GUMBALL COAT RACK,1,2011-04-18 10:21:00,2.55,16719,United Kingdom
2,550621,21899,"KEY FOB , GARAGE DESIGN",2,2011-04-19 13:41:00,0.65,13263,United Kingdom
2,550632,21181,PLEASE ONE PERSON METAL SIGN,1,2011-04-19 14:56:00,2.1,16907,United Kingdom
2,551817,47566,PARTY BUNTING,1,2011-05-04 11:50:00,4.95,17974,United Kingdom
2,577497,22175,PINK OWL SOFT TOY,1,2011-11-20 12:22:00,2.95,17555,United Kingdom
2,553014,84563B,BLUE & WHITE BREAKFAST TRAY,1,2011-05-12 18:49:00,2.95,13451,United Kingdom
2,553141,22516,CHILDS GARDEN RAKE BLUE,1,2011-05-13 13:01:00,2.1,15907,United Kingdom
2,554098,22252,BIRDCAGE DECORATION TEALIGHT HOLDER,6,2011-05-22 13:01:00,1.25,14769,United Kingdom
2,554098,22712,CARD DOLLY GIRL ,12,2011-05-22 13:01:00,0.42,14769,United Kingdom
2,554278,23146,TRIPLE HOOK ANTIQUE IVORY ROSE,1,2011-05-23 13:25:00,3.29,13831,United Kingdom
2,555110,23084,RABBIT NIGHT LIGHT,1,2011-05-31 14:34:00,2.08,17841,United Kingdom
2,555560,21326,AGED GLASS SILVER T-LIGHT HOLDER,12,2011-06-05 14:20:00,0.65,17346,United Kingdom
2,556473,21067,VINTAGE RED TEATIME MUG,1,2011-06-12 12:00:00,1.25,17265,United Kingdom
2,556489,23321,SMALL WHITE HEART OF WICKER,2,2011-06-12 13:59:00,1.69,14704,United Kingdom
2,557213,21559,STRAWBERRY LUNCH BOX WITH CUTLERY,1,2011-06-17 12:16:00,2.55,15021,United Kingdom
2,557305,22645,CERAMIC HEART FAIRY CAKE MONEY BANK,4,2011-06-19 14:42:00,1.45,13568,United Kingdom
2,557397,22996,TRAVEL CARD WALLET VINTAGE TICKET,1,2011-06-20 11:23:00,0.42,17897,United Kingdom
2,C557663,21121,SET/10 RED POLKADOT PARTY CANDLES,-24,2011-06-21 17:59:00,1.25,,EIRE
2,558096,21992,VINTAGE PAISLEY STATIONERY SET,1,2011-06-26 13:24:00,1.25,15532,United Kingdom
2,558700,21544,SKULLS  WATER TRANSFER TATTOOS ,3,2011-07-01 12:33:00,0.85,17920,United Kingdom
2,577493,23206,LUNCH BAG APPLE DESIGN,1,2011-11-20 12:13:00,1.65,17323,United Kingdom
2,559552,21207,SKULL AND CROSSBONES  GARLAND ,1,2011-07-10 16:29:00,1.65,16014,United Kingdom
2,559894,81950B,FLOWER BLUE CLOCK WITH SUCKER,1,2011-07-13 12:06:00,0.29,14159,United Kingdom
2,560203,22407,MONEY BOX FIRST ADE DESIGN,1,2011-07-15 13:13:00,1.25,15311,United Kingdom
2,560723,22572,ROCKING HORSE GREEN CHRISTMAS ,5,2011-07-20 13:53:00,0.85,16464,United Kingdom
2,561036,23242,TREASURE TIN BUFFALO BILL ,1,2011-07-24 11:54:00,2.08,13137,United Kingdom
2,569224,22614,PACK OF 12 SPACEBOY TISSUES,1,2011-10-02 14:00:00,0.39,15701,United Kingdom
2,569332,22553,PLASTERS IN TIN SKULLS,1,2011-10-03 13:46:00,1.65,12637,France
2,569469,84031B,CHARLIE LOLA BLUE HOT WATER BOTTLE ,1,2011-10-04 12:22:00,4.65,16360,United Kingdom
2,569521,16225,RATTLE SNAKE EGGS,1,2011-10-04 14:33:00,1.25,16474,United Kingdom
2,576054,23377,PACK OF 12 DOLLY GIRL TISSUES,1,2011-11-13 14:55:00,0.39,15787,United Kingdom
2,569670,22736,RIBBON REEL MAKING SNOWMEN ,1,2011-10-05 13:47:00,1.65,14730,United Kingdom
2,569673,85036A,GARDENIA 1 WICK MORRIS BOXED CANDLE,6,2011-10-05 13:58:00,4.25,17222,United Kingdom
2,576784,35001G,HAND OPEN SHAPE GOLD,1,2011-11-16 13:40:00,4.25,16204,United Kingdom
2,542578,21716,BOYS VINTAGE TIN SEASIDE BUCKET,8,2011-01-28 14:57:00,2.55,13709,United Kingdom
2,542618,22558,CLOTHES PEGS RETROSPOT PACK 24 ,1,2011-01-30 15:52:00,1.49,14502,United Kingdom
2,543535,22968,ROSE COTTAGE KEEPSAKE BOX ,1,2011-02-09 13:37:00,9.95,17537,United Kingdom
2,570423,20972,PINK CREAM FELT CRAFT TRINKET BOX ,5,2011-10-10 13:38:00,1.25,14451,United Kingdom
2,C570556,20969,RED FLORAL FELTCRAFT SHOULDER BAG,-144,2011-10-11 11:10:00,3.39,16029,United Kingdom
2,570818,23263,SET OF 3 WOODEN HEART DECORATIONS,4,2011-10-12 12:47:00,1.25,17841,United Kingdom
2,571034,23245,SET OF 3 REGENCY CAKE TINS,4,2011-10-13 12:47:00,4.95,12359,Cyprus
2,571054,20770,ABSTRACT CIRCLE JOURNAL ,1,2011-10-13 13:58:00,2.55,14234,United Kingdom
2,576784,23504,PLAYING CARDS JUBILEE UNION JACK,3,2011-11-16 13:40:00,1.25,16204,United Kingdom
2,571241,22940,FELTCRAFT CHRISTMAS FAIRY,1,2011-10-14 14:58:00,4.25,14592,United Kingdom
2,571883,22798,ANTIQUE GLASS DRESSING TABLE POT,1,2011-10-19 13:58:00,2.95,14704,United Kingdom
2,571909,22835,HOT WATER BOTTLE I AM SO POORLY,1,2011-10-19 15:08:00,4.95,15006,United Kingdom
2,572092,22698,PINK REGENCY TEACUP AND SAUCER,1,2011-10-20 14:41:00,2.95,17125,United Kingdom
2,572300,23252,VINTAGE RED ENAMEL TRIM JUG ,1,2011-10-23 14:40:00,3.75,18005,United Kingdom
2,572475,22099,CARAVAN SQUARE TISSUE BOX,1,2011-10-24 13:37:00,0.39,15271,United Kingdom
2,572528,21975,PACK OF 60 DINOSAUR CAKE CASES,1,2011-10-24 15:43:00,0.55,13176,United Kingdom
2,572732,16161P,WRAP ENGLISH ROSE ,25,2011-10-25 15:21:00,0.42,18079,United Kingdom
2,572861,21673,WHITE SPOT BLUE CERAMIC DRAWER KNOB,6,2011-10-26 12:46:00,1.45,14102,United Kingdom
2,572905,23091,ZINC HERB GARDEN CONTAINER,2,2011-10-26 15:39:00,6.25,14690,United Kingdom
2,573029,23108,SET OF 10 LED DOLLY LIGHTS,1,2011-10-27 13:33:00,6.25,14971,United Kingdom
2,573300,21035,SET/2 RED RETROSPOT TEA TOWELS ,1,2011-10-28 16:10:00,3.25,16049,United Kingdom
2,574289,22999,TRAVEL CARD WALLET VINTAGE LEAF,24,2011-11-03 15:16:00,0.42,17750,United Kingdom
2,576665,22995,TRAVEL CARD WALLET SUKI,2,2011-11-16 11:46:00,0.42,17841,United Kingdom
2,574481,84596B,SMALL DOLLY MIX DESIGN ORANGE BOWL,1,2011-11-04 12:45:00,0.42,18022,United Kingdom
2,576658,23356,LOVE HOT WATER BOTTLE,1,2011-11-16 11:05:00,5.95,14534,United Kingdom
2,574547,21843,RED RETROSPOT CAKE STAND,1,2011-11-04 15:08:00,10.95,17841,United Kingdom
2,574559,23236,STORAGE TIN VINTAGE DOILY ,1,2011-11-04 15:50:00,2.89,14056,United Kingdom
2,574667,35970,ZINC FOLKART SLEIGH BELLS,6,2011-11-06 12:12:00,1.69,15514,United Kingdom
2,574720,22633,HAND WARMER UNION JACK,1,2011-11-06 14:39:00,2.1,14547,United Kingdom
2,574734,23356,LOVE HOT WATER BOTTLE,1,2011-11-06 15:20:00,5.95,15025,United Kingdom
2,574863,23236,STORAGE TIN VINTAGE DOILY ,1,2011-11-07 12:29:00,2.89,15719,United Kingdom
2,575034,22382,LUNCH BAG SPACEBOY DESIGN ,1,2011-11-08 11:38:00,1.65,15573,United Kingdom
2,575070,23355,HOT WATER BOTTLE KEEP CALM,1,2011-11-08 12:58:00,4.95,17841,United Kingdom
2,575087,20719,WOODLAND CHARLOTTE BAG,1,2011-11-08 13:57:00,0.85,16549,United Kingdom
2,575574,21828,EIGHT PIECE SNAKE  SET,1,2011-11-10 11:37:00,1.25,14606,United Kingdom
2,575583,22531,MAGIC DRAWING SLATE CIRCUS PARADE  ,1,2011-11-10 11:55:00,0.42,14456,United Kingdom
2,561868,22311,OFFICE MUG WARMER BLACK+SILVER ,1,2011-07-31 11:26:00,2.95,16813,United Kingdom
2,562258,21891,TRADITIONAL WOODEN SKIPPING ROPE,1,2011-08-03 15:28:00,1.45,16348,United Kingdom
2,564052,22396,MAGNETS PACK OF 4 RETRO PHOTO,2,2011-08-22 13:40:00,0.39,15033,United Kingdom
2,564356,23241,TREASURE TIN GYMKHANA DESIGN,6,2011-08-24 15:47:00,2.08,13969,United Kingdom
2,565401,22729,ALARM CLOCK BAKELIKE ORANGE,1,2011-09-02 17:38:00,3.75,16686,United Kingdom
2,565455,22429,ENAMEL MEASURING JUG CREAM,1,2011-09-04 16:09:00,4.25,,United Kingdom
2,566171,22352,LUNCH BOX WITH CUTLERY RETROSPOT ,1,2011-09-09 12:22:00,2.55,18118,United Kingdom
2,566451,21820,GLITTER HEART GARLAND WITH BELLS ,1,2011-09-12 16:14:00,3.75,18069,United Kingdom
2,567424,22080,RIBBON REEL POLKADOTS ,5,2011-09-20 11:16:00,1.65,16369,United Kingdom
2,567866,23021,GLASS BONNE JAM JAR,1,2011-09-22 14:13:00,4.15,16669,United Kingdom
2,568066,21034,REX CASH+CARRY JUMBO SHOPPER,1,2011-09-23 13:48:00,0.95,14529,United Kingdom
2,568301,23301,GARDENERS KNEELING PAD KEEP CALM ,2,2011-09-26 12:45:00,1.65,16383,United Kingdom
2,536412,22900, SET 2 TEA TOWELS I LOVE LONDON ,2,2010-12-01 11:49:00,2.95,17920,United Kingdom
2,536528,84985A,SET OF 72 GREEN PAPER DOILIES,1,2010-12-01 13:17:00,1.45,15525,United Kingdom
2,536796,22376,AIRLINE BAG VINTAGE JET SET WHITE,2,2010-12-02 15:46:00,4.25,15574,United Kingdom
2,536796,21982,PACK OF 12 SUKI TISSUES ,1,2010-12-02 15:46:00,0.29,15574,United Kingdom
2,537154,85099C,JUMBO  BAG BAROQUE BLACK WHITE,10,2010-12-05 13:05:00,1.95,15808,United Kingdom
2,537154,22747,"POPPY'S PLAYHOUSE BATHROOM",1,2010-12-05 13:05:00,2.1,15808,United Kingdom
2,576057,47567B,TEA TIME KITCHEN APRON,1,2011-11-13 15:05:00,5.95,15861,United Kingdom
2,537202,22147,FELTCRAFT BUTTERFLY HEARTS,1,2010-12-05 14:25:00,1.45,14506,United Kingdom
2,575985,21041,RED RETROSPOT OVEN GLOVE DOUBLE,1,2011-11-13 14:09:00,2.95,17841,United Kingdom
2,537374,22816,CARD MOTORBIKE SANTA,12,2010-12-06 12:55:00,0.42,17259,United Kingdom
2,537395,22952,60 CAKE CASES VINTAGE CHRISTMAS,1,2010-12-06 14:05:00,0.55,15356,United Kingdom
2,537772,22080,RIBBON REEL POLKADOTS ,5,2010-12-08 12:35:00,1.65,18043,United Kingdom
2,537781,21143,ANTIQUE GLASS HEART DECORATION ,1,2010-12-08 12:46:00,1.95,17341,United Kingdom
2,538313,22726,ALARM CLOCK BAKELIKE GREEN,1,2010-12-10 13:50:00,3.75,15514,United Kingdom
2,538368,22195,LARGE HEART MEASURING SPOONS,1,2010-12-12 10:57:00,1.65,15503,United Kingdom
2,538371,21216,"SET 3 RETROSPOT TEA,COFFEE,SUGAR",1,2010-12-12 11:07:00,4.95,15570,United Kingdom
2,538744,22909,SET OF 20 VINTAGE CHRISTMAS NAPKINS,2,2010-12-14 11:26:00,0.85,15356,United Kingdom
2,539471,21506,"FANCY FONT BIRTHDAY CARD, ",12,2010-12-19 14:16:00,0.42,17358,United Kingdom
2,C540535,21232,STRAWBERRY CERAMIC TRINKET BOX,-1,2011-01-09 14:17:00,1.25,15005,United Kingdom
2,541213,84879,ASSORTED COLOUR BIRD ORNAMENT,8,2011-01-14 13:28:00,1.69,15033,United Kingdom
2,541265,84459A,PINK METAL CHICKEN HEART ,1,2011-01-16 16:23:00,1.49,17609,United Kingdom
2,541845,22173,METAL 4 HOOK HANGER FRENCH CHATEAU,1,2011-01-23 12:41:00,2.95,15167,United Kingdom
2,542231,21723,ALPHABET HEARTS STICKER SHEET,3,2011-01-26 13:40:00,0.85,16714,United Kingdom
2,542393,21169,"YOU'RE CONFUSING ME METAL SIGN ",1,2011-01-27 15:02:00,1.69,18125,United Kingdom
2,570235,23032,DRAWER KNOB CRACKLE GLAZE IVORY,1,2011-10-09 14:30:00,1.65,13193,United Kingdom
2,570241,20972,PINK CREAM FELT CRAFT TRINKET BOX ,1,2011-10-09 15:24:00,1.25,14801,United Kingdom
2,578072,21222,SET/4 BADGES BEETLES,2,2011-11-22 16:02:00,1.25,17759,United Kingdom
2,577696,22440,BALLOON WATER BOMB PACK OF 35,1,2011-11-21 11:57:00,0.42,16406,United Kingdom
2,579458,85199S,SMALL HANGING IVORY/RED WOOD BIRD,1,2011-11-29 14:38:00,0.42,16549,United Kingdom
2,579430,22279,POCKET BAG BLUE PAISLEY RED SPOT,1,2011-11-29 13:06:00,1.25,12748,United Kingdom
2,579161,47590B,PINK HAPPY BIRTHDAY BUNTING,1,2011-11-28 13:56:00,5.45,17379,United Kingdom
2,579155,20659,ECONOMY LUGGAGE TAG,1,2011-11-28 13:37:00,1.25,18101,United Kingdom
2,578949,22639,SET OF 4 NAPKIN CHARMS HEARTS,1,2011-11-27 14:30:00,2.55,14954,United Kingdom
2,578921,21136,PAINTED METAL PEARS ASSORTED,2,2011-11-27 11:57:00,1.69,13596,United Kingdom
2,578781,22602,RETROSPOT WOODEN HEART DECORATION,2,2011-11-25 11:54:00,0.85,15872,United Kingdom
2,578155,22940,FELTCRAFT CHRISTMAS FAIRY,1,2011-11-23 11:32:00,4.25,12748,United Kingdom
2,578155,22209,WOOD STAMP SET HAPPY BIRTHDAY,1,2011-11-23 11:32:00,0.83,12748,United Kingdom
2,577782,23371,SET 36 COLOUR PENCILS SPACEBOY ,1,2011-11-21 16:17:00,1.25,16549,United Kingdom
2,577742,21098,CHRISTMAS TOILET ROLL,1,2011-11-21 13:41:00,1.25,13755,United Kingdom
2,577711,22564,ALPHABET STENCIL CRAFT,1,2011-11-21 12:17:00,1.25,15527,United Kingdom
2,576053,22951,60 CAKE CASES DOLLY GIRL DESIGN,2,2011-11-13 14:53:00,0.55,16726,United Kingdom
2,560853,22773,GREEN DRAWER KNOB ACRYLIC EDWARDIAN,12,2011-07-21 12:33:00,1.25,15311,United Kingdom
2,577058,84558A,3D DOG PICTURE PLAYING CARDS,1,2011-11-17 14:29:00,2.95,18122,United Kingdom
2,577302,21888,BINGO SET,1,2011-11-18 12:57:00,3.75,17904,United Kingdom
2,577317,20725,LUNCH BAG RED RETROSPOT,1,2011-11-18 13:33:00,1.65,16426,United Kingdom
2,577482,23356,LOVE HOT WATER BOTTLE,2,2011-11-20 11:43:00,5.95,16762,United Kingdom
2,577778,23329,DECORATIVE WICKER HEART LARGE,1,2011-11-21 16:10:00,1.65,16549,United Kingdom
2,577782,22752,SET 7 BABUSHKA NESTING BOXES,1,2011-11-21 16:17:00,8.5,16549,United Kingdom
2,578016,22078,RIBBON REEL LACE DESIGN ,5,2011-11-22 13:02:00,2.1,14506,United Kingdom
2,578233,20728,LUNCH BAG CARS BLUE,10,2011-11-23 12:20:00,1.65,14049,United Kingdom
2,578262,22952,60 CAKE CASES VINTAGE CHRISTMAS,5,2011-11-23 13:27:00,0.55,18283,United Kingdom
2,578519,22352,LUNCH BOX WITH CUTLERY RETROSPOT ,1,2011-11-24 13:56:00,2.55,14591,United Kingdom
2,578781,22988,SOLDIERS EGG CUP ,1,2011-11-25 11:54:00,1.25,15872,United Kingdom
2,578814,20973,12 PENCIL SMALL TUBE WOODLAND,1,2011-11-25 13:40:00,0.65,12748,United Kingdom
2,578852,21982,PACK OF 12 SUKI TISSUES ,1,2011-11-27 11:12:00,0.39,17841,United Kingdom
2,578921,23313,VINTAGE CHRISTMAS BUNTING,1,2011-11-27 11:57:00,4.95,13596,United Kingdom
2,578927,23206,LUNCH BAG APPLE DESIGN,2,2011-11-27 12:26:00,1.65,15747,United Kingdom
2,578977,23395,BELLE JARDINIERE CUSHION COVER,3,2011-11-27 15:18:00,3.75,17231,United Kingdom
2,579002,22995,TRAVEL CARD WALLET SUKI,6,2011-11-27 16:27:00,0.42,14093,United Kingdom
2,579124,47469,ASSORTED SHAPES PHOTO CLIP SILVER ,2,2011-11-28 12:14:00,0.65,15721,United Kingdom
2,579161,84510A,SET OF 4 ENGLISH ROSE COASTERS,1,2011-11-28 13:56:00,1.25,17379,United Kingdom
2,579387,23562,SET OF 6 RIBBONS PERFECTLY PRETTY  ,1,2011-11-29 12:06:00,2.89,14452,United Kingdom
2,579401,22079,RIBBON REEL HEARTS DESIGN ,5,2011-11-29 12:12:00,1.65,14550,United Kingdom
2,579408,21832,CHOCOLATE CALCULATOR,1,2011-11-29 12:34:00,1.65,14701,United Kingdom
2,577057,21739,COSY SLIPPER SHOES SMALL GREEN,1,2011-11-17 14:26:00,2.95,12748,United Kingdom
2,580272,23266,SET OF 3 WOODEN STOCKING DECORATION,3,2011-12-02 12:52:00,1.25,15547,United Kingdom
2,580865,90089,PINK CRYSTAL SKULL PHONE CHARM,12,2011-12-06 11:58:00,0.19,17914,United Kingdom
2,581412,22199,FRYING PAN RED RETROSPOT,1,2011-12-08 14:38:00,1.25,14415,United Kingdom
2,544597,21975,PACK OF 60 DINOSAUR CAKE CASES,1,2011-02-21 17:42:00,0.55,16014,United Kingdom
2,545085,20676,RED RETROSPOT BOWL,8,2011-02-28 11:19:00,1.25,15039,United Kingdom
2,545683,22079,RIBBON REEL HEARTS DESIGN ,1,2011-03-06 11:50:00,1.65,14903,United Kingdom
2,545838,22381,TOY TIDY PINK POLKADOT,1,2011-03-07 13:33:00,2.1,14606,United Kingdom
2,545838,20727,LUNCH BAG  BLACK SKULL.,1,2011-03-07 13:33:00,1.65,14606,United Kingdom
2,545901,22099,CARAVAN SQUARE TISSUE BOX,1,2011-03-07 17:52:00,1.25,15834,United Kingdom
2,547070,22261,FELT EGG COSY WHITE RABBIT ,1,2011-03-20 13:58:00,0.85,16115,United Kingdom
2,547498,84596G,SMALL CHOCOLATES PINK BOWL,1,2011-03-23 12:24:00,0.42,15021,United Kingdom
2,547651,22084,PAPER CHAIN KIT EMPIRE,1,2011-03-24 12:11:00,2.95,16904,United Kingdom
2,547651,85038,6 CHOCOLATE LOVE HEART T-LIGHTS,1,2011-03-24 12:11:00,2.1,16904,United Kingdom
2,547651,22555,PLASTERS IN TIN STRONGMAN,1,2011-03-24 12:11:00,1.65,16904,United Kingdom
2,547664,21399,BLUE POLKADOT COFFEE MUG,12,2011-03-24 13:16:00,0.39,13069,United Kingdom
2,576538,23554,LANDMARK FRAME OXFORD STREET,1,2011-11-15 12:42:00,12.5,14725,United Kingdom
2,547712,22626,BLACK KITCHEN SCALES,1,2011-03-24 19:31:00,8.5,16905,United Kingdom
2,547786,21754,HOME BUILDING BLOCK WORD,1,2011-03-25 11:44:00,5.95,14587,United Kingdom
2,547860,22249,DECORATION WHITE CHICK MAGIC GARDEN,3,2011-03-27 12:21:00,0.85,17625,United Kingdom
2,548703,22084,PAPER CHAIN KIT EMPIRE,1,2011-04-03 11:37:00,2.95,16010,United Kingdom
2,548712,21216,"SET 3 RETROSPOT TEA,COFFEE,SUGAR",1,2011-04-03 14:42:00,4.95,17050,United Kingdom
2,549279,22353,LUNCH BOX WITH CUTLERY FAIRY CAKES ,1,2011-04-07 13:16:00,2.55,16469,United Kingdom
2,549558,22918,HERB MARKER PARSLEY,1,2011-04-10 13:21:00,0.65,15058,United Kingdom
2,550006,22467,GUMBALL COAT RACK,1,2011-04-14 10:10:00,2.55,17841,United Kingdom
2,577034,23268,SET OF 2 CERAMIC CHRISTMAS REINDEER,1,2011-11-17 13:16:00,1.45,12847,United Kingdom
2,551531,22699,ROSES REGENCY TEACUP AND SAUCER ,4,2011-05-01 13:45:00,2.95,15376,United Kingdom
2,551714,85141,JARDIN ETCHED GLASS FRUITBOWL,1,2011-05-03 15:15:00,3.95,16806,United Kingdom
2,552285,84828,JUNGLE POPSICLES ICE LOLLY MOULDS,1,2011-05-08 12:58:00,1.25,14684,United Kingdom
2,552949,22212,FOUR HOOK  WHITE LOVEBIRDS,1,2011-05-12 12:01:00,2.1,16033,United Kingdom
2,554098,84880,WHITE WIRE EGG HOLDER,1,2011-05-22 13:01:00,7.5,14769,United Kingdom
2,554151,21716,BOYS VINTAGE TIN SEASIDE BUCKET,8,2011-05-23 11:07:00,2.55,14049,United Kingdom
2,555562,22754,SMALL RED BABUSHKA NOTEBOOK ,1,2011-06-05 14:45:00,0.85,17841,United Kingdom
2,555853,23091,ZINC HERB GARDEN CONTAINER,1,2011-06-07 13:44:00,6.25,14375,United Kingdom
2,555854,21192,WHITE BELL HONEYCOMB PAPER ,1,2011-06-07 13:47:00,1.65,12748,United Kingdom
2,556489,21391,FRENCH LAVENDER SCENT HEART,3,2011-06-12 13:59:00,0.75,14704,United Kingdom
2,556882,82483,WOOD 2 DRAWER CABINET WHITE FINISH,2,2011-06-15 12:21:00,6.95,14395,United Kingdom
2,576830,22271,FELTCRAFT DOLL ROSIE,1,2011-11-16 14:54:00,2.95,14898,United Kingdom
2,558232,22438,BALLOON ART MAKE YOUR OWN FLOWERS,1,2011-06-27 14:30:00,1.95,17841,United Kingdom
2,558906,21873,"IF YOU CAN'T STAND THE HEAT MUG",1,2011-07-04 16:35:00,1.25,15555,United Kingdom
2,559424,22284,HEN HOUSE DECORATION,12,2011-07-08 12:14:00,1.65,18121,United Kingdom
2,559549,21559,STRAWBERRY LUNCH BOX WITH CUTLERY,1,2011-07-10 15:25:00,2.55,13230,United Kingdom
2,559921,84660B,BLACK STITCHED WALL CLOCK,2,2011-07-13 15:42:00,0.79,13667,United Kingdom
2,560018,21750,LARGE SKULL WINDMILL,1,2011-07-14 12:52:00,2.1,15987,United Kingdom
2,560245,22494,EMERGENCY FIRST AID TIN ,1,2011-07-17 12:15:00,1.25,,Switzerland
2,576665,72349B,SET/6 PURPLE BUTTERFLY T-LIGHTS,1,2011-11-16 11:46:00,2.1,17841,United Kingdom
2,560271,20979,36 PENCILS TUBE RED RETROSPOT,1,2011-07-17 14:51:00,1.25,16474,United Kingdom
2,C574095,22326,ROUND SNACK BOXES SET OF4 WOODLAND ,-1,2011-11-03 09:54:00,2.95,12674,France
2,560937,21311,SET/4 BIRD MIRROR MAGNETS ,1,2011-07-22 10:52:00,0.29,17920,United Kingdom
2,569229,23293,SET OF 12 FAIRY CAKE BAKING CASES,1,2011-10-02 14:56:00,0.83,14502,United Kingdom
2,569332,22629,SPACEBOY LUNCH BOX ,1,2011-10-03 13:46:00,1.95,12637,France
2,569523,21166,COOK WITH WINE METAL SIGN ,1,2011-10-04 14:41:00,2.08,16033,United Kingdom
2,569528,22566,FELTCRAFT HAIRBAND PINK AND PURPLE,3,2011-10-04 14:53:00,0.85,16242,United Kingdom
2,569823,35970,ZINC FOLKART SLEIGH BELLS,1,2011-10-06 12:15:00,1.69,16895,United Kingdom
2,569866,20702,PINK PADDED MOBILE,1,2011-10-06 14:50:00,4.25,12757,Portugal
2,569897,23403,LETTER HOLDER HOME SWEET HOME,1,2011-10-06 16:01:00,3.75,17813,United Kingdom
2,570197,47481,50CM METAL STRING WITH  7 CLIPS,1,2011-10-07 15:45:00,0.85,13755,United Kingdom
2,571265,23354,"6 GIFT TAGS 50'S CHRISTMAS ",2,2011-10-16 11:31:00,0.83,16674,United Kingdom
2,571317,21212,PACK OF 72 RETROSPOT CAKE CASES,3,2011-10-17 10:48:00,0.55,17377,United Kingdom
2,571883,23265,SET OF 3 WOODEN TREE DECORATIONS,1,2011-10-19 13:58:00,1.25,14704,United Kingdom
2,572074,22726,ALARM CLOCK BAKELIKE GREEN,1,2011-10-20 13:54:00,3.75,16284,United Kingdom
2,572090,23169,CLASSIC GLASS COOKIE JAR,1,2011-10-20 14:33:00,4.15,13573,United Kingdom
2,572103,20781,GOLD EAR MUFF HEADPHONES,1,2011-10-20 15:57:00,5.49,17571,United Kingdom
2,576463,22197,POPCORN HOLDER,3,2011-11-15 11:37:00,0.85,17974,United Kingdom
2,572318,23275,SET OF 3 HANGING OWLS OLLIE BEAK,1,2011-10-23 16:19:00,1.25,15436,United Kingdom
2,572528,23082,SET 6 PAPER TABLE LANTERN HEARTS ,1,2011-10-24 15:43:00,3.75,13176,United Kingdom
2,572650,23206,LUNCH BAG APPLE DESIGN,2,2011-10-25 12:00:00,1.65,15506,United Kingdom
2,572861,22774,RED DRAWER KNOB ACRYLIC EDWARDIAN,12,2011-10-26 12:46:00,1.25,14102,United Kingdom
2,574040,22174,PHOTO CUBE,4,2011-11-02 13:01:00,1.65,14974,United Kingdom
2,579711,23378,"PACK OF 12 50'S CHRISTMAS TISSUES",1,2011-11-30 14:17:00,0.39,15060,United Kingdom
2,574310,22766,PHOTO FRAME CORNICE,4,2011-11-03 16:56:00,2.95,13467,United Kingdom
2,574502,23242,TREASURE TIN BUFFALO BILL ,1,2011-11-04 13:16:00,2.08,17274,United Kingdom
2,574544,23197,SKETCHBOOK MAGNETIC SHOPPING LIST,12,2011-11-04 14:49:00,1.45,17084,United Kingdom
2,574659,22470,HEART OF WICKER LARGE,2,2011-11-06 11:44:00,2.95,16942,United Kingdom
2,574852,21263,GREEN GOOSE FEATHER TREE 60CM,2,2011-11-07 12:04:00,1.95,15493,United Kingdom
2,574965,23349,ROLL WRAP VINTAGE CHRISTMAS,1,2011-11-08 10:44:00,1.25,17964,United Kingdom
2,575117,47559B,TEA TIME OVEN GLOVE,1,2011-11-08 14:22:00,1.25,12748,United Kingdom
2,575756,20751,FUNKY WASHING UP GLOVES ASSORTED,2,2011-11-11 10:48:00,2.1,18118,United Kingdom
2,562096,22316,200 BENDY SKULL STRAWS,1,2011-08-02 13:16:00,1.25,15311,United Kingdom
2,562204,21064,BOOM BOX SPEAKER BOYS,1,2011-08-03 12:54:00,5.95,16324,United Kingdom
2,562258,23300,GARDENERS KNEELING PAD CUP OF TEA ,1,2011-08-03 15:28:00,1.65,16348,United Kingdom
2,563033,22805,BLUE DRAWER KNOB ACRYLIC EDWARDIAN,1,2011-08-11 14:48:00,1.25,16928,United Kingdom
2,563908,23110,PARISIENNE KEY CABINET ,2,2011-08-21 12:21:00,5.75,18109,United Kingdom
2,563924,23359,SET OF 12 T-LIGHTS VINTAGE DOILY,3,2011-08-21 14:32:00,1.95,15984,United Kingdom
2,564300,22423,REGENCY CAKESTAND 3 TIER,1,2011-08-24 11:31:00,12.75,16723,United Kingdom
2,564553,22427,ENAMEL FLOWER JUG CREAM,1,2011-08-25 18:45:00,5.95,18200,United Kingdom
2,565434,23326,HANGING MINI COLOURED BOTTLES,1,2011-09-04 13:35:00,0.63,12867,United Kingdom
2,566203,23356,LOVE HOT WATER BOTTLE,2,2011-09-09 14:47:00,5.95,16362,United Kingdom
2,566251,47422,ASSORTED MONKEY SUCTION CUP HOOK,10,2011-09-11 12:13:00,0.42,12841,United Kingdom
2,566290,22279,POCKET BAG BLUE PAISLEY RED SPOT,1,2011-09-11 15:24:00,1.25,14456,United Kingdom
2,566345,22705,WRAP GREEN PEARS ,25,2011-09-12 12:27:00,0.42,17685,United Kingdom
2,566450,22974,CHILDRENS DOLLY GIRL MUG,6,2011-09-12 16:12:00,1.65,15673,United Kingdom
2,566495,21035,SET/2 RED RETROSPOT TEA TOWELS ,1,2011-09-13 11:14:00,3.25,15529,United Kingdom
2,568066,23493,VINTAGE DOILY TRAVEL SEWING KIT,1,2011-09-23 13:48:00,1.95,14529,United Kingdom
2,568161,23239,SET OF 4 KNICK KNACK TINS POPPIES,1,2011-09-25 12:31:00,4.15,15860,United Kingdom
2,568212,84876B,GREEN HEART COMPACT MIRROR,1,2011-09-25 16:05:00,1.25,15154,United Kingdom
2,568212,84877D,BLUE ROUND COMPACT MIRROR,1,2011-09-25 16:05:00,1.25,15154,United Kingdom
2,C568419,51014C,"FEATHER PEN,COAL BLACK",-96,2011-09-27 11:16:00,0.39,13694,United Kingdom
2,536796,22585,PACK OF 6 BIRDY GIFT TAGS,1,2010-12-02 15:46:00,1.25,15574,United Kingdom
2,536981,20967,GREY FLORAL FELTCRAFT SHOULDER BAG,1,2010-12-03 14:26:00,3.75,14723,United Kingdom
2,537126,22569,FELTCRAFT CUSHION BUTTERFLY,1,2010-12-05 12:13:00,3.75,18118,United Kingdom
2,537133,21042,RED RETROSPOT APRON ,1,2010-12-05 12:29:00,5.95,18156,United Kingdom
2,537224,70006,LOVE HEART POCKET WARMER,1,2010-12-05 16:24:00,1.65,13174,United Kingdom
2,537374,22549,PICTURE DOMINOES,1,2010-12-06 12:55:00,1.45,17259,United Kingdom
2,537781,22554,PLASTERS IN TIN WOODLAND ANIMALS,1,2010-12-08 12:46:00,1.65,17341,United Kingdom
2,538201,22319,HAIRCLIPS FORTIES FABRIC ASSORTED,12,2010-12-10 11:12:00,0.65,15723,United Kingdom
2,538201,22086,"PAPER CHAIN KIT 50'S CHRISTMAS ",1,2010-12-10 11:12:00,2.95,15723,United Kingdom
2,538313,22727,ALARM CLOCK BAKELIKE RED ,2,2010-12-10 13:50:00,3.75,15514,United Kingdom
2,538379,22960,JAM MAKING SET WITH JARS,1,2010-12-12 11:26:00,4.25,17126,United Kingdom
2,539988,20751,FUNKY WASHING UP GLOVES ASSORTED,2,2010-12-23 16:06:00,2.1,18116,United Kingdom
2,540499,22625,RED KITCHEN SCALES,1,2011-01-09 10:21:00,8.5,16923,United Kingdom
2,540511,22784,LANTERN CREAM GAZEBO ,1,2011-01-09 11:34:00,4.95,14472,United Kingdom
2,541244,22113,GREY HEART HOT WATER BOTTLE,1,2011-01-16 12:35:00,3.75,15535,United Kingdom
2,541849,84992,72 SWEETHEART FAIRY CAKE CASES,1,2011-01-23 13:34:00,0.55,13230,United Kingdom
2,543040,21385,IVORY HANGING DECORATION  HEART,1,2011-02-02 17:06:00,0.85,17337,United Kingdom
2,543111,82583,HOT BATHS METAL SIGN,1,2011-02-03 12:44:00,2.1,15719,United Kingdom
2,543306,22563,HAPPY STENCIL CRAFT,2,2011-02-07 11:56:00,1.25,16686,United Kingdom
2,543630,21446,12 RED ROSE PEG PLACE SETTINGS,1,2011-02-10 16:01:00,1.25,15046,United Kingdom
2,543800,84380,SET OF 3 BUTTERFLY COOKIE CUTTERS,2,2011-02-13 11:36:00,1.25,17282,United Kingdom
2,544068,22197,SMALL POPCORN HOLDER,2,2011-02-15 14:08:00,0.85,16431,United Kingdom
2,576326,21175,GIN + TONIC DIET METAL SIGN,1,2011-11-14 15:18:00,2.55,16504,United Kingdom
2,576463,23194,GYMKHANA TREASURE BOOK BOX,1,2011-11-15 11:37:00,2.25,17974,United Kingdom
2,576538,23553,LANDMARK FRAME CAMDEN TOWN ,1,2011-11-15 12:42:00,12.5,14725,United Kingdom
2,577024,23082,SET 6 PAPER TABLE LANTERN HEARTS ,1,2011-11-17 12:47:00,3.75,14704,United Kingdom
2,577058,20985,HEART CALCULATOR,1,2011-11-17 14:29:00,1.25,18122,United Kingdom
2,577300,23355,HOT WATER BOTTLE KEEP CALM,2,2011-11-18 12:53:00,4.95,16924,United Kingdom
2,577482,23302,KNEELING MAT HOUSEWORK  DESIGN,6,2011-11-20 11:43:00,1.65,16762,United Kingdom
2,577504,22720,SET OF 3 CAKE TINS PANTRY DESIGN ,2,2011-11-20 12:36:00,4.95,14159,United Kingdom
2,577782,22065,CHRISTMAS PUDDING TRINKET POT ,6,2011-11-21 16:17:00,0.39,16549,United Kingdom
2,578072,23122,PARTY CHARMS 50 PIECES,1,2011-11-22 16:02:00,0.83,17759,United Kingdom
2,578233,21889,WOODEN BOX OF DOMINOES,6,2011-11-23 12:20:00,1.25,14049,United Kingdom
2,578255,22090,PAPER BUNTING RETROSPOT,1,2011-11-23 12:58:00,2.95,14675,United Kingdom
2,578289,22274,FELTCRAFT DOLL EMILY,1,2011-11-23 14:07:00,2.95,17841,United Kingdom
2,578519,85066,CREAM SWEETHEART MINI CHEST,1,2011-11-24 13:56:00,12.75,14591,United Kingdom
2,578757,23344,"JUMBO BAG 50'S CHRISTMAS ",1,2011-11-25 11:41:00,2.08,12748,United Kingdom
2,578781,17107D,FLOWER FAIRY 5 DRAWER LINERS,1,2011-11-25 11:54:00,2.55,15872,United Kingdom
2,578921,23084,RABBIT NIGHT LIGHT,1,2011-11-27 11:57:00,2.08,13596,United Kingdom
2,578921,22093,MOTORING TISSUE BOX,1,2011-11-27 11:57:00,0.39,13596,United Kingdom
2,578926,22510,GINGHAM BABUSHKA DOORSTOP,1,2011-11-27 12:24:00,3.75,18156,United Kingdom
2,578947,35818P,"ACRYLIC JEWEL ICICLE, PINK",3,2011-11-27 13:49:00,0.38,14547,United Kingdom
2,578977,21317,GLASS SPHERE CANDLE STAND MEDIUM,1,2011-11-27 15:18:00,5.45,17231,United Kingdom
2,579141,23319,"BOX OF 6 MINI 50'S CRACKERS",1,2011-11-28 13:06:00,2.49,17019,United Kingdom
2,579472,22993,SET OF 4 PANTRY JELLY MOULDS,1,2011-11-29 15:09:00,1.25,13521,United Kingdom
2,580305,23504,PLAYING CARDS JUBILEE UNION JACK,1,2011-12-02 14:26:00,1.25,12970,United Kingdom
2,580635,22744,MAKE YOUR OWN MONSOON CARD KIT,1,2011-12-05 12:30:00,0.79,14649,United Kingdom
2,580848,21790,VINTAGE SNAP CARDS,1,2011-12-06 11:51:00,0.85,18005,United Kingdom
2,580884,21620,SET OF 4 ROSE BOTANICAL CANDLES,1,2011-12-06 12:21:00,1.25,15907,United Kingdom
2,544461,21672,WHITE SPOT RED CERAMIC DRAWER KNOB,6,2011-02-20 14:08:00,1.25,13744,United Kingdom
2,545085,22064,PINK DOUGHNUT TRINKET POT ,2,2011-02-28 11:19:00,1.65,15039,United Kingdom
2,545290,77101A,UNION FLAG WINDSOCK,1,2011-03-01 12:01:00,1.25,14688,United Kingdom
2,545695,22993,SET OF 4 PANTRY JELLY MOULDS,12,2011-03-06 14:15:00,1.25,17050,United Kingdom
2,545830,21169,"YOU'RE CONFUSING ME METAL SIGN ",2,2011-03-07 13:10:00,1.69,17634,United Kingdom
2,546528,22171,3 HOOK PHOTO SHELF ANTIQUE WHITE,12,2011-03-14 13:04:00,7.65,15311,United Kingdom
2,547651,15056P,EDWARDIAN PARASOL PINK,1,2011-03-24 12:11:00,5.95,16904,United Kingdom
2,547860,85061W,WHITE JEWELLED HEART DECORATION,6,2011-03-27 12:21:00,0.85,17625,United Kingdom
2,548309,21034,REX CASH+CARRY JUMBO SHOPPER,1,2011-03-30 12:02:00,0.95,16657,United Kingdom
2,548327,22966,GINGERBREAD MAN COOKIE CUTTER,1,2011-03-30 13:05:00,1.25,16788,United Kingdom
2,548492,20728,LUNCH BAG CARS BLUE,3,2011-03-31 13:14:00,1.65,17841,United Kingdom
2,548712,22965,3 TRADITIONAl BISCUIT CUTTERS  SET,1,2011-04-03 14:42:00,2.1,17050,United Kingdom
2,549129,22148,EASTER CRAFT 4 CHICKS ,4,2011-04-06 14:53:00,1.95,17042,United Kingdom
2,549981,23007, SPACEBOY BABY GIFT SET,1,2011-04-13 15:49:00,16.95,16348,United Kingdom
2,550332,22077,6 RIBBONS RUSTIC CHARM,1,2011-04-17 13:53:00,1.65,13474,United Kingdom
2,550515,22099,CARAVAN SQUARE TISSUE BOX,1,2011-04-18 17:29:00,1.25,14502,United Kingdom
2,551558,22383,LUNCH BAG SUKI DESIGN ,1,2011-05-03 10:41:00,1.65,17841,United Kingdom
2,553680,22784,LANTERN CREAM GAZEBO ,4,2011-05-18 13:11:00,4.95,13258,United Kingdom
2,554151,22662,LUNCH BAG DOLLY GIRL DESIGN,10,2011-05-23 11:07:00,1.65,14049,United Kingdom
2,554157,22896,PEG BAG APPLES DESIGN,1,2011-05-23 11:33:00,2.55,18283,United Kingdom
2,556107,22207,FRYING PAN UNION FLAG,1,2011-06-08 17:09:00,4.25,17360,United Kingdom
2,557886,22423,REGENCY CAKESTAND 3 TIER,1,2011-06-23 13:39:00,12.75,17799,United Kingdom
2,558355,21903,MAN FLU METAL SIGN,1,2011-06-28 14:58:00,2.1,13614,United Kingdom
2,558370,23002,TRAVEL CARD WALLET SKULLS,24,2011-06-28 15:44:00,0.42,17750,United Kingdom
2,558535,23054,RECYCLED ACAPULCO MAT LAVENDER,2,2011-06-30 12:04:00,8.25,16904,United Kingdom
2,558751,37446,MINI CAKE STAND WITH HANGING CAKES,2,2011-07-03 11:26:00,1.45,16009,United Kingdom
2,560018,22553,PLASTERS IN TIN SKULLS,1,2011-07-14 12:52:00,1.65,15987,United Kingdom
2,560228,17021,NAMASTE SWAGAT INCENSE,6,2011-07-15 17:29:00,0.3,17750,United Kingdom
2,560271,20719,WOODLAND CHARLOTTE BAG,1,2011-07-17 14:51:00,0.85,16474,United Kingdom
2,560701,23005,TRAVEL CARD WALLET I LOVE LONDON,24,2011-07-20 12:45:00,0.42,16729,United Kingdom
2,560937,22543,MINI JIGSAW BAKE A CAKE ,1,2011-07-22 10:52:00,0.42,17920,United Kingdom
2,569524,22979,PANTRY WASHING UP BRUSH,1,2011-10-04 14:42:00,1.45,14506,United Kingdom
2,569527,22759,SET OF 3 NOTEBOOKS IN PARCEL,1,2011-10-04 14:53:00,1.65,12512,Israel
2,569669,22295,HEART FILIGREE DOVE LARGE,1,2011-10-05 13:47:00,1.65,14730,United Kingdom
2,569670,22587,FELTCRAFT HAIRBAND RED AND BLUE,1,2011-10-05 13:47:00,0.85,14730,United Kingdom
2,569823,21901,"KEY FOB , BACK DOOR ",1,2011-10-06 12:15:00,0.65,16895,United Kingdom
2,570197,22383,LUNCH BAG SUKI DESIGN ,1,2011-10-07 15:45:00,1.65,13755,United Kingdom
2,570197,23108,SET OF 10 LED DOLLY LIGHTS,1,2011-10-07 15:45:00,6.25,13755,United Kingdom
2,570223,23243,SET OF TEA COFFEE SUGAR TINS PANTRY,1,2011-10-09 13:11:00,4.95,15787,United Kingdom
2,570404,21213,PACK OF 72 SKULL CAKE CASES,1,2011-10-10 12:50:00,0.55,16395,United Kingdom
2,570455,22336,DOVE DECORATION PAINTED ZINC ,2,2011-10-10 15:27:00,0.19,14529,United Kingdom
2,570680,22739,RIBBON REEL CHRISTMAS SOCK BAUBLE,1,2011-10-11 15:36:00,1.65,13969,United Kingdom
2,570888,20972,PINK CREAM FELT CRAFT TRINKET BOX ,12,2011-10-13 10:26:00,1.25,17509,United Kingdom
2,571275,23177,TREASURE ISLAND BOOK BOX,1,2011-10-16 12:28:00,2.25,15994,United Kingdom
2,571286,23405,HOME SWEET HOME 2 DRAWER CABINET,1,2011-10-16 14:35:00,4.95,14547,United Kingdom
2,571289,22457,NATURAL SLATE HEART CHALKBOARD ,12,2011-10-16 15:27:00,2.95,15113,United Kingdom
2,571372,22436,12 COLOURED PARTY BALLOONS,1,2011-10-17 11:55:00,0.65,17201,United Kingdom
2,571682,22139,RETROSPOT TEA SET CERAMIC 11 PC ,1,2011-10-18 14:00:00,4.95,14179,United Kingdom
2,572312,21479,WHITE SKULL HOT WATER BOTTLE ,1,2011-10-23 15:47:00,4.25,15022,United Kingdom
2,566272,35961,FOLKART ZINC HEART CHRISTMAS DEC,12,2011-09-11 13:51:00,0.85,14487,United Kingdom
2,537224,84531B,BLUE KNITTED EGG COSY,1,2010-12-05 16:24:00,1.95,13174,United Kingdom
2,574481,84510C,SET OF 4 POLKADOT COASTERS,1,2011-11-04 12:45:00,1.25,18022,United Kingdom
2,574547,22386,JUMBO BAG PINK POLKADOT,1,2011-11-04 15:08:00,2.08,17841,United Kingdom
2,574664,85099C,JUMBO  BAG BAROQUE BLACK WHITE,10,2011-11-06 12:07:00,2.08,14482,United Kingdom
2,574670,23313,VINTAGE CHRISTMAS BUNTING,1,2011-11-06 12:20:00,4.95,12838,United Kingdom
2,574710,21064,BOOM BOX SPEAKER BOYS,1,2011-11-06 14:17:00,5.95,15427,United Kingdom
2,574721,23473,WOODLAND SMALL RED FELT HEART,1,2011-11-06 14:43:00,0.83,17920,United Kingdom
2,574874,23314,VINTAGE CHRISTMAS TABLECLOTH,2,2011-11-07 13:06:00,12.5,14911,EIRE
2,574909,23512,EMBROIDERED RIBBON REEL ROSIE,1,2011-11-07 15:40:00,2.08,13673,United Kingdom
2,575211,22866,HAND WARMER SCOTTY DOG DESIGN,2,2011-11-09 10:39:00,2.1,17377,United Kingdom
2,575368,21817,GLITTER CHRISTMAS TREE,1,2011-11-09 15:07:00,0.39,14482,United Kingdom
2,575476,23210,WHITE ROCKING HORSE HAND PAINTED,48,2011-11-09 16:10:00,1.25,15046,United Kingdom
2,561868,22438,BALLOON ART MAKE YOUR OWN FLOWERS,1,2011-07-31 11:26:00,1.95,16813,United Kingdom
2,561893,85099F,JUMBO BAG STRAWBERRY,1,2011-07-31 14:39:00,2.08,12942,United Kingdom
2,574063,22400,MAGNETS PACK OF 4 HOME SWEET HOME,1,2011-11-02 14:31:00,0.39,13271,United Kingdom
2,563543,21055,TOOL BOX SOFT TOY ,1,2011-08-17 12:06:00,8.95,15039,United Kingdom
2,563585,23245,SET OF 3 REGENCY CAKE TINS,1,2011-08-17 17:01:00,4.95,17070,United Kingdom
2,563909,22630,DOLLY GIRL LUNCH BOX,1,2011-08-21 12:36:00,1.95,15701,United Kingdom
2,564356,22328,ROUND SNACK BOXES SET OF 4 FRUITS ,1,2011-08-24 15:47:00,2.95,13969,United Kingdom
2,564727,21534,DAIRY MAID LARGE MILK JUG,1,2011-08-28 12:31:00,4.95,16686,United Kingdom
2,565324,22910,PAPER CHAIN KIT VINTAGE CHRISTMAS,1,2011-09-02 13:18:00,2.95,13232,United Kingdom
2,565401,22900,SET 2 TEA TOWELS I LOVE LONDON ,1,2011-09-02 17:38:00,3.25,16686,United Kingdom
2,565648,22217,T-LIGHT HOLDER HANGING LACE,1,2011-09-05 16:22:00,1.25,18196,United Kingdom
2,565766,22720,SET OF 3 CAKE TINS PANTRY DESIGN ,1,2011-09-06 14:23:00,4.95,17841,United Kingdom
2,566018,85185B,PINK HORSE SOCK PUPPET,1,2011-09-08 12:42:00,2.95,13137,United Kingdom
2,566238,22630,DOLLY GIRL LUNCH BOX,1,2011-09-11 11:24:00,1.95,17377,United Kingdom
2,573413,21992,VINTAGE PAISLEY STATIONERY SET,1,2011-10-30 16:12:00,1.25,15444,United Kingdom
2,573501,82486,3 DRAWER ANTIQUE WHITE WOOD CABINET,2,2011-10-31 12:02:00,8.95,18055,United Kingdom
2,573083,22909,SET OF 20 VINTAGE CHRISTMAS NAPKINS,2,2011-10-27 14:22:00,0.85,13735,United Kingdom
2,566913,23096,PETIT TRAY CHIC,12,2011-09-15 14:07:00,1.65,17602,United Kingdom
2,567473,22208,WOOD STAMP SET THANK YOU,1,2011-09-20 12:50:00,0.83,17841,United Kingdom
2,567909,22619,SET OF 6 SOLDIER SKITTLES,4,2011-09-22 16:53:00,3.75,13012,United Kingdom
2,568163,23395,BELLE JARDINIERE CUSHION COVER,2,2011-09-25 12:34:00,3.75,14540,United Kingdom
2,568188,22544,MINI JIGSAW SPACEBOY,1,2011-09-25 14:33:00,0.42,16049,United Kingdom
2,568212,90199C,5 STRAND GLASS NECKLACE CRYSTAL,1,2011-09-25 16:05:00,6.35,15154,United Kingdom
2,568212,90148,LONG SILVER NECKLACE PASTEL FLOWER,1,2011-09-25 16:05:00,12.75,15154,United Kingdom
2,568710,84992,72 SWEETHEART FAIRY CAKE CASES,1,2011-09-28 15:42:00,0.55,14649,United Kingdom
2,536409,22900, SET 2 TEA TOWELS I LOVE LONDON ,1,2010-12-01 11:45:00,2.95,17908,United Kingdom
2,536863,22383,LUNCH BAG SUKI  DESIGN ,1,2010-12-03 11:19:00,1.65,17967,United Kingdom
2,536874,22914,BLUE COAT RACK PARIS FASHION,1,2010-12-03 11:35:00,4.95,16891,United Kingdom
2,537133,21154,RED RETROSPOT OVEN GLOVE ,1,2010-12-05 12:29:00,1.25,18156,United Kingdom
2,537156,21670,BLUE SPOT CERAMIC DRAWER KNOB,6,2010-12-05 13:08:00,1.25,17858,United Kingdom
2,537193,22862,LOVE HEART NAPKIN BOX ,4,2010-12-05 13:49:00,4.25,15023,United Kingdom
2,544112,22067,CHOC TRUFFLE GOLD TRINKET POT ,2,2011-02-16 11:37:00,1.65,15039,United Kingdom
2,537351,21172,PARTY METAL SIGN ,1,2010-12-06 12:23:00,1.45,16898,United Kingdom
2,537369,22095,LADS ONLY TISSUE BOX,1,2010-12-06 12:41:00,1.25,17860,United Kingdom
2,537653,22727,ALARM CLOCK BAKELIKE RED ,1,2010-12-07 15:54:00,3.75,17897,United Kingdom
2,538368,20973,12 PENCIL SMALL TUBE WOODLAND,1,2010-12-12 10:57:00,0.65,15503,United Kingdom
2,538379,22919,HERB MARKER MINT,1,2010-12-12 11:26:00,0.65,17126,United Kingdom
2,538418,72807B,SET/3 OCEAN SCENT CANDLE JEWEL BOX,1,2010-12-12 12:00:00,4.25,17372,United Kingdom
2,538488,22411,JUMBO SHOPPER VINTAGE RED PAISLEY,1,2010-12-12 12:41:00,1.95,13715,United Kingdom
2,538709,84032A,CHARLIE+LOLA PINK HOT WATER BOTTLE,1,2010-12-14 10:46:00,2.95,16442,United Kingdom
2,541494,22489,PACK OF 12 TRADITIONAL CRAYONS,1,2011-01-18 14:38:00,0.42,,United Kingdom
2,542231,22437,SET OF 9 BLACK SKULL BALLOONS,1,2011-01-26 13:40:00,0.85,16714,United Kingdom
2,542719,22294,HEART FILIGREE DOVE  SMALL,1,2011-01-31 14:18:00,1.25,17619,United Kingdom
2,543899,21121,SET/10 RED POLKADOT PARTY CANDLES,24,2011-02-14 12:11:00,1.25,,EIRE
2,563205,22273,FELTCRAFT DOLL MOLLY,1,2011-08-14 12:03:00,2.95,14040,United Kingdom
2,575989,82567,"AIRLINE LOUNGE,METAL SIGN",1,2011-11-13 14:20:00,2.1,14698,United Kingdom
2,577545,23344,"JUMBO BAG 50'S CHRISTMAS ",2,2011-11-20 14:43:00,2.08,16931,United Kingdom
2,577503,22751,FELTCRAFT PRINCESS OLIVIA DOLL,2,2011-11-20 12:34:00,3.75,18110,United Kingdom
2,577480,22360,GLASS JAR ENGLISH CONFECTIONERY,1,2011-11-20 11:37:00,2.95,14525,United Kingdom
2,577319,22964,3 PIECE SPACEBOY COOKIE CUTTER SET,1,2011-11-18 13:43:00,2.1,17301,United Kingdom
2,576857,23399,HOME SWEET HOME HANGING HEART,1,2011-11-16 15:52:00,0.85,12748,United Kingdom
2,576779,23471,SIX DRAWER OFFICE TIDY,1,2011-11-16 13:25:00,9.95,14554,United Kingdom
2,576686,22086,"PAPER CHAIN KIT 50'S CHRISTMAS ",2,2011-11-16 12:08:00,2.95,16916,United Kingdom
2,576364,21902,"KEY FOB , FRONT  DOOR ",1,2011-11-14 17:40:00,0.65,15009,United Kingdom
2,576236,21481,FAWN BLUE HOT WATER BOTTLE,1,2011-11-14 13:31:00,3.75,13755,United Kingdom
2,576217,23100,SILVER BELLS TABLE DECORATION,1,2011-11-14 12:56:00,1.25,17081,United Kingdom
2,575895,23518,EMBROIDERED RIBBON REEL RACHEL ,1,2011-11-11 14:50:00,2.89,17052,United Kingdom
2,576052,84987,SET OF 36 TEATIME PAPER DOILIES,1,2011-11-13 14:48:00,1.45,15787,United Kingdom
2,576062,82482,WOODEN PICTURE FRAME WHITE FINISH,6,2011-11-13 15:30:00,2.95,12867,United Kingdom
2,576274,23461,SWEETHEART BIRD HOUSE,1,2011-11-14 14:24:00,4.15,17793,United Kingdom
2,576300,23368,SET 12 COLOUR PENCILS DOLLY GIRL ,1,2011-11-14 14:39:00,0.65,15058,United Kingdom
2,576463,22328,ROUND SNACK BOXES SET OF 4 FRUITS ,2,2011-11-15 11:37:00,2.95,17974,United Kingdom
2,576864,21212,PACK OF 72 RETROSPOT CAKE CASES,1,2011-11-16 16:06:00,0.55,12748,United Kingdom
2,576911,22383,LUNCH BAG SUKI DESIGN ,1,2011-11-17 10:01:00,1.65,17461,United Kingdom
2,577319,23332,IVORY WICKER HEART LARGE,3,2011-11-18 13:43:00,1.65,17301,United Kingdom
2,577504,23206,LUNCH BAG APPLE DESIGN,3,2011-11-20 12:36:00,1.65,14159,United Kingdom
2,578072,21034,REX CASH+CARRY JUMBO SHOPPER,1,2011-11-22 16:02:00,0.95,17759,United Kingdom
2,578088,22325,MOBILE VINTAGE HEARTS ,1,2011-11-22 16:47:00,4.95,16376,United Kingdom
2,578147,23120,PACK OF 6 SMALL FRUIT STRAWS,1,2011-11-23 11:09:00,0.42,12748,United Kingdom
2,578548,23322,LARGE WHITE HEART OF WICKER,2,2011-11-24 15:02:00,2.95,17345,United Kingdom
2,578781,22601,CHRISTMAS RETROSPOT ANGEL WOOD,2,2011-11-25 11:54:00,0.85,15872,United Kingdom
2,578814,23349,ROLL WRAP VINTAGE CHRISTMAS,1,2011-11-25 13:40:00,1.25,12748,United Kingdom
2,578921,22091,EMPIRE TISSUE BOX,2,2011-11-27 11:57:00,0.39,13596,United Kingdom
2,578926,21210,SET OF 72 RETROSPOT PAPER  DOILIES,1,2011-11-27 12:24:00,1.45,18156,United Kingdom
2,578944,23493,VINTAGE DOILY TRAVEL SEWING KIT,1,2011-11-27 13:41:00,1.95,16005,United Kingdom
2,578946,22302,COFFEE MUG PEARS  DESIGN,1,2011-11-27 13:47:00,2.55,16005,United Kingdom
2,579141,21584,RETROSPOT SMALL TUBE MATCHES,1,2011-11-28 13:06:00,1.65,17019,United Kingdom
2,579145,22992,REVOLVER WOODEN RULER ,1,2011-11-28 13:13:00,1.95,14597,United Kingdom
2,579456,23493,VINTAGE DOILY TRAVEL SEWING KIT,1,2011-11-29 14:20:00,1.95,13428,United Kingdom
2,579458,22988,SOLDIERS EGG CUP ,1,2011-11-29 14:38:00,1.25,16549,United Kingdom
2,580278,21733,RED HANGING HEART T-LIGHT HOLDER,1,2011-12-02 13:11:00,2.95,13560,United Kingdom
2,580385,22866,HAND WARMER SCOTTY DOG DESIGN,2,2011-12-04 10:11:00,2.1,16326,United Kingdom
2,580501,23101,SILVER STARS TABLE DECORATION,2,2011-12-04 13:00:00,0.83,14546,United Kingdom
2,580523,23357,HOT WATER BOTTLE SEX BOMB,1,2011-12-04 15:00:00,1.65,17827,United Kingdom
2,580720,23439,HAND WARMER RED LOVE HEART,1,2011-12-05 16:55:00,2.1,14629,United Kingdom
2,580893,22509,SEWING BOX RETROSPOT DESIGN ,1,2011-12-06 12:38:00,3.95,17290,United Kingdom
2,580958,23345, DOLLY GIRL BEAKER,2,2011-12-06 14:30:00,1.25,17266,United Kingdom
2,581414,22094,RED RETROSPOT TISSUE BOX,1,2011-12-08 14:39:00,0.39,14730,United Kingdom
2,544406,22037,ROBOT BIRTHDAY CARD,12,2011-02-18 13:26:00,0.42,16726,United Kingdom
2,544463,35913B,WHITE/PINK CHICK EASTER DECORATION,1,2011-02-20 14:31:00,0.85,12988,United Kingdom
2,544465,22624,IVORY KITCHEN SCALES,1,2011-02-20 15:06:00,8.5,13168,United Kingdom
2,544569,22697,GREEN REGENCY TEACUP AND SAUCER,1,2011-02-21 12:58:00,2.95,16980,United Kingdom
2,545188,21786,POLKADOT RAIN HAT ,1,2011-02-28 15:19:00,0.42,14056,United Kingdom
2,545901,20775,DAISY NOTEBOOK ,1,2011-03-07 17:52:00,1.65,15834,United Kingdom
2,546105,21731,RED TOADSTOOL LED NIGHT LIGHT,2,2011-03-09 12:21:00,1.65,14662,United Kingdom
2,546111,22078,RIBBON REEL LACE DESIGN ,1,2011-03-09 12:39:00,2.1,14165,United Kingdom
2,546670,84279B,CHERRY BLOSSOM DECORATIVE FLASK,1,2011-03-15 15:37:00,3.75,13451,United Kingdom
2,546951,21670,BLUE SPOT CERAMIC DRAWER KNOB,6,2011-03-18 11:30:00,1.25,17673,United Kingdom
2,547063,22673,FRENCH GARDEN SIGN BLUE METAL,2,2011-03-20 13:33:00,1.25,14769,United Kingdom
2,547224,22945,CHRISTMAS METAL TAGS ASSORTED ,6,2011-03-21 15:15:00,0.85,,United Kingdom
2,547872,23154,SET OF 4 JAM JAR MAGNETS,1,2011-03-27 14:34:00,2.08,16777,United Kingdom
2,549130,21867,PINK UNION JACK  LUGGAGE TAG,1,2011-04-06 15:02:00,1.25,14701,United Kingdom
2,549251,21212,PACK OF 72 RETROSPOT CAKE CASES,1,2011-04-07 12:16:00,0.55,14449,United Kingdom
2,549294,22699,ROSES REGENCY TEACUP AND SAUCER ,1,2011-04-07 19:27:00,2.95,13230,United Kingdom
2,549368,22753,SMALL YELLOW BABUSHKA NOTEBOOK ,1,2011-04-08 11:26:00,0.85,18036,United Kingdom
2,550130,21626,VINTAGE UNION JACK PENNANT,1,2011-04-14 13:17:00,1.95,14390,United Kingdom
2,550477,22750,FELTCRAFT PRINCESS LOLA DOLL,1,2011-04-18 14:01:00,3.75,17338,United Kingdom
2,551558,21975,PACK OF 60 DINOSAUR CAKE CASES,1,2011-05-03 10:41:00,0.55,17841,United Kingdom
2,552277,21713,CITRONELLA CANDLE FLOWERPOT,4,2011-05-08 12:34:00,2.1,13642,United Kingdom
2,552285,21212,PACK OF 72 RETROSPOT CAKE CASES,1,2011-05-08 12:58:00,0.55,14684,United Kingdom
2,553657,21933,PINK VINTAGE PAISLEY PICNIC BAG,1,2011-05-18 11:28:00,1.65,14583,United Kingdom
2,553856,22348,TEA BAG PLATE RED RETROSPOT,1,2011-05-19 13:28:00,0.85,16813,United Kingdom
2,553935,37450,CERAMIC CAKE BOWL + HANGING CAKES,1,2011-05-20 10:32:00,2.95,15856,United Kingdom
2,554016,22839,3 TIER CAKE TIN GREEN AND CREAM,1,2011-05-20 13:14:00,14.95,13243,United Kingdom
2,554098,23061,VINTAGE EMBOSSED HEART,6,2011-05-22 13:01:00,1.25,14769,United Kingdom
2,554992,22431,WATERING CAN BLUE ELEPHANT,1,2011-05-29 14:08:00,1.95,16686,United Kingdom
2,555533,21172,PARTY METAL SIGN ,1,2011-06-05 12:12:00,1.45,15722,United Kingdom
2,555725,22171,3 HOOK PHOTO SHELF ANTIQUE WHITE,2,2011-06-06 16:23:00,8.5,15737,United Kingdom
2,555853,21381,MINI WOODEN HAPPY BIRTHDAY GARLAND,1,2011-06-07 13:44:00,1.69,14375,United Kingdom
2,556487,85099F,JUMBO BAG STRAWBERRY,1,2011-06-12 13:51:00,2.08,17289,United Kingdom
2,556905,23091,ZINC HERB GARDEN CONTAINER,1,2011-06-15 13:05:00,6.25,16904,United Kingdom
2,557019,22110,BIRD HOUSE HOT WATER BOTTLE,1,2011-06-16 12:45:00,2.55,15907,United Kingdom
2,558049,21788,KIDS RAIN MAC BLUE,1,2011-06-24 14:16:00,0.85,15850,United Kingdom
2,558535,22652,TRAVEL SEWING KIT,4,2011-06-30 12:04:00,1.65,16904,United Kingdom
2,558769,22993,SET OF 4 PANTRY JELLY MOULDS,1,2011-07-03 14:58:00,1.25,17899,United Kingdom
2,558860,10125,MINI FUNKY DESIGN TAPES,1,2011-07-04 12:18:00,0.85,17975,United Kingdom
2,559133,23159,SET OF 5 PANCAKE DAY MAGNETS,1,2011-07-06 13:13:00,2.08,17861,United Kingdom
2,559548,84926E,FLOWERS TILE COASTER,24,2011-07-10 15:17:00,0.29,17997,United Kingdom
2,560018,22333,RETROSPOT PARTY BAG + STICKER SET,1,2011-07-14 12:52:00,1.65,15987,United Kingdom
2,569224,22727,ALARM CLOCK BAKELIKE RED ,1,2011-10-02 14:00:00,3.75,15701,United Kingdom
2,569521,22457,NATURAL SLATE HEART CHALKBOARD ,12,2011-10-04 14:33:00,2.95,16474,United Kingdom
2,569527,21992,VINTAGE PAISLEY STATIONERY SET,1,2011-10-04 14:53:00,1.25,12512,Israel
2,569901,23254,CHILDRENS CUTLERY DOLLY GIRL ,1,2011-10-06 16:20:00,4.15,12923,United Kingdom
2,570839,21430,SET/3 RED GINGHAM ROSE STORAGE BOX,4,2011-10-12 14:08:00,3.75,14911,EIRE
2,571034,23239,SET OF 4 KNICK KNACK TINS POPPIES,6,2011-10-13 12:47:00,4.15,12359,Cyprus
2,571039,21034,REX CASH+CARRY JUMBO SHOPPER,3,2011-10-13 12:59:00,0.95,16121,United Kingdom
2,571183,84596B,SMALL DOLLY MIX DESIGN ORANGE BOWL,8,2011-10-14 11:08:00,0.42,14796,United Kingdom
2,571286,71279,PINK GLASS CANDLEHOLDER,1,2011-10-16 14:35:00,2.95,14547,United Kingdom
2,571418,22189,CREAM HEART CARD HOLDER,1,2011-10-17 12:35:00,3.95,16412,United Kingdom
2,571429,20765,CHRYSANTHEMUM SKETCHBOOK ,1,2011-10-17 12:50:00,3.75,15335,United Kingdom
2,571464,23284,DOORMAT KEEP CALM AND COME IN,1,2011-10-17 14:28:00,8.25,14805,United Kingdom
2,571909,21355,TOAST ITS - I LOVE YOU ,2,2011-10-19 15:08:00,1.25,15006,United Kingdom
2,572229,22835,HOT WATER BOTTLE I AM SO POORLY,8,2011-10-21 14:23:00,4.95,14329,United Kingdom
2,572312,21485,RETROSPOT HEART HOT WATER BOTTLE,1,2011-10-23 15:47:00,4.95,15022,United Kingdom
2,572662,21481,FAWN BLUE HOT WATER BOTTLE,1,2011-10-25 12:54:00,3.75,15443,United Kingdom
2,572677,21034,REX CASH+CARRY JUMBO SHOPPER,1,2011-10-25 13:46:00,0.95,17596,United Kingdom
2,572880,23439,HAND WARMER RED LOVE HEART,1,2011-10-26 13:35:00,2.1,16415,United Kingdom
2,572880,84596F,SMALL MARSHMALLOWS PINK BOWL,1,2011-10-26 13:35:00,0.42,16415,United Kingdom
2,573093,23353,6 GIFT TAGS VINTAGE CHRISTMAS ,1,2011-10-27 14:38:00,0.83,18283,United Kingdom
2,573151,20973,12 PENCIL SMALL TUBE WOODLAND,4,2011-10-27 20:09:00,0.65,17602,United Kingdom
2,573286,23287,RED VINTAGE SPOT BEAKER,4,2011-10-28 14:38:00,0.85,,Switzerland
2,573305,23555,LANDMARK FRAME NOTTING HILL ,1,2011-10-28 16:13:00,12.5,17837,United Kingdom
2,562542,22984,CARD GINGHAM ROSE ,12,2011-08-05 15:40:00,0.42,17377,United Kingdom
2,574479,22993,SET OF 4 PANTRY JELLY MOULDS,1,2011-11-04 12:39:00,1.25,18035,United Kingdom
2,C574510,22360,GLASS JAR ENGLISH CONFECTIONERY,-1,2011-11-04 13:25:00,2.95,15110,United Kingdom
2,574714,21891,TRADITIONAL WOODEN SKIPPING ROPE,1,2011-11-06 14:29:00,1.45,15427,United Kingdom
2,574714,21108,FAIRY CAKE FLANNEL ASSORTED COLOUR,9,2011-11-06 14:29:00,0.79,15427,United Kingdom
2,574909,22619,SET OF 6 SOLDIER SKITTLES,1,2011-11-07 15:40:00,3.75,13673,United Kingdom
2,574959,23157,SET OF 6 NATIVITY MAGNETS ,1,2011-11-08 10:09:00,2.08,17886,United Kingdom
2,575491,22727,ALARM CLOCK BAKELIKE RED ,1,2011-11-09 17:47:00,3.75,15531,United Kingdom
2,575583,21990,MODERN FLORAL STATIONERY SET,1,2011-11-10 11:55:00,1.25,14456,United Kingdom
2,575623,23333,IVORY WICKER HEART MEDIUM,3,2011-11-10 13:14:00,1.25,14064,United Kingdom
2,562106,20828,GLITTER BUTTERFLY CLIPS,1,2011-08-02 15:19:00,2.55,14076,United Kingdom
2,574304,23370,SET 36 COLOURING PENCILS DOILY,1,2011-11-03 16:30:00,1.25,14428,United Kingdom
2,562558,84991,60 TEATIME FAIRY CAKE CASES,3,2011-08-05 16:43:00,0.55,13451,United Kingdom
2,563354,22097,SWALLOW SQUARE TISSUE BOX,1,2011-08-15 14:35:00,0.39,15271,United Kingdom
2,563555,22730,ALARM CLOCK BAKELIKE IVORY,1,2011-08-17 13:21:00,3.75,16755,United Kingdom
2,564139,22948,METAL DECORATION NAUGHTY CHILDREN ,1,2011-08-23 11:41:00,0.85,16904,United Kingdom
2,566190,47503A,ASS FLORAL PRINT MULTI SCREWDRIVER,12,2011-09-09 13:20:00,0.42,12748,United Kingdom
2,566194,82583,HOT BATHS METAL SIGN,1,2011-09-09 13:42:00,2.1,14711,United Kingdom
2,566281,23356,LOVE HOT WATER BOTTLE,12,2011-09-11 14:15:00,5.95,12748,United Kingdom
2,566295,47503A,ASS FLORAL PRINT MULTI SCREWDRIVER,12,2011-09-11 15:44:00,0.42,15547,United Kingdom
2,566647,22632,HAND WARMER RED RETROSPOT,1,2011-09-14 11:21:00,2.1,18001,United Kingdom
2,567475,23307,SET OF 60 PANTRY DESIGN CAKE CASES ,1,2011-09-20 13:11:00,0.55,16360,United Kingdom
2,568188,22097,SWALLOW SQUARE TISSUE BOX,2,2011-09-25 14:33:00,0.39,16049,United Kingdom
2,536446,21651,HANGING GLASS ETCHED TEALIGHT,6,2010-12-01 12:15:00,1.65,15983,United Kingdom
2,536522,21122,SET/10 PINK POLKADOT PARTY CANDLES,1,2010-12-01 12:49:00,1.25,15012,United Kingdom
2,536530,22097,SWALLOW SQUARE TISSUE BOX,1,2010-12-01 13:21:00,1.25,17905,United Kingdom
2,536796,22745,"POPPY'S PLAYHOUSE BEDROOM ",1,2010-12-02 15:46:00,2.1,15574,United Kingdom
2,536796,22906,12 MESSAGE CARDS WITH ENVELOPES,1,2010-12-02 15:46:00,1.65,15574,United Kingdom
2,536796,21981,PACK OF 12 WOODLAND TISSUES ,1,2010-12-02 15:46:00,0.29,15574,United Kingdom
2,536796,21026,SPACE OWL,1,2010-12-02 15:46:00,1.25,15574,United Kingdom
2,536945,84569B,PACK 3 FIRE ENGINE/CAR PATCHES,1,2010-12-03 12:24:00,1.25,14083,United Kingdom
2,537051,85175,CACTI T-LIGHT CANDLES,32,2010-12-05 11:12:00,0.42,15708,United Kingdom
2,537133,22480,RED TEA TOWEL CLASSIC DESIGN,1,2010-12-05 12:29:00,1.25,18156,United Kingdom
2,537144,22551,PLASTERS IN TIN SPACEBOY,1,2010-12-05 13:00:00,1.65,15880,United Kingdom
2,537224,84347,ROTATING SILVER ANGELS T-LIGHT HLDR,2,2010-12-05 16:24:00,2.55,13174,United Kingdom
2,537395,21870,I CAN ONLY PLEASE ONE PERSON MUG,2,2010-12-06 14:05:00,1.25,15356,United Kingdom
2,537399,22301,COFFEE MUG CAT + BIRD DESIGN,6,2010-12-06 14:31:00,2.55,13030,United Kingdom
2,537842,35833P,4 PINK FLOCK CHRISTMAS BALLS,1,2010-12-08 15:12:00,1.25,13140,United Kingdom
2,538634,22943,CHRISTMAS LIGHTS 10 VINTAGE BAUBLES,5,2010-12-13 13:28:00,4.95,14085,United Kingdom
2,538849,85053,FRENCH ENAMEL CANDLEHOLDER,1,2010-12-14 13:31:00,2.1,14415,United Kingdom
2,538849,21527,RED RETROSPOT TRADITIONAL TEAPOT ,1,2010-12-14 13:31:00,7.95,14415,United Kingdom
2,539019,22149,FELTCRAFT 6 FLOWER FRIENDS,2,2010-12-15 14:12:00,2.1,17551,United Kingdom
2,539461,72801G,4 BURGUNDY WINE DINNER CANDLES,12,2010-12-19 10:21:00,1.25,17243,United Kingdom
2,539475,22451,SILK PURSE BABUSHKA RED,1,2010-12-19 14:41:00,3.35,16686,United Kingdom
2,539647,21872,GLAMOROUS  MUG,1,2010-12-20 16:08:00,1.25,15460,United Kingdom
2,541489,21314,SMALL GLASS HEART TRINKET POT,1,2011-01-18 13:38:00,2.1,15023,United Kingdom
2,542224,17012D,ORIGAMI ROSE INCENSE/CANDLE SET ,1,2011-01-26 12:45:00,2.55,17888,United Kingdom
2,542608,21914,BLUE HARMONICA IN BOX ,1,2011-01-30 13:51:00,1.25,16770,United Kingdom
2,542719,22293,HANGING CHICK GREEN DECORATION,1,2011-01-31 14:18:00,1.45,17619,United Kingdom
2,543040,84836,ZINC METAL HEART DECORATION,1,2011-02-02 17:06:00,1.25,17337,United Kingdom
2,543800,21975,PACK OF 60 DINOSAUR CAKE CASES,1,2011-02-13 11:36:00,0.55,17282,United Kingdom
2,575950,21803,CHRISTMAS TREE STAR DECORATION,36,2011-11-13 11:53:00,0.42,16983,United Kingdom
2,576249,21098,CHRISTMAS TOILET ROLL,1,2011-11-14 13:47:00,1.25,17811,United Kingdom
2,576303,85040A,S/4 PINK FLOWER CANDLES IN BOWL,1,2011-11-14 14:51:00,1.65,15532,United Kingdom
2,576559,22601,CHRISTMAS RETROSPOT ANGEL WOOD,1,2011-11-15 13:19:00,0.85,14711,United Kingdom
2,576592,21533,RETROSPOT LARGE MILK JUG,1,2011-11-15 14:47:00,4.95,13614,United Kingdom
2,576933,23367,SET 12 COLOUR PENCILS SPACEBOY ,1,2011-11-17 11:29:00,0.65,15529,United Kingdom
2,577057,21306,SET/4 DAISY MIRROR MAGNETS,1,2011-11-17 14:26:00,0.29,12748,United Kingdom
2,577252,22834,HAND WARMER BABUSHKA DESIGN,1,2011-11-18 12:22:00,2.1,18034,United Kingdom
2,577302,23355,HOT WATER BOTTLE KEEP CALM,1,2011-11-18 12:57:00,4.95,17904,United Kingdom
2,577311,21929,JUMBO BAG PINK VINTAGE PAISLEY,1,2011-11-18 13:16:00,2.08,18225,United Kingdom
2,577485,22940,FELTCRAFT CHRISTMAS FAIRY,2,2011-11-20 11:56:00,4.25,16360,United Kingdom
2,577504,21212,PACK OF 72 RETROSPOT CAKE CASES,1,2011-11-20 12:36:00,0.55,14159,United Kingdom
2,577740,22952,60 CAKE CASES VINTAGE CHRISTMAS,1,2011-11-21 13:36:00,0.55,17625,United Kingdom
2,577774,23360,SET 8 CANDLES VINTAGE DOILY,3,2011-11-21 15:57:00,1.95,16712,United Kingdom
2,578016,22271,FELTCRAFT DOLL ROSIE,1,2011-11-22 13:02:00,2.95,14506,United Kingdom
2,580677,23067,HANGING ENGRAVED METAL HEART,1,2011-12-05 14:40:00,4.15,16200,United Kingdom
2,549537,22939,APRON APPLE DELIGHT,1,2011-04-08 17:22:00,4.95,,United Kingdom
2,579002,23006,TRAVEL CARD WALLET FLOWER MEADOW,6,2011-11-27 16:27:00,0.42,14093,United Kingdom
2,579132,22553,PLASTERS IN TIN SKULLS,1,2011-11-28 12:35:00,1.65,15022,United Kingdom
2,579145,23580,SNACK TRAY HAPPY FOREST  ,1,2011-11-28 13:13:00,1.95,14597,United Kingdom
2,579293,23196,VINTAGE LEAF MAGNETIC NOTEPAD,1,2011-11-29 11:22:00,1.45,14419,United Kingdom
2,579413,37448,CERAMIC CAKE DESIGN SPOTTED MUG,2,2011-11-29 12:50:00,1.49,13668,United Kingdom
2,579491,22131,FOOD CONTAINER SET 3 LOVE HEART ,2,2011-11-29 15:23:00,1.95,14723,United Kingdom
2,579491,21494,ROTATING LEAVES T-LIGHT HOLDER,1,2011-11-29 15:23:00,1.25,14723,United Kingdom
2,580136,21976,PACK OF 60 MUSHROOM CAKE CASES,1,2011-12-01 19:42:00,0.55,17841,United Kingdom
2,580284,44235,ASSORTED COLOURED CIRCLE MOBILE ,1,2011-12-02 13:21:00,0.42,15311,United Kingdom
2,580396,23295,SET OF 12 MINI LOAF BAKING CASES,1,2011-12-04 11:00:00,0.83,13838,United Kingdom
2,580399,21115,ROSE CARAVAN DOORSTOP,2,2011-12-04 11:45:00,1.95,13471,United Kingdom
2,580469,22382,LUNCH BAG SPACEBOY DESIGN ,1,2011-12-04 12:32:00,1.65,14583,United Kingdom
2,580504,21115,ROSE CARAVAN DOORSTOP,1,2011-12-04 13:32:00,1.95,17936,United Kingdom
2,578942,23570,TRADITIONAL PICK UP STICKS GAME ,1,2011-11-27 13:29:00,1.25,17288,United Kingdom
2,580848,23569,TRADTIONAL ALPHABET STAMP SET,1,2011-12-06 11:51:00,4.95,18005,United Kingdom
2,581142,22400,MAGNETS PACK OF 4 HOME SWEET HOME,1,2011-12-07 13:38:00,0.39,14204,United Kingdom
2,581166,22960,JAM MAKING SET WITH JARS,3,2011-12-07 14:43:00,4.25,15525,United Kingdom
2,581405,20975,12 PENCILS SMALL TUBE RED RETROSPOT,1,2011-12-08 13:50:00,0.65,13521,United Kingdom
2,581405,23212,HEART WREATH DECORATION WITH BELL,1,2011-12-08 13:50:00,1.25,13521,United Kingdom
2,544586,22471,TV DINNER TRAY AIR HOSTESS ,1,2011-02-21 15:04:00,4.95,17338,United Kingdom
2,545062,22963,JAM JAR WITH GREEN LID,1,2011-02-27 14:07:00,0.85,12748,United Kingdom
2,545587,84596F,SMALL MARSHMALLOWS PINK BOWL,1,2011-03-04 09:46:00,1.25,14796,United Kingdom
2,545980,84836,ZINC METAL HEART DECORATION,2,2011-03-08 12:49:00,1.25,14730,United Kingdom
2,546669,22961,JAM MAKING SET PRINTED,12,2011-03-15 15:36:00,1.45,14226,United Kingdom
2,546774,21470,FLOWER VINE RAFFIA FOOD COVER,2,2011-03-16 15:45:00,3.75,14505,United Kingdom
2,546908,21754,HOME BUILDING BLOCK WORD,3,2011-03-17 18:59:00,5.95,15648,United Kingdom
2,547049,22766,PHOTO FRAME CORNICE,4,2011-03-20 11:56:00,2.95,17134,United Kingdom
2,547069,21917,SET 12 KIDS  WHITE CHALK STICKS,3,2011-03-20 13:52:00,0.42,16710,United Kingdom
2,547651,22288,HANGING METAL RABBIT DECORATION,1,2011-03-24 12:11:00,1.25,16904,United Kingdom
2,548614,22999,TRAVEL CARD WALLET RETRO PETALS,1,2011-04-01 11:47:00,0.42,14419,United Kingdom
2,578250,22138,BAKING SET 9 PIECE RETROSPOT ,1,2011-11-23 12:43:00,4.95,15901,United Kingdom
2,549099,21877,HOME SWEET HOME MUG,3,2011-04-06 11:07:00,1.25,16241,United Kingdom
2,578949,22091,EMPIRE TISSUE BOX,2,2011-11-27 14:30:00,0.39,14954,United Kingdom
2,550467,22501,PICNIC BASKET WICKER LARGE,1,2011-04-18 13:36:00,9.95,18009,United Kingdom
2,551817,84279B,CHERRY BLOSSOM DECORATIVE FLASK,1,2011-05-04 11:50:00,3.75,17974,United Kingdom
2,552285,21975,PACK OF 60 DINOSAUR CAKE CASES,1,2011-05-08 12:58:00,0.55,14684,United Kingdom
2,552442,23254,CHILDRENS CUTLERY DOLLY GIRL ,2,2011-05-09 13:03:00,4.15,14667,United Kingdom
2,552703,21904,HOUSE WRECKING METAL SIGN ,1,2011-05-10 16:00:00,2.1,14462,United Kingdom
2,553141,85014B,RED RETROSPOT UMBRELLA,1,2011-05-13 13:01:00,5.95,15907,United Kingdom
2,553935,22055,MINI CAKE STAND  HANGING STRAWBERY,1,2011-05-20 10:32:00,1.65,15856,United Kingdom
2,554323,22998,TRAVEL CARD WALLET KEEP CALM,24,2011-05-23 15:33:00,0.42,16729,United Kingdom
2,554964,22252,BIRDCAGE DECORATION TEALIGHT HOLDER,1,2011-05-27 15:57:00,1.25,15867,United Kingdom
2,555835,21121,SET/10 RED POLKADOT PARTY CANDLES,1,2011-06-07 12:34:00,1.25,14525,United Kingdom
2,556473,21069,VINTAGE BILLBOARD TEA MUG,1,2011-06-12 12:00:00,1.25,17265,United Kingdom
2,557279,23252,VINTAGE RED ENAMEL TRIM JUG ,2,2011-06-19 12:10:00,3.75,18077,United Kingdom
2,557799,23191,BUNDLE OF 3 RETRO NOTE BOOKS,12,2011-06-23 09:53:00,1.65,14854,United Kingdom
2,558876,22327,ROUND SNACK BOXES SET OF 4 SKULLS,4,2011-07-04 13:36:00,2.95,17841,United Kingdom
2,559068,23321,SMALL WHITE HEART OF WICKER,1,2011-07-06 10:41:00,1.65,17841,United Kingdom
2,559525,21212,PACK OF 72 RETROSPOT CAKE CASES,3,2011-07-10 10:30:00,0.55,16923,United Kingdom
2,560047,21755,LOVE BUILDING BLOCK WORD,1,2011-07-14 15:01:00,5.95,17259,United Kingdom
2,560251,23322,LARGE WHITE HEART OF WICKER,2,2011-07-17 12:32:00,2.95,17774,United Kingdom
2,560271,21790,VINTAGE SNAP CARDS,1,2011-07-17 14:51:00,0.85,16474,United Kingdom
2,560271,22898,CHILDRENS APRON APPLES DESIGN,1,2011-07-17 14:51:00,1.95,16474,United Kingdom
2,560271,47591D,PINK FAIRY CAKE CHILDRENS APRON,1,2011-07-17 14:51:00,1.95,16474,United Kingdom
2,560555,20984,12 PENCILS TALL TUBE POSY,2,2011-07-19 13:01:00,0.29,14178,United Kingdom
2,560555,22098,BOUDOIR SQUARE TISSUE BOX,1,2011-07-19 13:01:00,0.39,14178,United Kingdom
2,569205,22624,IVORY KITCHEN SCALES,1,2011-10-02 10:55:00,8.5,16923,United Kingdom
2,569234,22212,FOUR HOOK  WHITE LOVEBIRDS,1,2011-10-02 15:33:00,2.1,17841,United Kingdom
2,569513,72741,GRAND CHOCOLATECANDLE,18,2011-10-04 13:55:00,1.45,14332,United Kingdom
2,569524,21823,PAINTED METAL HEART WITH HOLLY BELL,1,2011-10-04 14:42:00,0.39,14506,United Kingdom
2,569670,23313,VINTAGE CHRISTMAS BUNTING,2,2011-10-05 13:47:00,4.95,14730,United Kingdom
2,570179,22081,RIBBON REEL FLORA + FAUNA ,10,2011-10-07 14:27:00,1.65,17509,United Kingdom
2,570410,22396,MAGNETS PACK OF 4 RETRO PHOTO,1,2011-10-10 13:04:00,0.39,16776,United Kingdom
2,571054,20771,CHRYSANTHEMUM  JOURNAL,1,2011-10-13 13:58:00,2.55,14234,United Kingdom
2,571241,22807,SET OF 6 T-LIGHTS TOADSTOOLS,1,2011-10-14 14:58:00,2.95,14592,United Kingdom
2,571667,23388,WOODLAND MINI BACKPACK,1,2011-10-18 13:04:00,4.15,14554,United Kingdom
2,571669,22999,TRAVEL CARD WALLET VINTAGE LEAF,15,2011-10-18 13:11:00,0.42,17758,United Kingdom
2,571809,22650,CERAMIC PIRATE CHEST MONEY BANK,8,2011-10-19 11:44:00,1.45,15039,United Kingdom
2,571883,22152,PLACE SETTING WHITE STAR,1,2011-10-19 13:58:00,0.42,14704,United Kingdom
2,572103,20749,ASSORTED COLOUR MINI CASES,1,2011-10-20 15:57:00,7.95,17571,United Kingdom
2,572103,22745,"POPPY'S PLAYHOUSE BEDROOM ",1,2011-10-20 15:57:00,2.1,17571,United Kingdom
2,572284,21578,WOODLAND DESIGN  COTTON TOTE BAG,2,2011-10-23 12:08:00,2.25,16744,United Kingdom
2,572726,22890,NOVELTY BISCUITS CAKE STAND 3 TIER,1,2011-10-25 15:19:00,9.95,16056,United Kingdom
2,573142,20832,RED FLOCK LOVE HEART PHOTO FRAME,24,2011-10-27 17:48:00,0.39,18035,United Kingdom
2,573151,23367,SET 12 COLOUR PENCILS SPACEBOY ,4,2011-10-27 20:09:00,0.65,17602,United Kingdom
2,573909,22567,20 DOLLY PEGS RETROSPOT,1,2011-11-01 15:26:00,1.45,17813,United Kingdom
2,574063,22579,WOODEN TREE CHRISTMAS SCANDINAVIAN,3,2011-11-02 14:31:00,0.29,13271,United Kingdom
2,574474,23082,SET 6 PAPER TABLE LANTERN HEARTS ,1,2011-11-04 12:05:00,3.75,17979,United Kingdom
2,574479,22314,OFFICE MUG WARMER CHOC+BLUE,1,2011-11-04 12:39:00,2.95,18035,United Kingdom
2,574481,23508,MINI PLAYING CARDS DOLLY GIRL ,1,2011-11-04 12:45:00,0.42,18022,United Kingdom
2,574710,22943,CHRISTMAS LIGHTS 10 VINTAGE BAUBLES,1,2011-11-06 14:17:00,4.95,15427,United Kingdom
2,574714,21914,BLUE HARMONICA IN BOX ,1,2011-11-06 14:29:00,1.25,15427,United Kingdom
2,574893,23583,LUNCH BAG PAISLEY PARK  ,1,2011-11-07 14:40:00,1.65,18036,United Kingdom
2,575655,22809,SET OF 6 T-LIGHTS SANTA,1,2011-11-10 14:28:00,2.95,16434,United Kingdom
2,575760,22737,RIBBON REEL CHRISTMAS PRESENT ,1,2011-11-11 10:50:00,1.65,15965,United Kingdom
2,575767,85199S,SMALL HANGING IVORY/RED WOOD BIRD,2,2011-11-11 11:11:00,0.42,17348,United Kingdom
2,575854,23571,TRADITIONAL NAUGHTS & CROSSES,12,2011-11-11 12:20:00,1.65,14125,United Kingdom
2,561900,22572,ROCKING HORSE GREEN CHRISTMAS ,1,2011-07-31 15:31:00,0.85,16655,United Kingdom
2,562517,20725,LUNCH BAG RED RETROSPOT,1,2011-08-05 12:27:00,1.65,15719,United Kingdom
2,562680,22662,LUNCH BAG DOLLY GIRL DESIGN,1,2011-08-08 13:46:00,1.65,17954,United Kingdom
2,563555,22727,ALARM CLOCK BAKELIKE RED ,1,2011-08-17 13:21:00,3.75,16755,United Kingdom
2,563920,22771,CLEAR DRAWER KNOB ACRYLIC EDWARDIAN,12,2011-08-21 14:00:00,1.25,16407,United Kingdom
2,563935,23075,PARLOUR CERAMIC WALL HOOK,1,2011-08-21 16:24:00,4.15,15547,United Kingdom
2,564727,84569D,PACK 6 HEART/ICE-CREAM PATCHES,1,2011-08-28 12:31:00,1.25,16686,United Kingdom
2,564742,23330,DECORATIVE WICKER HEART MEDIUM,1,2011-08-28 15:01:00,1.25,17346,United Kingdom
2,564742,23333,IVORY WICKER HEART MEDIUM,1,2011-08-28 15:01:00,1.25,17346,United Kingdom
2,565408,21932,SCANDINAVIAN PAISLEY PICNIC BAG,1,2011-09-04 11:12:00,1.65,16813,United Kingdom
2,565431,23182,TOILET SIGN OCCUPIED OR VACANT,1,2011-09-04 13:15:00,0.83,14965,United Kingdom
2,565766,21976,PACK OF 60 MUSHROOM CAKE CASES,1,2011-09-06 14:23:00,0.55,17841,United Kingdom
2,566018,20675,BLUE POLKADOT BOWL,1,2011-09-08 12:42:00,1.25,13137,United Kingdom
2,566291,22517,CHILDS GARDEN RAKE PINK,1,2011-09-11 15:31:00,2.1,12965,United Kingdom
2,567170,23202,JUMBO BAG VINTAGE LEAF,1,2011-09-18 12:40:00,2.08,13566,United Kingdom
2,567475,22352,LUNCH BOX WITH CUTLERY RETROSPOT ,1,2011-09-20 13:11:00,2.55,16360,United Kingdom
2,568231,22712,CARD DOLLY GIRL ,24,2011-09-26 11:19:00,0.42,14808,United Kingdom
2,536637,22696,WICKER WREATH LARGE,1,2010-12-02 11:35:00,1.95,18041,United Kingdom
2,536637,22917,HERB MARKER ROSEMARY,1,2010-12-02 11:35:00,0.65,18041,United Kingdom
2,536796,22902,TOTE BAG I LOVE LONDON,1,2010-12-02 15:46:00,2.1,15574,United Kingdom
2,537045,72802A,ROSE SCENT CANDLE IN JEWELLED BOX,1,2010-12-05 10:54:00,4.25,15038,United Kingdom
2,537140,22632,HAND WARMER RED RETROSPOT,1,2010-12-05 12:53:00,2.1,12748,United Kingdom
2,537193,22891,TEA FOR ONE POLKADOT,1,2010-12-05 13:49:00,4.25,15023,United Kingdom
2,537196,22851,SET 20 NAPKINS FAIRY CAKES DESIGN ,1,2010-12-05 13:55:00,0.85,15426,United Kingdom
2,537208,21098,CHRISTMAS TOILET ROLL,1,2010-12-05 15:12:00,1.25,15889,United Kingdom
2,537351,21383,PACK OF 12 STICKY BUNNIES,2,2010-12-06 12:23:00,0.65,16898,United Kingdom
2,537382,35953,FOLKART STAR CHRISTMAS DECORATIONS,1,2010-12-06 13:13:00,1.25,16710,United Kingdom
2,537624,21830,ASSORTED CREEPY CRAWLIES,24,2010-12-07 14:41:00,0.42,12748,United Kingdom
2,537769,22834,HAND WARMER BABUSHKA DESIGN,1,2010-12-08 12:17:00,2.1,15021,United Kingdom
2,537773,21891,TRADITIONAL WOODEN SKIPPING ROPE,2,2010-12-08 12:36:00,1.25,16016,United Kingdom
2,538013,22153,ANGEL DECORATION STARS ON DRESS,12,2010-12-09 12:37:00,0.42,17062,United Kingdom
2,538155,21907,"I'M ON HOLIDAY METAL SIGN",1,2010-12-09 16:52:00,2.1,16907,United Kingdom
2,538517,22561,WOODEN SCHOOL COLOURING SET,2,2010-12-12 16:05:00,1.65,17618,United Kingdom
2,539472,84826,ASSTD DESIGN 3D PAPER STICKERS,1,2010-12-19 14:23:00,0.85,15581,United Kingdom
2,540511,22120,WELCOME  WOODEN BLOCK LETTERS,1,2011-01-09 11:34:00,9.95,14472,United Kingdom
2,540516,22231,JIGSAW TREE WITH BIRDHOUSE,1,2011-01-09 12:01:00,1.45,16326,United Kingdom
2,540803,21485,RETROSPOT HEART HOT WATER BOTTLE,1,2011-01-11 12:30:00,4.95,14669,United Kingdom
2,541264,21928,JUMBO BAG SCANDINAVIAN PAISLEY,2,2011-01-16 16:10:00,1.95,17064,United Kingdom
2,541265,22287,"DECORATION , WOBBLY CHICKEN, METAL ",1,2011-01-16 16:23:00,1.65,17609,United Kingdom
2,541855,84970S,HANGING HEART ZINC T-LIGHT HOLDER,2,2011-01-23 14:59:00,0.85,13742,United Kingdom
2,542106,20676,RED RETROSPOT BOWL,24,2011-01-25 13:37:00,1.25,12709,Germany
2,542886,21383,PACK OF 12 STICKY BUNNIES,1,2011-02-01 13:09:00,0.65,16515,United Kingdom
2,543273,47420,ASSORTED COLOUR SUCTION CUP HOOK,1,2011-02-06 11:29:00,0.19,16456,United Kingdom
2,553657,22384,LUNCH BAG PINK POLKADOT,1,2011-05-18 11:28:00,1.65,14583,United Kingdom
2,553935,35809A,ENAMEL PINK TEA CONTAINER,1,2011-05-20 10:32:00,0.83,15856,United Kingdom
2,575325,23569,TRADTIONAL ALPHABET STAMP SET,2,2011-11-09 13:46:00,4.95,17293,United Kingdom
