sales_value_rank,stock_code,product_description,sales_value,sales_quantity,sales_value_contribution_pct
1,22423,REGENCY CAKESTAND 3 TIER,168162.420,13402,1.74574
2,85123A,WHITE HANGING HEART T-LIGHT HOLDER,104029.700,37094,1.079961
3,47566,PARTY BUNTING,98526.750,18147,1.022833
4,85099B,JUMBO BAG RED RETROSPOT,91932.910,47266,0.954381
5,23166,MEDIUM CERAMIC TOP STORAGE JAR,81448.210,77826,0.845536
6,22086,"PAPER CHAIN KIT 50'S CHRISTMAS",58007.830,17241,0.602195
7,23084,RABBIT NIGHT LIGHT,57241.570,26435,0.59424
8,84879,ASSORTED COLOUR BIRD ORNAMENT,56764.880,35032,0.589292
9,79321,CHILLI LIGHTS,51456.620,9840,0.534185
10,22502,PICNIC BASKET WICKER SMALL,51408.770,1937,0.533689
11,22197,POPCORN HOLDER,45910.670,50681,0.476611
12,23298,SPOTTY BUNTING,42383.320,8328,0.439993
13,22386,JUMBO BAG PINK POLKADOT,41474.690,20989,0.43056
14,23203,JUMBO BAG VINTAGE DOILY,40678.760,19819,0.422297
15,22720,SET OF 3 CAKE TINS PANTRY DESIGN,37020.740,7314,0.384322
16,23284,DOORMAT KEEP CALM AND COME IN,36575.420,5301,0.379699
17,22960,JAM MAKING SET WITH JARS,35826.850,8439,0.371928
18,20725,LUNCH BAG RED RETROSPOT,35086.010,19035,0.364238
19,21137,BLACK RECORD COVER FRAME,35050.950,10077,0.363874
20,82484,WOOD BLACK BOARD ANT WHITE FINISH,33624.340,5622,0.349064
21,85099F,JUMBO BAG STRAWBERRY,32150.080,16979,0.333759
22,22469,HEART OF WICKER SMALL,31796.820,17797,0.330092
23,22178,VICTORIAN GLASS HANGING T-LIGHT,31262.160,23285,0.324541
24,22910,PAPER CHAIN KIT VINTAGE CHRISTMAS,30083.230,9733,0.312302
25,21931,JUMBO STORAGE BAG SUKI,29919.570,13288,0.310603
26,23199,JUMBO BAG APPLES,29878.190,14668,0.310174
27,22470,HEART OF WICKER LARGE,29757.010,9781,0.308916
28,23245,SET OF 3 REGENCY CAKE TINS,29439.260,6074,0.305617
29,22112,CHOCOLATE HOT WATER BOTTLE,29356.340,5442,0.304756
30,22114,HOT WATER BOTTLE TEA AND SYMPATHY,29238.640,5132,0.303534
31,22699,ROSES REGENCY TEACUP AND SAUCER,28009.190,9549,0.290771
32,22411,JUMBO SHOPPER VINTAGE RED PAISLEY,27493.940,12077,0.285422
33,85099C,JUMBO  BAG BAROQUE BLACK WHITE,27411.790,13635,0.284569
34,20685,DOORMAT RED RETROSPOT,27393.480,4002,0.284379
35,22355,CHARLOTTE BAG SUKI DESIGN,26902.630,16993,0.279284
36,22727,ALARM CLOCK BAKELIKE RED,26830.470,6740,0.278534
37,23201,JUMBO BAG ALPHABET,26588.050,12735,0.276018
38,21175,GIN + TONIC DIET METAL SIGN,26305.070,11929,0.27308
39,22457,NATURAL SLATE HEART CHALKBOARD,25320.250,8191,0.262856
40,22726,ALARM CLOCK BAKELIKE GREEN,25320.050,6036,0.262854
41,21915,RED  HARMONICA IN BOX,25104.380,20781,0.260615
42,22629,SPACEBOY LUNCH BOX,24934.600,13822,0.258853
43,48138,DOORMAT UNION FLAG,24917.660,3676,0.258677
44,84946,ANTIQUE SILVER T-LIGHT GLASS,24872.640,18517,0.25821
45,23355,HOT WATER BOTTLE KEEP CALM,24744.120,5136,0.256876
46,22666,RECIPE BOX PANTRY YELLOW DESIGN,24557.060,7786,0.254934
47,23173,REGENCY TEAPOT ROSES,24402.570,2727,0.25333
48,21621,VINTAGE UNION JACK BUNTING,24245.700,2755,0.251701
49,22722,SET OF 6 SPICE TINS PANTRY DESIGN,23937.100,5866,0.248498
50,22961,JAM MAKING SET PRINTED,23906.220,15380,0.248177
51,48187,DOORMAT NEW ENGLAND,23785.290,3765,0.246922
52,48185,DOORMAT FAIRY CAKE,23765.660,3602,0.246718
53,84347,ROTATING SILVER ANGELS T-LIGHT HLDR,23729.900,8570,0.246347
54,21181,PLEASE ONE PERSON METAL SIGN,23711.360,11563,0.246154
55,22326,ROUND SNACK BOXES SET OF4 WOODLAND,23558.270,8263,0.244565
56,15056N,EDWARDIAN PARASOL NATURAL,23224.130,3993,0.241096
57,23243,SET OF TEA COFFEE SUGAR TINS PANTRY,23121.240,4730,0.240028
58,21731,RED TOADSTOOL LED NIGHT LIGHT,22936.930,13516,0.238115
59,22138,BAKING SET 9 PIECE RETROSPOT,22833.160,4660,0.237037
60,21929,JUMBO BAG PINK VINTAGE PAISLEY,22788.610,10811,0.236575
61,82482,WOODEN PICTURE FRAME WHITE FINISH,22565.120,8837,0.234255
62,22090,PAPER BUNTING RETROSPOT,22444.680,7452,0.233004
63,21733,RED HANGING HEART T-LIGHT HOLDER,22436.900,7602,0.232924
64,21623,VINTAGE UNION JACK MEMOBOARD,22381.940,3201,0.232353
65,22111,SCOTTIE DOG HOT WATER BOTTLE,22315.480,4248,0.231663
66,22383,LUNCH BAG SUKI DESIGN,22091.640,12357,0.229339
67,22189,CREAM HEART CARD HOLDER,21999.190,7879,0.22838
68,20713,JUMBO BAG OWLS,21945.700,10917,0.227824
69,48194,DOORMAT HEARTS,21826.660,3386,0.226589
70,84997D,CHILDRENS CUTLERY POLKADOT PINK,21792.410,5284,0.226233
71,22697,GREEN REGENCY TEACUP AND SAUCER,21739.870,6961,0.225688
72,22139,RETROSPOT TEA SET CERAMIC 11 PC,21724.810,4319,0.225531
73,20727,LUNCH BAG  BLACK SKULL.,21666.370,11882,0.224925
74,20712,JUMBO BAG WOODLAND ANIMALS,21649.040,9617,0.224745
75,23344,"JUMBO BAG 50'S CHRISTMAS",21527.120,9200,0.223479
76,20728,LUNCH BAG CARS BLUE,21434.520,11666,0.222518
77,22630,DOLLY GIRL LUNCH BOX,21217.680,11595,0.220267
78,21523,DOORMAT FANCY FONT HOME SWEET HOME,21149.600,3193,0.21956
79,85066,CREAM SWEETHEART MINI CHEST,21053.460,1654,0.218562
80,82494L,WOODEN FRAME ANTIQUE WHITE,20969.400,6769,0.217689
81,23202,JUMBO BAG VINTAGE LEAF,20797.980,10451,0.21591
82,21212,PACK OF 72 RETROSPOT CAKE CASES,20739.580,35937,0.215303
83,23209,LUNCH BAG VINTAGE DOILY,20651.700,12714,0.214391
84,22659,LUNCH BOX I LOVE LONDON,20552.660,11403,0.213363
85,21928,JUMBO BAG SCANDINAVIAN BLUE PAISLEY,20551.350,10166,0.213349
86,20724,RED RETROSPOT CHARLOTTE BAG,20350.030,16914,0.211259
87,23206,LUNCH BAG APPLE DESIGN,20328.850,11953,0.211039
88,84029E,RED WOOLLY HOTTIE WHITE HEART.,20233.880,4333,0.210053
89,21843,RED RETROSPOT CAKE STAND,20217.900,1924,0.209888
90,22728,ALARM CLOCK BAKELIKE PINK,19836.140,5143,0.205924
91,22501,PICNIC BASKET WICKER LARGE,19302.260,1602,0.200382
92,21166,COOK WITH WINE METAL SIGN,19041.390,9456,0.197674
93,71477,COLOUR GLASS. STAR T-LIGHT HOLDER,19022.420,6268,0.197477
94,22328,ROUND SNACK BOXES SET OF 4 FRUITS,18776.370,6731,0.194923
95,84997B,CHILDRENS CUTLERY RETROSPOT RED,18633.960,4471,0.193444
96,21479,WHITE SKULL HOT WATER BOTTLE,18519.540,3593,0.192256
97,15036,ASSORTED COLOURS SILK FAN,18495.770,23757,0.19201
98,22969,HOMEMADE JAM SCENTED CANDLES,18367.730,12290,0.19068
99,22467,GUMBALL COAT RACK,18108.610,7642,0.18799
100,20726,LUNCH BAG WOODLAND,17895.900,9713,0.185782
101,20914,SET/5 RED RETROSPOT LID GLASS BOWLS,17877.260,6214,0.185589
102,21108,FAIRY CAKE FLANNEL ASSORTED COLOUR,17835.860,10033,0.185159
103,22382,LUNCH BAG SPACEBOY DESIGN,17772.210,10284,0.184498
104,22693,GROW A FLYTRAP OR SUNFLOWER IN TIN,17621.430,15987,0.182933
105,82486,WOOD S/3 CABINET ANT WHITE FINISH,17552.510,2045,0.182217
106,22384,LUNCH BAG PINK POLKADOT,17125.700,10356,0.177787
107,21485,RETROSPOT HEART HOT WATER BOTTLE,16801.590,3356,0.174422
108,22492,MINI PAINT SET VINTAGE,16744.100,26341,0.173825
109,22698,PINK REGENCY TEACUP AND SAUCER,16581.300,5534,0.172135
110,22077,6 RIBBONS RUSTIC CHARM,16552.870,8885,0.17184
111,21754,HOME BUILDING BLOCK WORD,16521.570,2701,0.171515
112,15056BL,EDWARDIAN PARASOL BLACK,16405.490,2854,0.17031
113,22385,JUMBO BAG SPACEBOY DESIGN,16384.810,8315,0.170095
114,84997C,CHILDRENS CUTLERY POLKADOT BLUE,16340.190,3949,0.169632
115,23240,SET OF 4 KNICK KNACK TINS DOILY,16305.610,4009,0.169273
116,22835,HOT WATER BOTTLE I AM SO POORLY,16223.880,3156,0.168425
117,84978,HANGING HEART JAR T-LIGHT HOLDER,16190.940,12285,0.168083
118,84078A,SET/4 WHITE RETRO STORAGE CUBES,16185.160,411,0.168023
119,82583,HOT BATHS METAL SIGN,16133.420,6948,0.167485
120,22865,HAND WARMER OWL DESIGN,16032.120,7628,0.166434
121,20719,WOODLAND CHARLOTTE BAG,15882.100,12771,0.164876
122,22993,SET OF 4 PANTRY JELLY MOULDS,15839.850,12147,0.164438
123,22624,IVORY KITCHEN SCALES,15696.720,1814,0.162952
124,21232,STRAWBERRY CERAMIC TRINKET BOX,15454.600,11272,0.160438
125,22379,RECYCLING BAG RETROSPOT,15221.500,6746,0.158019
126,22084,PAPER CHAIN KIT EMPIRE,15066.920,5170,0.156414
127,23301,GARDENERS KNEELING PAD KEEP CALM,14676.430,8107,0.15236
128,84029G,KNITTED UNION FLAG HOT WATER BOTTLE,14656.520,3039,0.152153
129,22900,SET 2 TEA TOWELS I LOVE LONDON,14444.080,4768,0.149948
130,82483,WOOD 2 DRAWER CABINET WHITE FINISH,14371.980,2274,0.149199
131,85152,HAND OVER THE CHOCOLATE   SIGN,14163.480,7365,0.147035
132,22847,BREAD BIN DINER STYLE IVORY,14058.950,886,0.14595
133,23313,VINTAGE CHRISTMAS BUNTING,14045.210,2655,0.145807
134,48184,DOORMAT ENGLISH ROSE,13931.710,1987,0.144629
135,23200,JUMBO BAG PEARS,13914.760,6947,0.144453
136,22507,MEMO BOARD RETROSPOT  DESIGN,13869.930,2910,0.143988
137,22625,RED KITCHEN SCALES,13601.620,1568,0.141202
138,22752,SET 7 BABUSHKA NESTING BOXES,13554.320,1598,0.140711
139,22622,BOX OF VINTAGE ALPHABET BLOCKS,13470.620,1302,0.139842
140,22083,PAPER CHAIN KIT RETROSPOT,13462.370,4435,0.139757
141,84077,WORLD WAR 2 GLIDERS ASSTD DESIGNS,13434.840,53584,0.139471
142,21930,JUMBO STORAGE BAG SKULLS,13387.910,6140,0.138984
143,20971,PINK BLUE FELT CRAFT TRINKET BOX,13369.940,10613,0.138797
144,22171,3 HOOK PHOTO SHELF ANTIQUE WHITE,13272.180,1755,0.137782
145,21524,DOORMAT SPOTTY HOME SWEET HOME,13241.030,1713,0.137459
146,22551,PLASTERS IN TIN SPACEBOY,13194.080,7827,0.136971
147,22866,HAND WARMER SCOTTY DOG DESIGN,13142.620,6044,0.136437
148,23207,LUNCH BAG ALPHABET DESIGN,13110.150,7717,0.1361
149,23077,DOUGHNUT LIP GLOSS,13001.090,9847,0.134968
150,22554,PLASTERS IN TIN WOODLAND ANIMALS,12996.820,7622,0.134924
151,47566B,TEA TIME PARTY BUNTING,12921.470,2577,0.134141
152,22558,CLOTHES PEGS RETROSPOT PACK 24,12859.530,8386,0.133498
153,22776,SWEETHEART CAKESTAND 3 TIER,12749.830,1221,0.132359
154,22427,ENAMEL FLOWER JUG CREAM,12647.260,2106,0.131295
155,22499,WOODEN UNION JACK BUNTING,12639.020,2068,0.131209
156,23108,SET OF 10 LED DOLLY LIGHTS,12592.170,2092,0.130723
157,22867,HAND WARMER BIRD DESIGN,12516.010,5686,0.129932
158,23356,LOVE HOT WATER BOTTLE,12426.200,2210,0.129
159,22149,FELTCRAFT 6 FLOWER FRIENDS,12357.080,6070,0.128282
160,22568,FELTCRAFT CUSHION OWL,12323.890,3349,0.127938
161,23343,JUMBO BAG VINTAGE CHRISTMAS,12263.320,5301,0.127309
162,20750,RED RETROSPOT MINI CASES,12255.220,1699,0.127225
163,21755,LOVE BUILDING BLOCK WORD,12198.520,1977,0.126636
164,22113,GREY HEART HOT WATER BOTTLE,12163.620,3093,0.126274
165,22941,CHRISTMAS LIGHTS 10 REINDEER,12135.990,1490,0.125987
166,23174,REGENCY SUGAR BOWL GREEN,12126.730,3013,0.125891
167,22607,WOODEN ROUNDERS GARDEN SET,12121.750,1285,0.125839
168,48188,DOORMAT WELCOME PUPPIES,12098.770,2063,0.125601
169,47590B,PINK HAPPY BIRTHDAY BUNTING,12087.060,2319,0.125479
170,21977,PACK OF 60 PINK PAISLEY CAKE CASES,12082.790,24586,0.125435
171,22424,ENAMEL BREAD BIN CREAM,11992.900,852,0.124502
172,82600,NO SINGING METAL SIGN,11967.250,5619,0.124235
173,21790,VINTAGE SNAP CARDS,11921.220,13854,0.123757
174,22273,FELTCRAFT DOLL MOLLY,11789.850,4443,0.122394
175,20723,STRAWBERRY CHARLOTTE BAG,11774.830,9436,0.122238
176,23328,SET 6 SCHOOL MILK BOTTLES IN CRATE,11747.020,2531,0.121949
177,22087,PAPER BUNTING WHITE LACE,11736.880,4036,0.121844
178,21430,SET/3 RED GINGHAM ROSE STORAGE BOX,11689.170,2994,0.121348
179,22191,IVORY DINER WALL CLOCK,11657.390,1417,0.121019
180,22188,BLACK HEART CARD HOLDER,11605.860,4518,0.120484
181,20749,ASSORTED COLOUR MINI CASES,11558.940,1613,0.119997
182,21936,RED RETROSPOT PICNIC BAG,11530.370,3947,0.1197
183,22158,3 HEARTS HANGING DECORATION RUSTIC,11416.540,3281,0.118518
184,22692,DOORMAT WELCOME TO OUR HOME,11332.290,1501,0.117644
185,22193,RED DINER WALL CLOCK,11310.560,1340,0.117418
186,22570,FELTCRAFT CUSHION RABBIT,11204.970,3086,0.116322
187,21216,"SET 3 RETROSPOT TEA,COFFEE,SUGAR",11134.200,2085,0.115587
188,22041,"RECORD FRAME 7"" SINGLE SIZE",11134.020,4317,0.115585
189,21080,SET/20 RED RETROSPOT PAPER NAPKINS,11119.900,12968,0.115439
190,21340,CLASSIC METAL BIRDCAGE PLANT HOLDER,11096.560,960,0.115196
191,20711,JUMBO BAG TOYS,11010.490,5006,0.114303
192,21217,RED RETROSPOT ROUND CAKE TINS,11009.300,1046,0.114291
193,23300,GARDENERS KNEELING PAD CUP OF TEA,10967.420,6368,0.113856
194,22730,ALARM CLOCK BAKELIKE IVORY,10953.340,2773,0.11371
195,22662,LUNCH BAG DOLLY GIRL DESIGN,10934.630,6637,0.113515
196,22605,WOODEN CROQUET GARDEN SET,10901.120,759,0.113168
197,22356,CHARLOTTE BAG PINK POLKADOT,10886.540,9450,0.113016
198,85014B,RED RETROSPOT UMBRELLA,10856.580,1867,0.112705
199,23170,REGENCY TEA PLATE ROSES,10839.870,6727,0.112532
200,71459,HANGING JAM JAR T-LIGHT HOLDER,10754.290,13501,0.111643
201,21481,FAWN BLUE HOT WATER BOTTLE,10678.200,3118,0.110853
202,47590A,BLUE HAPPY BIRTHDAY BUNTING,10448.370,1984,0.108467
203,84755,COLOUR GLASS T-LIGHT HOLDER HANGING,10354.490,16237,0.107493
204,22988,SOLDIERS EGG CUP,10336.690,8640,0.107308
205,85048,15CM CHRISTMAS GLASS BALL 20 LIGHTS,10325.800,1304,0.107195
206,22846,BREAD BIN DINER STYLE RED,10227.850,640,0.106178
207,48173C,DOORMAT BLACK FLOCK,10188.320,1807,0.105768
208,23581,JUMBO BAG PAISLEY PARK,10188.060,4331,0.105765
209,22617,BAKING SET SPACEBOY DESIGN,10173.800,2102,0.105617
210,84997A,CHILDRENS CUTLERY POLKADOT GREEN,10164.790,2516,0.105523
211,22992,REVOLVER WOODEN RULER,10155.770,5133,0.10543
212,22569,FELTCRAFT CUSHION BUTTERFLY,10110.830,2759,0.104963
213,22734,SET OF 6 RIBBONS VINTAGE CHRISTMAS,10092.310,3124,0.104771
214,21791,VINTAGE HEADS AND TAILS CARD GAME,9994.160,7471,0.103752
215,22970,LONDON BUS COFFEE MUG,9914.070,4248,0.102921
216,23208,LUNCH BAG VINTAGE LEAF DESIGN,9877.780,5977,0.102544
217,21218,RED SPOTTY BISCUIT TIN,9836.410,2391,0.102114
218,22169,FAMILY ALBUM WHITE PICTURE FRAME,9830.810,1138,0.102056
219,23171,REGENCY TEA PLATE GREEN,9751.730,6093,0.101235
220,22690,DOORMAT HOME SWEET HOME BLUE,9724.400,1591,0.100952
221,21891,TRADITIONAL WOODEN SKIPPING ROPE,9723.260,7561,0.10094
222,20679,EDWARDIAN PARASOL RED,9689.690,1663,0.100591
223,21914,BLUE HARMONICA IN BOX,9686.650,7398,0.10056
224,22556,PLASTERS IN TIN CIRCUS PARADE,9679.100,5885,0.100481
225,22654,DELUXE SEWING KIT,9631.820,1379,0.099991
226,23076,ICE CREAM SUNDAE LIP GLOSS,9616.080,7828,0.099827
227,22766,PHOTO FRAME CORNICE,9593.060,3214,0.099588
228,21559,STRAWBERRY LUNCH BOX WITH CUTLERY,9589.720,3891,0.099554
229,22838,3 TIER CAKE TIN RED AND CREAM,9573.680,680,0.099387
230,22555,PLASTERS IN TIN STRONGMAN,9539.990,5838,0.099037
231,84947,ANTIQUE SILVER TEA GLASS ENGRAVED,9515.740,8058,0.098786
232,22978,PANTRY ROLLING PIN,9497.760,2453,0.098599
233,22621,TRADITIONAL KNITTING NANCY,9451.570,5824,0.098119
234,23175,REGENCY MILK JUG PINK,9427.090,3125,0.097865
235,22844,VINTAGE CREAM DOG FOOD CONTAINER,9400.040,978,0.097584
236,22456,NATURAL SLATE CHALKBOARD LARGE,9310.840,1700,0.096658
237,21314,SMALL GLASS HEART TRINKET POT,9303.720,4020,0.096584
238,22791,T-LIGHT GLASS FLUTED ANTIQUE,9297.340,7480,0.096518
239,22561,WOODEN SCHOOL COLOURING SET,9252.750,5581,0.096055
240,21155,RED RETROSPOT PEG BAG,9101.180,3104,0.094482
241,22619,SET OF 6 SOLDIER SKITTLES,9096.050,2283,0.094429
242,84991,60 TEATIME FAIRY CAKE CASES,9084.670,18053,0.09431
243,22633,HAND WARMER UNION JACK,9079.140,4407,0.094253
244,85150,LADIES & GENTLEMEN METAL SIGN,9068.910,3925,0.094147
245,22729,ALARM CLOCK BAKELIKE ORANGE,9035.790,2319,0.093803
246,22759,SET OF 3 NOTEBOOKS IN PARCEL,9027.440,5435,0.093716
247,22952,60 CAKE CASES VINTAGE CHRISTMAS,9015.360,15306,0.093591
248,84375,SET OF 20 KIDS COOKIE CUTTERS,9000.950,4158,0.093441
249,22144,CHRISTMAS CRAFT LITTLE FRIENDS,8977.110,3799,0.093194
250,48116,DOORMAT MULTICOLOUR STRIPE,8867.500,1473,0.092056
251,20972,PINK CREAM FELT CRAFT TRINKET BOX,8852.330,7129,0.091898
252,22966,GINGERBREAD MAN COOKIE CUTTER,8834.440,7171,0.091713
253,22771,CLEAR DRAWER KNOB ACRYLIC EDWARDIAN,8802.590,6462,0.091382
254,22989,SET 2 PANTRY DESIGN TEA TOWELS,8799.320,2766,0.091348
255,22749,FELTCRAFT PRINCESS CHARLOTTE DOLL,8720.010,2233,0.090525
256,22947,WOODEN ADVENT CALENDAR RED,8714.240,746,0.090465
257,23319,"BOX OF 6 MINI 50'S CRACKERS",8699.440,3527,0.090311
258,35970,ZINC FOLKART SLEIGH BELLS,8680.910,4659,0.090119
259,23322,LARGE WHITE HEART OF WICKER,8648.660,2996,0.089784
260,21174,POTTERING IN THE SHED METAL SIGN,8648.340,3854,0.089781
261,22652,TRAVEL SEWING KIT,8612.070,5091,0.089404
262,22147,FELTCRAFT BUTTERFLY HEARTS,8573.290,6193,0.089002
263,23318,BOX OF 6 MINI VINTAGE CRACKERS,8547.660,3580,0.088736
264,23078,ICE CREAM PEN LIP GLOSS,8501.200,6798,0.088253
265,22560,TRADITIONAL MODELLING CLAY,8500.360,7190,0.088245
266,21889,WOODEN BOX OF DOMINOES,8425.890,6083,0.087471
267,82582,AREA PATROLLED METAL SIGN,8423.820,4158,0.08745
268,22632,HAND WARMER RED RETROSPOT,8418.560,4208,0.087395
269,21213,PACK OF 72 SKULL CAKE CASES,8330.890,15027,0.086485
270,71053,WHITE METAL LANTERN,8328.330,1927,0.086459
271,21210,SET OF 72 RETROSPOT PAPER  DOILIES,8265.650,5749,0.085808
272,84378,SET OF 3 HEART COOKIE CUTTERS,8218.140,6150,0.085315
273,21035,SET/2 RED RETROSPOT TEA TOWELS,8173.450,2477,0.084851
274,84945,MULTI COLOUR SILVER T-LIGHT HOLDER,8166.390,9849,0.084778
275,23256,CHILDRENS CUTLERY SPACEBOY,8164.750,1993,0.084761
276,23321,SMALL WHITE HEART OF WICKER,8143.210,4539,0.084537
277,22655,VINTAGE RED KITCHEN CABINET,8125.000,60,0.084348
278,72741,GRAND CHOCOLATECANDLE,8044.170,5856,0.083509
279,22795,SWEETHEART RECIPE BOOK STAND,8039.960,1144,0.083465
280,22804,CANDLEHOLDER PINK HANGING HEART,8006.150,3103,0.083114
281,23082,SET 6 PAPER TABLE LANTERN HEARTS,7921.240,2163,0.082233
282,21484,CHICK GREY HOT WATER BOTTLE,7897.780,1760,0.081989
283,22192,BLUE DINER WALL CLOCK,7892.530,921,0.081935
284,84380,SET OF 3 BUTTERFLY COOKIE CUTTERS,7865.340,5626,0.081652
285,21121,SET/10 RED POLKADOT PARTY CANDLES,7862.600,6497,0.081624
286,23439,HAND WARMER RED LOVE HEART,7852.270,3516,0.081517
287,22968,ROSE COTTAGE KEEPSAKE BOX,7812.060,792,0.081099
288,22768,FAMILY PHOTO FRAME CORNICE,7784.050,821,0.080808
289,23534,WALL ART STOP FOR TEA,7775.660,1286,0.080721
290,84970S,HANGING HEART ZINC T-LIGHT HOLDER,7762.620,8766,0.080586
291,22616,PACK OF 12 LONDON TISSUES,7760.610,25496,0.080565
292,22487,WHITE WOOD GARDEN PLANT LADDER,7751.670,768,0.080472
293,22352,LUNCH BOX WITH CUTLERY RETROSPOT,7731.560,3050,0.080263
294,21136,PAINTED METAL PEARS ASSORTED,7644.810,4606,0.079363
295,22725,ALARM CLOCK BAKELIKE CHOCOLATE,7611.540,1870,0.079017
296,22667,RECIPE BOX RETROSPOT,7587.900,2714,0.078772
297,48111,DOORMAT 3 SMILEY CATS,7581.350,1157,0.078704
298,23493,VINTAGE DOILY TRAVEL SEWING KIT,7558.480,3520,0.078467
299,23007,SPACEBOY BABY GIFT SET,7547.570,484,0.078353
300,22940,FELTCRAFT CHRISTMAS FAIRY,7523.720,1834,0.078106
301,84406B,CREAM CUPID HEARTS COAT HANGER,7516.220,1982,0.078028
302,22173,METAL 4 HOOK HANGER FRENCH CHATEAU,7493.290,2375,0.07779
303,21770,OPEN CLOSED METAL SIGN,7473.750,1545,0.077587
304,21955,DOORMAT UNION JACK GUNS AND ROSES,7468.600,1214,0.077534
305,22557,PLASTERS IN TIN VINTAGE PAISLEY,7457.180,4546,0.077415
306,22991,GIRAFFE WOODEN RULER,7431.680,3806,0.07715
307,22909,SET OF 20 VINTAGE CHRISTMAS NAPKINS,7408.320,8270,0.076908
308,21231,SWEETHEART CERAMIC TRINKET BOX,7402.080,5898,0.076843
309,22585,PACK OF 6 BIRDY GIFT TAGS,7398.490,6116,0.076806
310,21668,RED STRIPE CERAMIC DRAWER KNOB,7397.010,5455,0.07679
311,84836,ZINC METAL HEART DECORATION,7324.560,5868,0.076038
312,22381,TOY TIDY PINK POLKADOT,7274.310,3372,0.075517
313,23204,CHARLOTTE BAG APPLES DESIGN,7257.730,7610,0.075344
314,21908,CHOCOLATE THIS WAY METAL SIGN,7254.650,3541,0.075313
315,22750,FELTCRAFT PRINCESS LOLA DOLL,7225.740,1934,0.075012
316,22627,MINT KITCHEN SCALES,7208.130,817,0.07483
317,22367,CHILDRENS APRON SPACEBOY DESIGN,7186.120,3616,0.074601
318,23238,SET OF 4 KNICK KNACK TINS LONDON,7137.740,1690,0.074099
319,22950,36 DOILIES VINTAGE CHRISTMAS,7131.550,5209,0.074035
320,22637,PIGGY BANK RETROSPOT,7111.180,2760,0.073823
321,22413,METAL SIGN TAKE IT OR LEAVE IT,7099.240,2324,0.073699
322,22741,FUNKY DIVA PEN,7075.050,8232,0.073448
323,84949,SILVER HANGING T-LIGHT HOLDER,7059.890,4418,0.073291
324,22631,CIRCUS PARADE LUNCH BOX,7031.640,3605,0.072997
325,21669,BLUE STRIPE CERAMIC DRAWER KNOB,7017.760,5209,0.072853
326,22333,RETROSPOT PARTY BAG + STICKER SET,7009.290,4471,0.072765
327,21258,VICTORIAN SEWING BOX LARGE,6998.270,488,0.072651
328,20969,RED FLORAL FELTCRAFT SHOULDER BAG,6971.240,1905,0.07237
329,23236,STORAGE TIN VINTAGE DOILY,6961.650,2465,0.072271
330,22505,MEMO BOARD COTTAGE DESIGN,6941.370,1434,0.07206
331,22946,WOODEN ADVENT CALENDAR CREAM,6929.470,446,0.071937
332,22767,TRIPLE PHOTO FRAME CORNICE,6924.800,749,0.071888
333,22485,SET OF 2 WOODEN MARKET CRATES,6902.050,500,0.071652
334,22663,JUMBO BAG DOLLY GIRL DESIGN,6889.200,3349,0.071519
335,22834,HAND WARMER BABUSHKA DESIGN,6881.930,4842,0.071443
336,21094,SET/6 RED SPOTTY PAPER PLATES,6881.320,8696,0.071437
337,85014A,BLACK/BLUE POLKADOT UMBRELLA,6873.730,1177,0.071358
338,21169,"YOU'RE CONFUSING ME METAL SIGN",6873.590,4159,0.071357
339,84030E,ENGLISH ROSE HOT WATER BOTTLE,6865.370,1513,0.071271
340,22634,CHILDS BREAKFAST SET SPACEBOY,6864.390,733,0.071261
341,22839,3 TIER CAKE TIN GREEN AND CREAM,6864.340,440,0.071261
342,21922,UNION STRIPE WITH FRINGE  HAMMOCK,6854.720,890,0.071161
343,22553,PLASTERS IN TIN SKULLS,6831.980,4076,0.070925
344,75049L,LARGE CIRCULAR MIRROR MOBILE,6802.980,7094,0.070624
345,23297,SET 40 HEART SHAPE PETIT FOUR CASES,6792.230,4303,0.070512
346,21877,HOME SWEET HOME MUG,6790.970,5334,0.070499
347,22840,ROUND CAKE TIN VINTAGE RED,6784.870,901,0.070436
348,21259,VICTORIAN SEWING BOX SMALL,6758.490,1132,0.070162
349,23254,CHILDRENS CUTLERY DOLLY GIRL,6757.870,1669,0.070155
350,23080,RED METAL BOX TOP SECRET,6737.750,791,0.069946
351,22179,SET 10 NIGHT OWL LIGHTS,6728.380,902,0.069849
352,21165,BEWARE OF THE CAT METAL SIGN,6700.680,4024,0.069562
353,23541,WALL ART CLASSIC PUDDINGS,6699.210,864,0.069546
354,22170,PICTURE FRAME WOOD TRIPLE PORTRAIT,6686.720,1024,0.069417
355,22294,HEART FILIGREE DOVE  SMALL,6665.360,5352,0.069195
356,23215,JINGLE BELL HEART ANTIQUE SILVER,6662.220,3393,0.069162
357,21672,WHITE SPOT RED CERAMIC DRAWER KNOB,6645.060,4926,0.068984
358,23008,DOLLY GIRL BABY GIFT SET,6642.550,427,0.068958
359,21888,BINGO SET,6640.870,1685,0.068941
360,22668,PINK BABY BUNTING,6633.940,2166,0.068869
361,23083,SET 6 PAPER TABLE LANTERN STARS,6629.000,1782,0.068817
362,84988,SET OF 72 PINK HEART PAPER DOILIES,6622.200,4287,0.068747
363,23283,DOORMAT VINTAGE LEAF,6601.330,947,0.06853
364,23535,WALL ART BICYCLE SAFETY,6585.050,1037,0.068361
365,84970L,SINGLE HEART ZINC T-LIGHT HOLDER,6553.240,6091,0.068031
366,22943,CHRISTMAS LIGHTS 10 VINTAGE BAUBLES,6550.460,1336,0.068002
367,47591D,PINK FAIRY CAKE CHILDRENS APRON,6547.670,3247,0.067973
368,23320,"GIANT 50'S CHRISTMAS CRACKER",6532.230,2307,0.067813
369,23293,SET OF 12 FAIRY CAKE BAKING CASES,6524.810,7940,0.067736
370,21533,RETROSPOT LARGE MILK JUG,6508.170,1322,0.067563
371,23103,JINGLE BELL HEART DECORATION,6503.060,3874,0.06751
372,23169,CLASSIC GLASS COOKIE JAR,6499.900,1516,0.067477
373,21326,AGED GLASS SILVER T-LIGHT HOLDER,6498.070,9935,0.067458
374,22620,4 TRADITIONAL SPINNING TOPS,6482.390,4708,0.067295
375,21871,SAVE THE PLANET MUG,6454.850,5322,0.06701
376,22580,ADVENT CALENDAR GINGHAM SACK,6441.740,1222,0.066873
377,23134,LARGE ZINC HEART WALL ORGANISER,6431.110,1065,0.066763
378,84992,72 SWEETHEART FAIRY CAKE CASES,6410.680,13111,0.066551
379,82001S,VINYL RECORD FRAME SILVER,6410.360,1669,0.066548
380,22508,DOORSTOP RETROSPOT HEART,6409.830,1568,0.066542
381,21257,VICTORIAN SEWING BOX MEDIUM,6379.470,647,0.066227
382,23582,VINTAGE DOILY JUMBO BAG RED,6354.130,2701,0.065964
383,21122,SET/10 PINK POLKADOT PARTY CANDLES,6351.120,5217,0.065933
384,21787,RAIN PONCHO RETROSPOT,6328.530,7626,0.065698
385,23247,"BISCUIT TIN 50'S CHRISTMAS",6290.940,2066,0.065308
386,21380,WOODEN HAPPY BIRTHDAY GARLAND,6289.810,2159,0.065296
387,22979,PANTRY WASHING UP BRUSH,6288.260,4030,0.06528
388,22635,CHILDS BREAKFAST SET DOLLY GIRL,6234.880,662,0.064726
389,20676,RED RETROSPOT BOWL,6230.370,4921,0.064679
390,22895,SET OF 2 TEA TOWELS APPLE AND PEARS,6216.000,2032,0.06453
391,22826,LOVE SEAT ANTIQUE WHITE METAL,6210.000,58,0.064468
392,22109,FULL ENGLISH BREAKFAST PLATE,6204.230,1475,0.064408
393,20718,RED RETROSPOT SHOPPER BAG,6202.720,4446,0.064392
394,22151,PLACE SETTING WHITE HEART,6191.590,14815,0.064277
395,23109,PACK OF SIX LED TEA LIGHTS,6188.460,2152,0.064244
396,22784,LANTERN CREAM GAZEBO,6180.120,1239,0.064158
397,22303,COFFEE MUG APPLES DESIGN,6140.190,2744,0.063743
398,23229,VINTAGE DONKEY TAIL GAME,6136.230,1709,0.063702
399,21154,RED RETROSPOT OVEN GLOVE,6077.610,3908,0.063093
400,22141,CHRISTMAS CRAFT TREE TOP ANGEL,6068.430,2653,0.062998
401,23307,SET OF 60 PANTRY DESIGN CAKE CASES,6063.040,11438,0.062942
402,47556B,TEA TIME TEA TOWELS,6045.000,2600,0.062755
403,21975,PACK OF 60 DINOSAUR CAKE CASES,6036.510,12206,0.062667
404,21670,BLUE SPOT CERAMIC DRAWER KNOB,6019.360,4305,0.062489
405,23172,REGENCY TEA PLATE PINK,6004.550,3683,0.062335
406,22366,DOORMAT AIRMAIL,6001.900,796,0.062307
407,23571,TRADITIONAL NAUGHTS & CROSSES,5994.610,2611,0.062232
408,21673,WHITE SPOT BLUE CERAMIC DRAWER KNOB,5980.360,4344,0.062084
409,21912,VINTAGE SNAKES & LADDERS,5971.100,1494,0.061988
410,21935,SUKI  SHOULDER BAG,5962.670,3221,0.0619
411,22783,SET 3 WICKER OVAL BASKETS W LIDS,5961.250,463,0.061885
412,23188,VINTAGE  2 METER FOLDING RULER,5957.980,3200,0.061851
413,21535,RED RETROSPOT SMALL MILK JUG,5914.610,2459,0.061401
414,23296,SET OF 6 TEA TIME BAKING CASES,5910.020,4930,0.061354
415,17003,BROCADE RING PURSE,5907.240,22723,0.061325
416,21671,RED SPOT CERAMIC DRAWER KNOB,5890.120,4279,0.061147
417,23382,BOX OF 6 CHRISTMAS CAKE DECORATIONS,5889.380,1520,0.061139
418,21156,RETROSPOT CHILDRENS APRON,5833.570,3041,0.06056
419,48129,DOORMAT TOPIARY,5832.500,882,0.060549
420,22584,PACK OF 6 PANNETONE GIFT BOXES,5819.880,2283,0.060418
421,23052,RECYCLED ACAPULCO MAT TURQUOISE,5816.560,644,0.060383
422,23113,PANTRY CHOPPING BOARD,5806.430,1145,0.060278
423,22740,POLKADOT PEN,5793.620,6842,0.060145
424,23311,VINTAGE CHRISTMAS STOCKING,5784.170,2164,0.060047
425,23192,BUNDLE OF 3 ALPHABET EXERCISE BOOKS,5773.450,3293,0.059936
426,23480,MINI LIGHTS WOODLAND MUSHROOMS,5744.980,1559,0.05964
427,22971,QUEENS GUARD COFFEE MUG,5737.930,2393,0.059567
428,22174,PHOTO CUBE,5732.600,3132,0.059512
429,22779,WOODEN OWLS LIGHT GARLAND,5709.100,1518,0.059268
430,22796,PHOTO FRAME 3 CLASSIC HANGING,5668.050,570,0.058842
431,22088,PAPER BUNTING COLOURED LACE,5661.050,1893,0.058769
432,22837,HOT WATER BOTTLE BABUSHKA,5657.930,1173,0.058737
433,22595,GINGHAM HEART DECORATION,5633.080,6691,0.058479
434,22751,FELTCRAFT PRINCESS OLIVIA DOLL,5606.790,1519,0.058206
435,22365,DOORMAT RESPECTABLE HOUSE,5593.290,775,0.058065
436,23485,BOTANICAL GARDENS WALL CLOCK,5585.720,251,0.057987
437,23154,SET OF 4 JAM JAR MAGNETS,5543.950,2545,0.057553
438,22907,PACK OF 20 NAPKINS PANTRY DESIGN,5523.240,6393,0.057338
439,22488,NATURAL SLATE RECTANGLE CHALKBOARD,5501.150,3158,0.057109
440,21558,SKULL LUNCH BOX WITH CUTLERY,5492.690,2116,0.057021
441,21242,RED RETROSPOT PLATE,5483.130,3235,0.056922
442,22418,10 COLOUR SPACEBOY PEN,5478.540,6454,0.056874
443,22904,CALENDAR PAPER CUT DESIGN,5467.260,1834,0.056757
444,22150,3 STRIPEY MICE FELTCRAFT,5463.370,2802,0.056717
445,62018,SOMBRERO,5447.350,4205,0.05655
446,23205,CHARLOTTE BAG VINTAGE ALPHABET,5438.290,5672,0.056456
447,23312,VINTAGE CHRISTMAS GIFT SACK,5437.210,1307,0.056445
448,23118,PARISIENNE JEWELLERY DRAWER,5430.680,723,0.056377
449,22207,FRYING PAN UNION FLAG,5426.480,1238,0.056334
450,22827,RUSTIC  SEVENTEEN DRAWER SIDEBOARD,5415.000,35,0.056215
451,22429,ENAMEL MEASURING JUG CREAM,5406.440,1244,0.056126
452,23133,LARGE IVORY HEART WALL ORGANISER,5396.890,767,0.056027
453,22466,FAIRY TALE COTTAGE NIGHT LIGHT,5391.740,2976,0.055973
454,23135,SMALL ZINC HEART WALL ORGANISER,5350.670,1522,0.055547
455,22349,DOG BOWL CHASING BALL DESIGN,5344.060,1357,0.055478
456,22297,HEART IVORY TRELLIS SMALL,5336.480,4073,0.055399
457,23126,FELTCRAFT GIRL AMELIE KIT,5267.850,1059,0.054687
458,22964,3 PIECE SPACEBOY COOKIE CUTTER SET,5242.250,2522,0.054421
459,22646,CERAMIC STRAWBERRY CAKE MONEY BANK,5237.780,3405,0.054375
460,22845,VINTAGE CREAM CAT FOOD CONTAINER,5229.450,777,0.054288
461,22848,BREAD BIN DINER STYLE PINK,5208.450,323,0.05407
462,21172,PARTY METAL SIGN,5202.770,3395,0.054011
463,22665,RECIPE BOX BLUE SKETCHBOOK DESIGN,5192.080,1516,0.0539
464,22120,WELCOME  WOODEN BLOCK LETTERS,5177.380,517,0.053748
465,22689,DOORMAT MERRY CHRISTMAS RED,5176.250,673,0.053736
466,21844,RED RETROSPOT MUG,5161.790,1845,0.053586
467,22296,HEART IVORY TRELLIS LARGE,5158.660,3090,0.053553
468,23158,SET OF 5 LUCKY CAT MAGNETS,5148.380,2478,0.053447
469,23157,SET OF 6 NATIVITY MAGNETS,5138.930,2556,0.053349
470,22998,TRAVEL CARD WALLET KEEP CALM,5119.910,12056,0.053151
471,22623,BOX OF VINTAGE JIGSAW BLOCKS,5104.840,919,0.052995
472,37449,CERAMIC CAKE STAND + HANGING CAKES,5087.440,560,0.052814
473,23526,WALL ART DOG LICENCE,5082.210,837,0.05276
474,23132,SMALL IVORY HEART WALL ORGANISER,5073.430,1011,0.052669
475,22464,HANGING METAL HEART LANTERN,5068.740,2929,0.05262
476,21428,SET3 BOOK BOX GREEN GINGHAM FLOWER,5058.430,1187,0.052513
477,22772,PINK DRAWER KNOB ACRYLIC EDWARDIAN,5036.050,3756,0.052281
478,22849,BREAD BIN DINER STYLE MINT,5027.730,323,0.052194
479,22957,SET 3 PAPER VINTAGE CHICK PAPER EGG,5014.650,1775,0.052058
480,22271,FELTCRAFT DOLL ROSIE,5007.350,1701,0.051983
481,22781,GUMBALL MAGAZINE RACK,4995.510,605,0.05186
482,22780,LIGHT GARLAND BUTTERFILES PINK,4967.840,1328,0.051573
483,22302,COFFEE MUG PEARS  DESIGN,4961.450,2265,0.051506
484,21164,HOME SWEET HOME METAL SIGN,4961.390,1701,0.051506
485,22798,ANTIQUE GLASS DRESSING TABLE POT,4939.710,1601,0.05128
486,23162,REGENCY TEA STRAINER,4929.800,1356,0.051178
487,23397,FOOT STOOL HOME SWEET HOME,4908.100,478,0.050952
488,84212,"ASSORTED FLOWER COLOUR ""LEIS""",4903.670,10267,0.050906
489,21932,SCANDINAVIAN PAISLEY PICNIC BAG,4902.320,2669,0.050892
490,22898,CHILDRENS APRON APPLES DESIGN,4895.090,2333,0.050817
491,21937,STRAWBERRY   PICNIC BAG,4887.050,1703,0.050734
492,23295,SET OF 12 MINI LOAF BAKING CASES,4872.240,5923,0.05058
493,23553,LANDMARK FRAME CAMDEN TOWN,4871.230,428,0.05057
494,21756,BATH BUILDING BLOCK WORD,4870.660,785,0.050564
495,21933,PINK VINTAGE PAISLEY PICNIC BAG,4859.450,2619,0.050447
496,21907,"I'M ON HOLIDAY METAL SIGN",4857.360,2294,0.050426
497,22636,CHILDS BREAKFAST SET CIRCUS PARADE,4856.930,578,0.050421
498,21033,JUMBO BAG CHARLIE AND LOLA TOYS,4851.730,1932,0.050367
499,21086,SET/6 RED SPOTTY PAPER CUPS,4823.210,7082,0.050071
500,23263,SET OF 3 WOODEN HEART DECORATIONS,4822.780,3656,0.050067
501,21124,SET/10 BLUE POLKADOT PARTY CANDLES,4819.300,3976,0.05003
502,22301,COFFEE MUG CAT + BIRD DESIGN,4811.100,2146,0.049945
503,23583,LUNCH BAG PAISLEY PARK,4807.530,2997,0.049908
504,23165,LARGE CERAMIC TOP STORAGE JAR,4805.340,2906,0.049886
505,22748,"POPPY'S PLAYHOUSE KITCHEN",4792.770,2082,0.049755
506,21390,FILIGRIS HEART WITH BUTTERFLY,4790.670,3858,0.049733
507,23310,BUBBLEGUM RING ASSORTED,4787.020,11565,0.049695
508,21098,CHRISTMAS TOILET ROLL,4786.850,3530,0.049694
509,22371,AIRLINE BAG VINTAGE TOKYO 78,4786.250,1033,0.049687
510,23010,CIRCUS PARADE BABY GIFT SET,4785.590,308,0.049681
511,23556,LANDMARK FRAME COVENT GARDEN,4774.550,424,0.049566
512,23531,WALL ART BIG LOVE,4756.580,824,0.049379
513,84050,PINK HEART SHAPE EGG FRYING PAN,4753.530,3229,0.049348
514,22243,5 HOOK HANGER RED MAGIC TOADSTOOL,4751.640,3098,0.049328
515,21539,RED RETROSPOT BUTTER DISH,4743.900,969,0.049248
516,23286,BLUE VINTAGE SPOT BEAKER,4718.570,5023,0.048985
517,23198,PANTRY MAGNETIC  SHOPPING LIST,4717.520,3138,0.048974
518,23159,SET OF 5 PANCAKE DAY MAGNETS,4713.520,2293,0.048932
519,23234,BISCUIT TIN VINTAGE CHRISTMAS,4709.650,1615,0.048892
520,23554,LANDMARK FRAME OXFORD STREET,4693.070,414,0.04872
521,22142,CHRISTMAS CRAFT WHITE FAIRY,4683.750,3099,0.048623
522,20979,36 PENCILS TUBE RED RETROSPOT,4655.580,3694,0.048331
523,23314,VINTAGE CHRISTMAS TABLECLOTH,4650.660,383,0.04828
524,23555,LANDMARK FRAME NOTTING HILL,4643.110,411,0.048201
525,15056P,EDWARDIAN PARASOL PINK,4641.890,789,0.048189
526,47599A,PINK PARTY BAGS,4624.300,2444,0.048006
527,23176,ABC TREASURE BOOK BOX,4611.680,2134,0.047875
528,21876,POTTERING MUG,4601.400,3697,0.047768
529,23503,PLAYING CARDS KEEP CALM & CARRY ON,4586.880,3426,0.047618
530,22504,CABIN BAG VINTAGE RETROSPOT,4584.770,244,0.047596
531,23558,LANDMARK FRAME LONDON BRIDGE,4578.910,406,0.047535
532,82552,WASHROOM METAL SIGN,4577.290,2951,0.047518
533,22606,WOODEN SKITTLES GARDEN SET,4574.660,309,0.047491
534,22745,"POPPY'S PLAYHOUSE BEDROOM",4573.800,1987,0.047482
535,20677,PINK POLKADOT BOWL,4573.760,3530,0.047481
536,23285,PINK VINTAGE SPOT BEAKER,4560.150,4799,0.04734
537,22295,HEART FILIGREE DOVE LARGE,4529.850,2741,0.047026
538,23389,SPACEBOY MINI BACKPACK,4523.270,1063,0.046957
539,20974,12 PENCILS SMALL TUBE SKULL,4519.630,6964,0.04692
540,22628,PICNIC BOXES SET OF 3 RETROSPOT,4502.110,941,0.046738
541,23184,BULL DOG BOTTLE OPENER,4494.640,836,0.04666
542,22645,CERAMIC HEART FAIRY CAKE MONEY BANK,4494.140,2052,0.046655
543,22549,PICTURE DOMINOES,4483.520,2987,0.046545
544,22938,CUPCAKE LACE PAPER SET 6,4478.650,2363,0.046494
545,22417,PACK OF 60 SPACEBOY CAKE CASES,4478.490,8271,0.046492
546,22813,PACK 3 BOXES BIRD PANNETONE,4476.970,2307,0.046477
547,82551,LAUNDRY 15C METAL SIGN,4476.240,2879,0.046469
548,84987,SET OF 36 TEATIME PAPER DOILIES,4462.470,3045,0.046326
549,23177,TREASURE ISLAND BOOK BOX,4461.250,2009,0.046313
550,22082,RIBBON REEL STRIPES DESIGN,4459.020,2566,0.04629
551,22110,BIRD HOUSE HOT WATER BOTTLE,4445.220,1066,0.046147
552,22089,PAPER BUNTING VINTAGE PAISLEY,4439.730,1417,0.04609
553,21833,CAMOUFLAGE LED TORCH,4434.870,2642,0.04604
554,23288,GREEN VINTAGE SPOT BEAKER,4428.220,4608,0.045971
555,21906,PHARMACIE FIRST AID TIN,4403.940,574,0.045719
556,23168,CLASSIC CAFE SUGAR DISPENSER,4371.970,3170,0.045387
557,23570,TRADITIONAL PICK UP STICKS GAME,4361.370,2364,0.045277
558,23351,"ROLL WRAP 50'S CHRISTMAS",4354.720,3247,0.045208
559,23241,TREASURE TIN GYMKHANA DESIGN,4350.590,2030,0.045165
560,22775,PURPLE DRAWERKNOB ACRYLIC EDWARDIAN,4344.900,3020,0.045106
561,85049A,TRADITIONAL CHRISTMAS RIBBONS,4324.130,3066,0.04489
562,23163,REGENCY SUGAR TONGS,4310.980,1751,0.044753
563,16014,SMALL CHINESE STYLE SCISSOR,4306.360,13258,0.044706
564,21934,SKULL SHOULDER BAG,4290.870,2318,0.044545
565,23494,VINTAGE DOILY DELUXE SEWING KIT,4276.640,652,0.044397
566,22721,SET OF 3 CAKE TINS SKETCHBOOK,4252.320,849,0.044145
567,84692,BOX OF 24 COCKTAIL PARASOLS,4220.640,7684,0.043816
568,22626,BLACK KITCHEN SCALES,4199.930,493,0.043601
569,20975,12 PENCILS SMALL TUBE RED RETROSPOT,4188.270,6333,0.04348
570,23050,RECYCLED ACAPULCO MAT GREEN,4187.160,488,0.043468
571,23112,PARISIENNE CURIO CABINET,4172.720,511,0.043318
572,23167,SMALL CERAMIC TOP STORAGE JAR,4171.750,5433,0.043308
573,21498,RED RETROSPOT WRAP,4154.420,10151,0.043128
574,23275,SET OF 3 HANGING OWLS OLLIE BEAK,4139.740,3427,0.042976
575,22661,CHARLOTTE BAG DOLLY GIRL DESIGN,4127.890,5098,0.042853
576,22694,WICKER STAR,4119.700,1788,0.042768
577,23306,SET OF 36 DOILIES PANTRY DESIGN,4116.090,2805,0.04273
578,23309,SET OF 60 I LOVE LONDON CAKE CASES,4111.700,7464,0.042685
579,22899,"CHILDREN'S APRON DOLLY GIRL",4106.460,1967,0.04263
580,23237,SET OF 4 KNICK KNACK TINS LEAF,4091.790,1009,0.042478
581,22327,ROUND SNACK BOXES SET OF 4 SKULLS,4082.920,1116,0.042386
582,22550,HOLIDAY FUN LUDO,4082.590,1137,0.042382
583,22723,SET OF 6 HERB TINS SKETCHBOOK,4081.700,1036,0.042373
584,20970,PINK FLORAL FELTCRAFT SHOULDER BAG,4070.920,1074,0.042261
585,84509A,SET OF 4 ENGLISH ROSE PLACEMATS,4066.220,981,0.042213
586,21116,OWL DOORSTOP,4035.210,693,0.041891
587,23144,ZINC T-LIGHT HOLDER STARS SMALL,4030.600,4928,0.041843
588,22841,ROUND CAKE TIN VINTAGE GREEN,4030.550,523,0.041842
589,22649,STRAWBERRY FAIRY CAKE TEAPOT,4027.150,776,0.041807
590,22801,ANTIQUE GLASS PEDESTAL BOWL,4016.900,980,0.041701
591,72760B,VINTAGE CREAM 3 BASKET CAKE STAND,4016.040,396,0.041692
592,23110,PARISIENNE KEY CABINET,4012.050,680,0.04165
593,21892,TRADITIONAL WOODEN CATCH CUP GAME,4011.060,2981,0.04164
594,23089,GLASS BON BON JAR,4003.690,2261,0.041563
595,85049E,SCANDINAVIAN REDS RIBBONS,4003.060,2893,0.041557
596,21874,GIN AND TONIC MUG,3986.840,2892,0.041388
597,23009,I LOVE LONDON BABY GIFT SET,3971.560,255,0.04123
598,22219,LOVEBIRD HANGING DECORATION WHITE,3968.690,4073,0.0412
599,23194,GYMKHANA TREASURE BOOK BOX,3968.490,1798,0.041198
600,22942,CHRISTMAS LIGHTS 10 SANTAS,3965.400,471,0.041166
601,23543,WALL ART KEEP CALM,3965.160,512,0.041163
602,22896,PEG BAG APPLES DESIGN,3964.860,1564,0.04116
603,21704,BAG 250g SWIRLY MARBLES,3964.680,5070,0.041158
604,22431,WATERING CAN BLUE ELEPHANT,3961.180,2042,0.041122
605,23255,CHILDRENS CUTLERY CIRCUS PARADE,3956.120,980,0.04107
606,72351B,SET/6 PINK  BUTTERFLY T-LIGHTS,3936.590,2064,0.040867
607,20675,BLUE POLKADOT BOWL,3925.900,3081,0.040756
608,23340,VINTAGE CHRISTMAS CAKE FRILL,3913.740,2438,0.04063
609,23129,HEART SHAPED HOLLY WREATH,3908.240,932,0.040573
610,22951,60 CAKE CASES DOLLY GIRL DESIGN,3903.850,7338,0.040527
611,22956,36 FOIL HEART CAKE CASES,3900.440,1945,0.040492
612,22148,EASTER CRAFT 4 CHICKS,3894.050,1921,0.040425
613,23349,ROLL WRAP VINTAGE CHRISTMAS,3893.500,2944,0.040419
614,22489,PACK OF 12 TRADITIONAL CRAYONS,3891.280,9302,0.040396
615,20682,RED RETROSPOT CHILDRENS UMBRELLA,3889.070,1141,0.040374
616,21041,RED RETROSPOT OVEN GLOVE DOUBLE,3888.980,914,0.040373
617,23012,GLASS APOTHECARY BOTTLE PERFUME,3887.310,999,0.040355
618,22117,METAL SIGN HER DINNER IS SERVED,3881.700,1315,0.040297
619,22980,PANTRY SCRUBBING BRUSH,3878.720,2350,0.040266
620,21749,LARGE RED RETROSPOT WINDMILL,3877.090,1963,0.040249
621,84792,ENCHANTED BIRD COATHANGER 5 HOOK,3867.710,812,0.040152
622,23049,RECYCLED ACAPULCO MAT RED,3863.840,452,0.040112
623,22890,NOVELTY BISCUITS CAKE STAND 3 TIER,3860.150,379,0.040073
624,23557,LANDMARK FRAME BAKER STREET,3855.310,345,0.040023
625,23032,DRAWER KNOB CRACKLE GLAZE IVORY,3853.680,2328,0.040006
626,22131,FOOD CONTAINER SET 3 LOVE HEART,3850.210,1999,0.03997
627,23404,HOME SWEET HOME BLACKBOARD,3848.760,825,0.039955
628,23130,MISTLETOE HEART WREATH GREEN,3839.590,927,0.03986
629,37370,RETRO COFFEE MUGS ASSORTED,3839.010,2567,0.039854
630,21716,BOYS VINTAGE TIN SEASIDE BUCKET,3835.510,1416,0.039817
631,22222,CAKE PLATE LOVEBIRD WHITE,3830.460,1051,0.039765
632,23131,MISTLETOE HEART WREATH CREAM,3823.530,939,0.039693
633,21110,LARGE CAKE TOWEL PINK SPOTS,3815.700,1105,0.039612
634,22493,PAINT YOUR OWN CANVAS SET,3811.810,2362,0.039571
635,22842,BISCUIT TIN VINTAGE RED,3809.920,588,0.039552
636,23253,16 PIECE CUTLERY SET PANTRY DESIGN,3783.670,255,0.039279
637,21244,BLUE POLKADOT PLATE,3782.740,2280,0.03927
638,22274,FELTCRAFT DOLL EMILY,3776.810,1283,0.039208
639,22350,ILLUSTRATED CAT BOWL,3773.670,1391,0.039176
640,21746,SMALL RED RETROSPOT WINDMILL,3766.930,3075,0.039106
641,21243,PINK  POLKADOT PLATE,3753.610,2250,0.038967
642,23299,FOOD COVER WITH BEADS SET 2,3743.040,1008,0.038858
643,21527,RED RETROSPOT TRADITIONAL TEAPOT,3724.990,477,0.03867
644,23064,CINDERELLA CHANDELIER,3717.560,221,0.038593
645,21658,GLASS  BEURRE DISH,3709.780,878,0.038512
646,22854,CREAM SWEETHEART EGG HOLDER,3708.520,767,0.038499
647,23081,GREEN METAL BOX ARMY SUPPLIES,3707.370,441,0.038487
648,22656,VINTAGE BLUE KITCHEN CABINET,3685.000,26,0.038255
649,22577,WOODEN HEART CHRISTMAS SCANDINAVIAN,3678.720,9888,0.03819
650,21260,FIRST AID TIN,3676.600,1148,0.038168
651,22926,IVORY GIANT GARDEN THERMOMETER,3656.850,594,0.037963
652,21531,RED RETROSPOT SUGAR JAM BOWL,3656.670,1506,0.037961
653,23091,ZINC HERB GARDEN CONTAINER,3656.320,580,0.037957
654,22596,CHRISTMAS STAR WISH LIST CHALKBOARD,3630.650,2669,0.037691
655,22236,CAKE STAND 3 TIER MAGIC GARDEN,3624.600,308,0.037628
656,22738,RIBBON REEL SNOWY VILLAGE,3624.190,2070,0.037624
657,23182,TOILET SIGN OCCUPIED OR VACANT,3609.670,3688,0.037473
658,22053,EMPIRE DESIGN ROSETTE,3606.420,4244,0.037439
659,22812,PACK 3 BOXES CHRISTMAS PANNETONE,3600.500,1721,0.037378
660,85132C,CHARLIE AND LOLA FIGURES TINS,3587.190,1523,0.03724
661,84968C,SET OF 16 VINTAGE PISTACHIO CUTLERY,3585.990,317,0.037227
662,23092,LARGE ANTIQUE WHITE PHOTO FRAME,3583.200,501,0.037198
663,22061,LARGE CAKE STAND  HANGING STRAWBERY,3569.060,362,0.037051
664,22468,BABUSHKA LIGHTS STRING OF 10,3566.090,509,0.037021
665,22378,WALL TIDY RETROSPOT,3565.040,2266,0.03701
666,21890,S/6 WOODEN SKITTLES IN COTTON BAG,3556.700,1114,0.036923
667,23127,FELTCRAFT GIRL NICOLE KIT,3555.160,696,0.036907
668,20717,STRAWBERRY SHOPPER BAG,3526.170,2837,0.036606
669,22348,TEA BAG PLATE RED RETROSPOT,3524.410,4034,0.036588
670,22180,RETROSPOT LAMP,3521.540,330,0.036558
671,23530,WALL ART ONLY ONE PERSON,3520.390,828,0.036546
672,22195,LARGE HEART MEASURING SPOONS,3519.660,1884,0.036539
673,23294,SET OF 6 SNACK LOAF BAKING CASES,3511.920,4302,0.036458
674,21992,VINTAGE PAISLEY STATIONERY SET,3510.720,1901,0.036446
675,23569,TRADTIONAL ALPHABET STAMP SET,3509.440,696,0.036432
676,22688,DOORMAT PEACE ON EARTH BLUE,3503.160,703,0.036367
677,22212,FOUR HOOK  WHITE LOVEBIRDS,3502.350,1527,0.036359
678,21715,GIRLS VINTAGE TIN SEASIDE BUCKET,3492.150,1326,0.036253
679,22760,"TRAY, BREAKFAST IN BED",3491.860,275,0.03625
680,23191,BUNDLE OF 3 RETRO NOTE BOOKS,3480.470,2119,0.036132
681,21703,BAG 125g SWIRLY MARBLES,3463.510,9248,0.035956
682,22908,PACK OF 20 NAPKINS RED APPLES,3460.580,4238,0.035925
683,22809,SET OF 6 T-LIGHTS SANTA,3458.330,1143,0.035902
684,21974,SET OF 36 PAISLEY FLOWER DOILIES,3451.020,2161,0.035826
685,84508A,CAMOUFLAGE DESIGN TEDDY,3448.050,1631,0.035795
686,22669,RED BABY BUNTING,3429.970,1091,0.035607
687,23065,LARGE DECO JEWELLERY STAND,3427.440,273,0.035581
688,21238,RED RETROSPOT CUP,3422.480,3907,0.03553
689,22800,ANTIQUE TALL SWIRLGLASS TRINKET POT,3422.310,841,0.035528
690,21385,IVORY HANGING DECORATION  HEART,3401.860,3838,0.035316
691,23210,WHITE ROCKING HORSE HAND PAINTED,3368.420,2718,0.034968
692,79000,MOROCCAN TEA GLASS,3357.340,4162,0.034853
693,22739,RIBBON REEL CHRISTMAS SOCK BAUBLE,3346.910,1728,0.034745
694,85053,FRENCH ENAMEL CANDLEHOLDER,3339.820,1541,0.034672
695,23013,GLASS APOTHECARY BOTTLE TONIC,3339.100,850,0.034664
696,82580,BATHROOM METAL SIGN,3335.570,5683,0.034627
697,23232,WRAP VINTAGE LEAF DESIGN,3331.920,8276,0.03459
698,23189,SET OF 12 FORK CANDLES,3319.610,1189,0.034462
699,23156,SET OF 5 MINI GROCERY MAGNETS,3317.210,1614,0.034437
700,21463,MIRRORED DISCO BALL,3314.200,626,0.034406
701,47567B,TEA TIME KITCHEN APRON,3305.160,588,0.034312
702,22855,FINE WICKER HEART,3301.730,2642,0.034276
703,22578,WOODEN STAR CHRISTMAS SCANDINAVIAN,3292.300,9230,0.034178
704,23111,PARISIENNE SEWING BOX,3289.760,267,0.034152
705,22435,SET OF 9 HEART SHAPED BALLOONS,3285.750,2614,0.03411
706,21494,ROTATING LEAVES T-LIGHT HOLDER,3282.460,1816,0.034076
707,23353,6 GIFT TAGS VINTAGE CHRISTMAS,3278.380,3778,0.034034
708,22244,3 HOOK HANGER MAGIC GARDEN,3276.210,1703,0.034011
709,22782,SET 3 WICKER STORAGE BASKETS,3275.200,236,0.034001
710,21745,GAOLERS KEYS DECORATIVE GARDEN,3272.710,879,0.033975
711,23332,IVORY WICKER HEART LARGE,3272.150,1899,0.033969
712,23388,WOODLAND MINI BACKPACK,3270.280,786,0.03395
713,22300,COFFEE MUG DOG + BALL DESIGN,3269.380,1476,0.03394
714,23193,BUFFALO BILL TREASURE BOOK BOX,3261.290,1515,0.033856
715,23085,ANTIQUE SILVER BAUBLE LAMP,3260.430,340,0.033847
716,22967,SET 3 SONG BIRD PAPER EGGS ASSORTED,3253.710,1165,0.033778
717,84968A,SET OF 16 VINTAGE ROSE CUTLERY,3251.880,271,0.033759
718,23014,GLASS APOTHECARY BOTTLE ELIXIR,3251.050,825,0.03375
719,23536,WALL ART VILLAGE SHOW,3250.050,597,0.03374
720,21868,POTTING SHED TEA MUG,3243.300,2472,0.03367
721,21497,FANCY FONTS BIRTHDAY WRAP,3242.500,8125,0.033661
722,22029,SPACEBOY BIRTHDAY CARD,3241.090,7797,0.033647
723,22432,WATERING CAN PINK BUNNY,3236.090,1655,0.033595
724,22962,JAM JAR WITH PINK LID,3235.470,3846,0.033588
725,22430,ENAMEL WATERING CAN CREAM,3231.440,615,0.033546
726,23354,"6 GIFT TAGS 50'S CHRISTMAS",3223.790,3553,0.033467
727,22687,DOORMAT CHRISTMAS VILLAGE,3221.180,582,0.03344
728,23426,METAL SIGN DROP YOUR PANTS,3216.030,1205,0.033386
729,22065,CHRISTMAS PUDDING TRINKET POT,3213.320,6202,0.033358
730,22567,20 DOLLY PEGS RETROSPOT,3200.830,2414,0.033229
731,22079,RIBBON REEL HEARTS DESIGN,3198.330,1829,0.033203
732,72807C,SET/3 VANILLA SCENTED CANDLE IN BOX,3186.500,726,0.03308
733,23053,RECYCLED ACAPULCO MAT PINK,3179.810,357,0.03301
734,21429,RED GINGHAM ROSE JEWELLERY BOX,3178.540,1637,0.032997
735,23230,WRAP ALPHABET DESIGN,3175.920,7876,0.03297
736,23051,RECYCLED ACAPULCO MAT BLUE,3173.730,361,0.032947
737,22746,"POPPY'S PLAYHOUSE LIVINGROOM",3171.370,1420,0.032923
738,22460,EMBOSSED GLASS TEALIGHT HOLDER,3166.760,2479,0.032875
739,23239,SET OF 4 KNICK KNACK TINS POPPIES,3161.950,757,0.032825
740,22491,PACK OF 12 COLOURED PENCILS,3156.500,3916,0.032768
741,22778,GLASS CLOCHE SMALL,3146.820,808,0.032668
742,23350,ROLL WRAP VINTAGE SPOT,3139.550,2485,0.032593
743,21135,VICTORIAN  METAL POSTCARD SPRING,3135.020,2827,0.032546
744,22653,BUTTON BOX,3109.060,1714,0.032276
745,23342,MINT DINER WALL CLOCK,3108.410,365,0.032269
746,21993,FLORAL FOLK STATIONERY SET,3104.890,1804,0.032233
747,84032A,CHARLIE+LOLA PINK HOT WATER BOTTLE,3101.480,851,0.032197
748,21381,MINI WOODEN HAPPY BIRTHDAY GARLAND,3101.460,1801,0.032197
749,22360,GLASS JAR ENGLISH CONFECTIONERY,3099.850,991,0.03218
750,20754,RETROSPOT RED WASHING UP GLOVES,3088.860,1457,0.032066
751,21240,BLUE POLKADOT CUP,3078.950,3535,0.031963
752,21561,DINOSAUR LUNCH BOX WITH CUTLERY,3072.260,1266,0.031894
753,23308,SET OF 60 VINTAGE LEAF CAKE CASES,3070.110,5701,0.031872
754,23393,HOME SWEET HOME CUSHION COVER,3048.040,764,0.031643
755,23346,SPACEBOY BEAKER,3026.450,2568,0.031418
756,22892,SET OF SALT AND PEPPER TOADSTOOLS,3021.600,2472,0.031368
757,23035,DRAWER KNOB CERAMIC IVORY,3018.910,2075,0.03134
758,22187,GREEN CHRISTMAS TREE CARD HOLDER,3010.640,1230,0.031254
759,22810,SET OF 6 T-LIGHTS SNOWMEN,3010.280,940,0.031251
760,22894,TABLECLOTH RED APPLES DESIGN,3007.480,303,0.031221
761,23395,BELLE JARDINIERE CUSHION COVER,3005.300,694,0.031199
762,20973,12 PENCIL SMALL TUBE WOODLAND,3002.870,4213,0.031174
763,22972,"CHILDREN'S SPACEBOY MUG",2993.410,1752,0.031075
764,22564,ALPHABET STENCIL CRAFT,2978.720,2639,0.030923
765,22311,OFFICE MUG WARMER BLACK+SILVER,2966.530,971,0.030796
766,20828,GLITTER BUTTERFLY CLIPS,2966.250,1093,0.030793
767,22945,CHRISTMAS METAL TAGS ASSORTED,2956.120,2949,0.030688
768,21714,CITRONELLA CANDLE GARDEN POT,2954.110,1610,0.030667
769,22563,HAPPY STENCIL CRAFT,2953.210,2480,0.030658
770,22777,GLASS CLOCHE LARGE,2951.530,352,0.030641
771,85184C,S/4 VALENTINE DECOUPAGE HEART BOX,2947.490,1639,0.030599
772,21588,RETROSPOT GIANT TUBE MATCHES,2947.350,1267,0.030597
773,22331,WOODLAND PARTY BAG + STICKER SET,2937.230,1821,0.030492
774,23231,WRAP DOILEY DESIGN,2924.340,7077,0.030358
775,21201,TROPICAL  HONEYCOMB PAPER GARLAND,2922.500,1221,0.030339
776,22604,SET OF 4 NAPKIN CHARMS CUTLERY,2921.770,1218,0.030332
777,16161P,WRAP ENGLISH ROSE,2917.420,7051,0.030287
778,21918,SET 12 KIDS COLOUR  CHALK STICKS,2904.250,7105,0.03015
779,23056,FLOWERS CHANDELIER T-LIGHT HOLDER,2898.120,963,0.030086
780,22843,BISCUIT TIN VINTAGE GREEN,2891.230,449,0.030015
781,35004B,SET OF 3 BLACK FLYING DUCKS,2880.310,567,0.029901
782,21112,"SWISS ROLL TOWEL, PINK  SPOTS",2879.340,1358,0.029891
783,21625,VINTAGE UNION JACK APRON,2869.320,400,0.029787
784,22774,RED DRAWER KNOB ACRYLIC EDWARDIAN,2856.750,2242,0.029657
785,23329,DECORATIVE WICKER HEART LARGE,2855.050,1657,0.029639
786,22354,RETROSPOT PADDED SEAT CUSHION,2853.520,749,0.029623
787,22078,RIBBON REEL LACE DESIGN,2839.210,1329,0.029475
788,22965,3 TRADITIONAl BISCUIT CUTTERS  SET,2837.600,1343,0.029458
789,21313,GLASS HEART T-LIGHT HOLDER,2834.830,3259,0.029429
790,23542,"WALL ART 70'S ALPHABET",2828.320,368,0.029362
791,23427,STOOL HOME SWEET HOME,2823.080,234,0.029307
792,23323,WHITE WICKER STAR,2822.610,1333,0.029302
793,85174,S/4 CACTI CANDLES,2815.120,601,0.029225
794,21976,PACK OF 60 MUSHROOM CAKE CASES,2812.720,5108,0.0292
795,47559B,TEA TIME OVEN GLOVE,2810.540,2100,0.029177
796,21115,ROSE CARAVAN DOORSTOP,2803.470,403,0.029104
797,22426,ENAMEL WASH BOWL CREAM,2803.300,733,0.029102
798,22797,CHEST OF DRAWERS GINGHAM HEART,2801.120,161,0.029079
799,47599B,BLUE PARTY BAGS,2797.120,1468,0.029038
800,22930,BAKING MOULD HEART MILK CHOCOLATE,2793.950,1092,0.029005
801,23345,DOLLY GIRL BEAKER,2781.490,2373,0.028875
802,21499,BLUE POLKADOT WRAP,2767.340,6827,0.028729
803,22925,BLUE GIANT GARDEN THERMOMETER,2757.470,449,0.028626
804,85178,VICTORIAN SEWING KIT,2746.970,2473,0.028517
805,22823,CHEST NATURAL WOOD 20 DRAWERS,2745.000,24,0.028497
806,22465,HANGING METAL STAR LANTERN,2741.050,1606,0.028456
807,23211,RED ROCKING HORSE HAND PAINTED,2735.320,2197,0.028396
808,23242,TREASURE TIN BUFFALO BILL,2734.860,1325,0.028391
809,22963,JAM JAR WITH GREEN LID,2734.770,3252,0.02839
810,22644,CERAMIC CHERRY CAKE MONEY BANK,2733.040,1631,0.028372
811,22906,12 MESSAGE CARDS WITH ENVELOPES,2732.180,1596,0.028364
812,22794,SWEETHEART WIRE MAGAZINE RACK,2721.300,318,0.028251
813,23504,PLAYING CARDS JUBILEE UNION JACK,2709.090,1820,0.028124
814,23196,VINTAGE LEAF MAGNETIC NOTEPAD,2705.280,1808,0.028084
815,23190,BUNDLE OF 3 SCHOOL EXERCISE BOOKS,2697.550,1663,0.028004
816,72802C,VANILLA SCENT CANDLE JEWELLED BOX,2696.480,1396,0.027993
817,22762,CUPBOARD 3 DRAWER MA CAMPAGNE,2696.330,165,0.027991
818,22927,GREEN GIANT GARDEN THERMOMETER,2693.080,429,0.027958
819,22380,TOY TIDY SPACEBOY,2689.310,1197,0.027918
820,21985,PACK OF 12 HEARTS DESIGN TISSUES,2689.280,8682,0.027918
821,23147,SINGLE ANTIQUE ROSE HOOK IVORY,2688.400,1824,0.027909
822,23290,SPACEBOY CHILDRENS BOWL,2683.140,2247,0.027854
823,21811,HANGING HEART WITH BELL,2682.400,4850,0.027847
824,23390,DOLLY GIRL MINI BACKPACK,2680.420,662,0.027826
825,22773,GREEN DRAWER KNOB ACRYLIC EDWARDIAN,2679.640,2033,0.027818
826,20829,GLITTER HANGING BUTTERFLY STRING,2676.890,1294,0.02779
827,22702,BLACK AND WHITE CAT BOWL,2676.390,1361,0.027784
828,21239,PINK  POLKADOT CUP,2670.290,2977,0.027721
829,23164,REGENCY CAKE SLICE,2668.970,571,0.027707
830,22974,CHILDRENS DOLLY GIRL MUG,2668.680,1565,0.027704
831,21990,MODERN FLORAL STATIONERY SET,2666.550,1577,0.027682
832,22283,6 EGG HOUSE PAINTED WOOD,2662.940,292,0.027645
833,21781,MA CAMPAGNE CUTLERY BOX,2661.800,168,0.027633
834,22224,WHITE LOVEBIRD LANTERN,2658.410,803,0.027598
835,22433,WATERING CAN GREEN DINOSAUR,2651.670,1387,0.027528
836,22329,ROUND CONTAINER SET OF 5 RETROSPOT,2628.970,1591,0.027292
837,22582,PACK OF 6 SWEETIE GIFT BOXES,2623.990,1052,0.02724
838,21810,CHRISTMAS HANGING STAR WITH BELL,2623.370,5301,0.027234
839,22130,PARTY CONE CHRISTMAS DECORATION,2618.730,2223,0.027186
840,22592,CARDHOLDER HOLLY WREATH METAL,2617.720,590,0.027175
841,84568,GIRLS ALPHABET IRON ON PATCHES,2617.010,12296,0.027168
842,23212,HEART WREATH DECORATION WITH BELL,2610.560,2118,0.027101
843,22045,SPACEBOY GIFT WRAP,2610.340,6377,0.027099
844,22830,UTILTY CABINET WITH HOOKS,2610.290,131,0.027098
845,22241,GARLAND WOODEN HAPPY EASTER,2609.430,1952,0.027089
846,23396,LE JARDIN BOTANIQUE CUSHION COVER,2604.830,621,0.027041
847,22833,HALL CABINET WITH 3 DRAWERS,2603.530,76,0.027028
848,22700,BLACK AND WHITE DOG BOWL,2602.180,1196,0.027014
849,23100,SILVER BELLS TABLE DECORATION,2593.330,2054,0.026922
850,22660,DOORMAT I LOVE LONDON,2591.660,352,0.026905
851,22902,TOTE BAG I LOVE LONDON,2591.490,1271,0.026903
852,22691,DOORMAT WELCOME SUNRISE,2580.480,360,0.026789
853,21735,TWO DOOR CURIO CABINET,2577.450,212,0.026757
854,22933,BAKING MOULD EASTER EGG MILK CHOC,2577.180,938,0.026754
855,22990,COTTON APRON PANTRY DESIGN,2572.200,524,0.026703
856,22737,RIBBON REEL CHRISTMAS PRESENT,2565.540,1335,0.026634
857,23333,IVORY WICKER HEART MEDIUM,2562.950,1983,0.026607
858,35961,FOLKART ZINC HEART CHRISTMAS DEC,2561.450,2912,0.026591
859,22196,SMALL HEART MEASURING SPOONS,2559.680,2665,0.026573
860,22822,CREAM WALL PLANTER HEART SHAPED,2558.390,430,0.026559
861,23054,RECYCLED ACAPULCO MAT LAVENDER,2555.170,291,0.026526
862,23146,TRIPLE HOOK ANTIQUE IVORY ROSE,2549.580,766,0.026468
863,21500,PINK POLKADOT WRAP,2540.500,6225,0.026374
864,84832,ZINC WILLIE WINKIE  CANDLE STICK,2540.190,2764,0.02637
865,21078,SET/20 STRAWBERRY PAPER NAPKINS,2531.040,2769,0.026275
866,23292,SPACEBOY CHILDRENS CUP,2526.840,2038,0.026232
867,22805,BLUE DRAWER KNOB ACRYLIC EDWARDIAN,2526.140,1864,0.026225
868,23266,SET OF 3 WOODEN STOCKING DECORATION,2524.900,1904,0.026212
869,22610,PENS ASSORTED FUNNY FACE,2523.520,9320,0.026197
870,22937,BAKING MOULD CHOCOLATE CUPCAKES,2522.720,958,0.026189
871,72351A,SET/6 TURQUOISE BUTTERFLY T-LIGHTS,2519.020,1259,0.026151
872,22361,GLASS JAR DAISY FRESH COTTON WOOL,2516.840,712,0.026128
873,21556,CERAMIC STRAWBERRY MONEY BOX,2515.520,977,0.026114
874,22072,RED RETROSPOT TEA CUP AND SAUCER,2514.920,643,0.026108
875,23341,PINK DINER WALL CLOCK,2505.420,279,0.026009
876,84596B,SMALL DOLLY MIX DESIGN ORANGE BOWL,2495.090,4887,0.025902
877,21452,TOADSTOOL MONEY BOX,2461.880,791,0.025557
878,22165,"DIAMANTE HEART SHAPED WALL MIRROR,",2458.190,218,0.025519
879,22278,OVERNIGHT BAG VINTAGE ROSE PAISLEY,2457.960,380,0.025517
880,23407,SET OF 2 TRAYS HOME SWEET HOME,2443.910,241,0.025371
881,21730,GLASS STAR FROSTED T-LIGHT HOLDER,2435.110,503,0.02528
882,22358,KINGS CHOICE TEA CADDY,2434.870,673,0.025277
883,22672,FRENCH BATHROOM SIGN BLUE METAL,2427.110,1429,0.025196
884,23264,SET OF 3 WOODEN SLEIGH DECORATIONS,2423.300,1779,0.025157
885,22175,PINK OWL SOFT TOY,2416.110,813,0.025082
886,84796B,BLUE SAVANNAH PICNIC HAMPER FOR 2,2393.590,256,0.024849
887,23400,SHELF WITH 4 HOOKS HOME SWEET HOME,2390.590,458,0.024817
888,85062,PEARL CRYSTAL PUMPKIN T-LIGHT HLDR,2380.060,1434,0.024708
889,23028,DRAWER KNOB CRACKLE GLAZE BLUE,2377.130,1369,0.024678
890,84969,BOX OF 6 ASSORTED COLOUR TEASPOONS,2368.480,554,0.024588
891,21903,MAN FLU METAL SIGN,2365.910,1099,0.024561
892,22374,AIRLINE BAG VINTAGE JET SET RED,2364.730,535,0.024549
893,23316,RED REFECTORY CLOCK,2362.220,238,0.024523
894,22440,BALLOON WATER BOMB PACK OF 35,2358.240,5970,0.024482
895,22670,FRENCH WC SIGN BLUE METAL,2357.150,1764,0.02447
896,22437,SET OF 9 BLACK SKULL BALLOONS,2356.110,2757,0.024459
897,21328,BALLOONS  WRITING SET,2356.090,1315,0.024459
898,23412,HEART MIRROR ANTIQUE WHITE,2354.800,358,0.024446
899,22851,SET 20 NAPKINS FAIRY CAKES DESIGN,2350.080,2721,0.024397
900,22548,HEADS AND TAILS SPORTING FUN,2348.940,1975,0.024385
901,22064,PINK DOUGHNUT TRINKET POT,2346.190,1319,0.024356
902,11001,ASSTD DESIGN RACING CAR PEN,2344.260,1593,0.024336
903,22792,FLUTED ANTIQUE CANDLE HOLDER,2342.490,2493,0.024318
904,21012,ANTIQUE ALL GLASS CANDLESTICK,2338.730,1029,0.024279
905,23048,SET OF 10 LANTERNS FAIRY LIGHT STAR,2331.040,570,0.024199
906,20977,36 PENCILS TUBE WOODLAND,2328.640,1739,0.024174
907,22167,OVAL WALL MIRROR DIAMANTE,2328.110,229,0.024169
908,22282,12 EGG HOUSE PAINTED WOOD,2328.060,146,0.024168
909,21700,BIG DOUGHNUT FRIDGE MAGNETS,2323.040,1712,0.024116
910,23406,HOME SWEET HOME KEY HOLDER,2322.740,442,0.024113
911,21875,KINGS CHOICE MUG,2322.530,1982,0.024111
912,23424,GINGHAM RECIPE BOOK BOX,2319.350,433,0.024078
913,20983,12 PENCILS TALL TUBE RED RETROSPOT,2317.570,2677,0.024059
914,21563,RED HEART SHAPE LOVE BUCKET,2316.700,782,0.02405
915,22070,SMALL RED RETROSPOT MUG IN BOX,2305.850,940,0.023938
916,22425,ENAMEL COLANDER CREAM,2296.380,454,0.023839
917,22829,SWEETHEART WIRE WALL TIDY,2295.430,227,0.023829
918,21495,SKULLS AND CROSSBONES WRAP,2293.000,5650,0.023804
919,21411,GINGHAM HEART  DOORSTOP RED,2292.460,484,0.023799
920,16156S,WRAP PINK FAIRY CAKES,2289.000,5700,0.023763
921,20978,36 PENCILS TUBE SKULLS,2288.250,1722,0.023755
922,23436,VINTAGE CHRISTMAS GIFT BAG LARGE,2287.830,1926,0.023751
923,23437,"50'S CHRISTMAS GIFT BAG LARGE",2283.990,1876,0.023711
924,85175,CACTI T-LIGHT CANDLES,2278.900,5321,0.023658
925,23367,SET 12 COLOUR PENCILS SPACEBOY,2271.450,2975,0.023581
926,21896,POTTING SHED TWINE,2268.590,978,0.023551
927,21109,LARGE CAKE TOWEL CHOCOLATE SPOTS,2266.670,693,0.023531
928,23360,SET 8 CANDLES VINTAGE DOILY,2262.770,1171,0.02349
929,37500,TEA TIME TEAPOT IN GIFT BOX,2256.370,365,0.023424
930,21069,VINTAGE BILLBOARD TEA MUG,2250.520,1949,0.023363
931,23252,VINTAGE RED ENAMEL TRIM JUG,2239.110,597,0.023245
932,84950,ASSORTED COLOUR T-LIGHT HOLDER,2233.670,3535,0.023188
933,23352,"ROLL WRAP 50'S RED CHRISTMAS",2222.170,1652,0.023069
934,22807,SET OF 6 T-LIGHTS TOADSTOOLS,2217.970,714,0.023025
935,23489,VINTAGE BELLS GARLAND,2216.830,747,0.023014
936,21794,CLASSIC FRENCH STYLE BASKET NATURAL,2213.420,522,0.022978
937,23330,DECORATIVE WICKER HEART MEDIUM,2213.380,1739,0.022978
938,23029,DRAWER KNOB CRACKLE GLAZE GREEN,2211.520,1296,0.022958
939,22983,CARD BILLBOARD FONT,2211.260,5188,0.022956
940,22914,BLUE COAT RACK PARIS FASHION,2209.930,459,0.022942
941,21989,PACK OF 20 SKULL PAPER NAPKINS,2205.540,2383,0.022896
942,46000S,POLYESTER FILLER PAD 40x40cm,2205.450,1521,0.022895
943,23265,SET OF 3 WOODEN TREE DECORATIONS,2203.250,1631,0.022873
944,22030,SWALLOWS GREETING CARD,2193.660,5450,0.022773
945,22215,CAKE STAND WHITE TWO TIER LACE,2189.260,252,0.022727
946,23371,SET 36 COLOUR PENCILS SPACEBOY,2184.010,1620,0.022673
947,22743,MAKE YOUR OWN FLOWERPOWER CARD KIT,2182.510,681,0.022657
948,22939,APRON APPLE DELIGHT,2180.170,419,0.022633
949,21471,STRAWBERRY RAFFIA FOOD COVER,2177.820,626,0.022609
950,21042,RED RETROSPOT APRON,2169.210,330,0.022519
951,85049G,CHOCOLATE BOX RIBBONS,2167.380,1647,0.0225
952,21878,PACK OF 6 SANDCASTLE FLAGS ASSORTED,2163.200,2517,0.022457
953,23079,TOADSTOOL BEDSIDE LIGHT,2162.800,244,0.022453
954,22441,GROW YOUR OWN BASIL IN ENAMEL MUG,2160.890,988,0.022433
955,21982,PACK OF 12 SUKI TISSUES,2156.910,7055,0.022391
956,23497,CLASSIC CHROME BICYCLE BELL,2155.410,1517,0.022376
957,23093,SMALL PARISIENNE HEART PHOTO FRAME,2154.760,914,0.022369
958,22736,RIBBON REEL MAKING SNOWMEN,2151.760,1174,0.022338
959,22377,BOTTLE BAG RETROSPOT,2150.810,1324,0.022328
960,22478,BIRDHOUSE GARDEN MARKER,2145.860,1491,0.022277
961,23020,GLASS  SONGBIRD STORAGE JAR,2141.840,176,0.022235
962,22075,6 RIBBONS ELEGANT CHRISTMAS,2138.900,1262,0.022205
963,37448,CERAMIC CAKE DESIGN SPOTTED MUG,2138.900,1414,0.022205
964,23128,FELTCRAFT BOY JEAN-PAUL KIT,2138.080,426,0.022196
965,23066,SMALL DECO JEWELLERY STAND,2137.810,259,0.022193
966,40016,CHINESE DRAGON PAPER LANTERNS,2136.340,5556,0.022178
967,22128,PARTY CONES CANDY ASSORTED,2127.530,1762,0.022086
968,22573,STAR WOODEN CHRISTMAS DECORATION,2126.020,2386,0.022071
969,21249,WOODLAND  HEIGHT CHART STICKERS,2124.930,715,0.022059
970,22483,RED GINGHAM TEDDY BEAR,2124.820,706,0.022058
971,21900,"KEY FOB , SHED",2123.620,3145,0.022046
972,23161,REGENCY CAKE FORK,2110.860,1701,0.021913
973,22920,HERB MARKER BASIL,2110.410,3366,0.021909
974,10135,COLOURING PENCILS BROWN TUBE,2107.750,2160,0.021881
975,23438,RED SPOT GIFT BAG LARGE,2106.250,1728,0.021866
976,37450,CERAMIC CAKE BOWL + HANGING CAKES,2102.900,710,0.021831
977,22498,WOODEN REGATTA BUNTING,2095.850,330,0.021758
978,22121,NOEL WOODEN BLOCK LETTERS,2095.060,344,0.021749
979,23233,WRAP POPPIES  DESIGN,2095.000,5150,0.021749
980,22601,CHRISTMAS RETROSPOT ANGEL WOOD,2092.950,2349,0.021727
981,23046,PAPER LANTERN 9 POINT DELUXE STAR,2091.540,346,0.021713
982,21609,SET 12 LAVENDER  BOTANICAL T-LIGHTS,2086.690,763,0.021663
983,82581,TOILET METAL SIGN,2086.140,3760,0.021657
984,84356,POMPOM CURTAIN,2085.150,404,0.021647
985,21980,PACK OF 12 RED RETROSPOT TISSUES,2084.320,6595,0.021638
986,21718,RED METAL BEACH SPADE,2083.550,1473,0.02163
987,22732,3D VINTAGE CHRISTMAS STICKERS,2080.080,1592,0.021594
988,22704,WRAP RED APPLES,2074.260,5053,0.021533
989,22811,SET OF 6 T-LIGHTS CACTI,2070.650,721,0.021496
990,23152,IVORY SWEETHEART WIRE LETTER RACK,2069.400,551,0.021483
991,23031,DRAWER KNOB CRACKLE GLAZE PINK,2066.520,1228,0.021453
992,22588,CARD HOLDER GINGHAM HEART,2066.110,665,0.021449
993,23197,SKETCHBOOK MAGNETIC SHOPPING LIST,2056.290,1325,0.021347
994,84032B,CHARLIE + LOLA RED HOT WATER BOTTLE,2051.950,618,0.021302
995,47504K,ENGLISH ROSE GARDEN SECATEURS,2048.660,2018,0.021268
996,23005,TRAVEL CARD WALLET I LOVE LONDON,2046.130,4563,0.021241
997,22863,SOAP DISH BROCANTE,2044.180,710,0.021221
998,22935,BAKING MOULD ROSE MILK CHOCOLATE,2040.560,684,0.021184
999,20751,FUNKY WASHING UP GLOVES ASSORTED,2039.420,970,0.021172
1000,22803,IVORY EMBROIDERED QUILT,2038.090,54,0.021158
1001,22357,KINGS CHOICE BISCUIT TIN,2037.610,437,0.021153
1002,22831,WHITE BROCANTE SOAP DISH,2035.500,694,0.021131
1003,22733,3D TRADITIONAL CHRISTMAS STICKERS,2035.080,1541,0.021127
1004,21813,GARLAND WITH STARS AND BELLS,2032.060,474,0.021095
1005,23403,LETTER HOLDER HOME SWEET HOME,2031.970,588,0.021094
1006,23681,LUNCH BAG RED VINTAGE DOILY,2031.870,1271,0.021093
1007,22156,HEART DECORATION WITH PEARLS,2029.040,2109,0.021064
1008,23445,ICE CREAM BUBBLES,2028.440,2508,0.021058
1009,22747,"POPPY'S PLAYHOUSE BATHROOM",2027.090,933,0.021044
1010,22788,BROCANTE COAT RACK,2025.960,220,0.021032
1011,22973,"CHILDREN'S CIRCUS PARADE MUG",2021.900,1184,0.02099
1012,23268,SET OF 2 CERAMIC CHRISTMAS REINDEER,2018.140,1447,0.020951
1013,22763,KEY CABINET MA CAMPAGNE,2016.940,193,0.020938
1014,23291,DOLLY GIRL CHILDRENS CUP,2016.770,1606,0.020937
1015,22101,MIRROR MOSAIC VOTIVE HOLDER,2015.970,1422,0.020928
1016,23227,FILIGREE HEART BUTTERFLY WHITE,2015.220,1602,0.020921
1017,22996,TRAVEL CARD WALLET VINTAGE TICKET,2015.060,4645,0.020919
1018,22891,TEA FOR ONE POLKADOT,2012.320,406,0.02089
1019,22503,CABIN BAG VINTAGE PAISLEY,2010.120,99,0.020868
1020,22859,EASTER TIN BUNNY BOUQUET,2003.070,1203,0.020794
1021,23251,VINTAGE RED ENAMEL TRIM MUG,2000.910,1612,0.020772
1022,22571,ROCKING HORSE RED CHRISTMAS,2000.510,2243,0.020768
1023,22185,SLATE TILE NATURAL HANGING,1999.730,1173,0.02076
1024,23370,SET 36 COLOURING PENCILS DOILY,1995.990,1441,0.020721
1025,72802B,OCEAN SCENT CANDLE IN JEWELLED BOX,1993.480,1028,0.020695
1026,22955,36 FOIL STAR CAKE CASES,1992.590,980,0.020686
1027,23213,STAR WREATH DECORATION WITH BELL,1991.640,1582,0.020676
1028,22897,OVEN MITT APPLES DESIGN,1990.180,1338,0.020661
1029,22579,WOODEN TREE CHRISTMAS SCANDINAVIAN,1988.020,5167,0.020638
1030,23326,HANGING MINI COLOURED BOTTLES,1986.800,3002,0.020626
1031,23315,IVORY REFECTORY CLOCK,1984.610,205,0.020603
1032,23529,WALL ART DOLLY GIRL,1982.030,630,0.020576
1033,84880,WHITE WIRE EGG HOLDER,1981.950,309,0.020575
1034,23289,DOLLY GIRL CHILDRENS BOWL,1977.650,1598,0.020531
1035,22055,MINI CAKE STAND  HANGING STRAWBERY,1967.810,1105,0.020428
1036,21622,VINTAGE UNION JACK CUSHION COVER,1962.840,376,0.020377
1037,20674,GREEN POLKADOT BOWL,1962.680,1525,0.020375
1038,22932,BAKING MOULD TOFFEE CUP CHOCOLATE,1960.080,868,0.020348
1039,22115,METAL SIGN EMPIRE TEA,1953.240,1476,0.020277
1040,22414,DOORMAT NEIGHBOURHOOD WITCH,1953.170,263,0.020276
1041,22477,WATERING CAN GARDEN MARKER,1950.680,1357,0.020251
1042,22364,GLASS JAR DIGESTIVE BISCUITS,1946.150,605,0.020204
1043,72349B,SET/6 PURPLE BUTTERFLY T-LIGHTS,1945.140,814,0.020193
1044,21506,"FANCY FONT BIRTHDAY CARD,",1943.280,4555,0.020174
1045,23486,ANTIQUE HEART SHELF UNIT,1943.190,115,0.020173
1046,22824,3 TIER SWEETHEART GARDEN SHELF,1938.250,55,0.020122
1047,22412,METAL SIGN NEIGHBOURHOOD WITCH,1931.850,911,0.020055
1048,84968F,SET OF 16 VINTAGE SKY BLUE CUTLERY,1931.170,178,0.020048
1049,21592,RETROSPOT CIGAR BOX MATCHES,1930.280,1588,0.020039
1050,37446,MINI CAKE STAND WITH HANGING CAKES,1929.690,1322,0.020033
1051,22931,BAKING MOULD HEART WHITE CHOCOLATE,1925.050,798,0.019984
1052,23094,LE GRAND TRAY CHIC SET,1924.920,152,0.019983
1053,23068,ALUMINIUM STAMPED HEART,1924.600,792,0.01998
1054,51014A,"FEATHER PEN,HOT PINK",1923.910,3693,0.019973
1055,21192,WHITE BELL HONEYCOMB PAPER,1923.290,1092,0.019966
1056,21591,COSY HOUR CIGAR BOX MATCHES,1919.890,1313,0.019931
1057,22959,WRAP CHRISTMAS VILLAGE,1919.500,4675,0.019927
1058,21916,SET 12 RETRO WHITE CHALK STICKS,1919.480,4505,0.019927
1059,21864,UNION JACK FLAG PASSPORT COVER,1917.100,768,0.019902
1060,22183,CAKE STAND VICTORIAN FILIGREE MED,1916.010,322,0.019891
1061,85038,6 CHOCOLATE LOVE HEART T-LIGHTS,1916.010,930,0.019891
1062,72807A,SET/3 ROSE CANDLE IN JEWELLED BOX,1911.890,401,0.019848
1063,84596F,SMALL MARSHMALLOWS PINK BOWL,1910.630,3605,0.019835
1064,22602,RETROSPOT WOODEN HEART DECORATION,1908.550,2083,0.019813
1065,22291,HANGING CHICK CREAM DECORATION,1906.020,1289,0.019787
1066,22593,CHRISTMAS GINGHAM STAR,1905.750,2100,0.019784
1067,15039,SANDALWOOD FAN,1903.590,2043,0.019762
1068,22080,RIBBON REEL POLKADOTS,1902.850,1147,0.019754
1069,23155,KNICKERBOCKERGLORY MAGNET ASSORTED,1899.790,2215,0.019722
1070,23145,ZINC T-LIGHT HOLDER STAR LARGE,1895.520,1998,0.019678
1071,23228,FILIGREE HEART BIRD WHITE,1894.310,1453,0.019665
1072,23274,STAR T-LIGHT HOLDER WILLIE WINKIE,1892.920,1124,0.019651
1073,35004C,SET OF 3 COLOURED  FLYING DUCKS,1888.100,394,0.019601
1074,23075,PARLOUR CERAMIC WALL HOOK,1885.600,454,0.019575
1075,15058B,PINK POLKADOT GARDEN PARASOL,1885.270,228,0.019572
1076,22059,CERAMIC STRAWBERRY DESIGN MUG,1882.080,1276,0.019538
1077,21107,CREAM SLICE FLANNEL PINK SPOT,1874.920,660,0.019464
1078,22744,MAKE YOUR OWN MONSOON CARD KIT,1872.820,614,0.019442
1079,22198,LARGE POPCORN HOLDER,1870.910,1025,0.019422
1080,21068,VINTAGE BILLBOARD LOVE/HATE MUG,1870.490,1626,0.019418
1081,22186,RED STAR CARD HOLDER,1866.340,806,0.019375
1082,22639,SET OF 4 NAPKIN CHARMS HEARTS,1864.410,726,0.019355
1083,20992,JAZZ HEARTS PURSE NOTEBOOK,1863.050,4219,0.019341
1084,22574,HEART WOODEN CHRISTMAS DECORATION,1862.160,1992,0.019332
1085,22858,EASTER TIN KEEPSAKE,1860.780,1126,0.019317
1086,23490,T-LIGHT HOLDER HANGING LOVE BIRD,1860.350,498,0.019313
1087,72807B,SET/3 OCEAN SCENT CANDLE JEWEL BOX,1855.370,399,0.019261
1088,22928,YELLOW GIANT GARDEN THERMOMETER,1851.860,274,0.019225
1089,21870,I CAN ONLY PLEASE ONE PERSON MUG,1851.460,1407,0.019221
1090,21988,PACK OF 6 SKULL PAPER PLATES,1849.220,2306,0.019197
1091,22312,OFFICE MUG WARMER POLKADOT,1846.160,596,0.019165
1092,21534,DAIRY MAID LARGE MILK JUG,1834.630,361,0.019046
1093,15060B,FAIRY CAKE DESIGN UMBRELLA,1832.420,454,0.019023
1094,22027,TEA PARTY BIRTHDAY CARD,1830.070,4268,0.018998
1095,22534,MAGIC DRAWING SLATE SPACEBOY,1824.500,4385,0.018941
1096,23235,STORAGE TIN VINTAGE LEAF,1821.140,656,0.018906
1097,20963,APPLE BATH SPONGE,1817.900,1273,0.018872
1098,85061W,WHITE JEWELLED HEART DECORATION,1815.920,2069,0.018852
1099,23359,SET OF 12 T-LIGHTS VINTAGE DOILY,1815.760,964,0.01885
1100,23302,KNEELING MAT HOUSEWORK  DESIGN,1814.410,1101,0.018836
1101,15044D,RED PAPER PARASOL,1813.860,642,0.01883
1102,22428,ENAMEL FIRE BUCKET CREAM,1812.600,242,0.018817
1103,21873,"IF YOU CAN'T STAND THE HEAT MUG",1811.140,1606,0.018802
1104,21713,CITRONELLA CANDLE FLOWERPOT,1807.310,782,0.018762
1105,21557,SET OF 6 FUNKY BEAKERS,1799.960,540,0.018686
1106,22223,CAKE PLATE LOVEBIRD PINK,1796.800,437,0.018653
1107,20982,12 PENCILS TALL TUBE SKULLS,1786.100,2048,0.018542
1108,22651,GENTLEMAN SHIRT REPAIR KIT,1783.340,2117,0.018513
1109,22832,BROCANTE SHELF WITH HOOKS,1781.820,162,0.018498
1110,22107,PIZZA PLATE IN BOX,1781.600,458,0.018495
1111,22536,MAGIC DRAWING SLATE PURDEY,1780.430,4696,0.018483
1112,84031A,CHARLIE+LOLA RED HOT WATER BOTTLE,1778.180,323,0.01846
1113,23525,WALL ART BUFFALO BILL,1777.610,560,0.018454
1114,22199,FRYING PAN RED RETROSPOT,1775.140,374,0.018428
1115,70006,LOVE HEART POCKET WARMER,1774.930,2615,0.018426
1116,23160,REGENCY TEA SPOON,1774.800,1442,0.018425
1117,22594,CHRISTMAS GINGHAM TREE,1772.630,1898,0.018402
1118,47570B,TEA TIME TABLE CLOTH,1769.250,187,0.018367
1119,85035C,ROSE 3 WICK MORRIS BOX CANDLE,1769.130,1138,0.018366
1120,23057,BEADED CHANDELIER T-LIGHT HOLDER,1768.670,773,0.018361
1121,21114,LAVENDER SCENTED FABRIC HEART,1765.580,1331,0.018329
1122,23434,"3 RAFFIA RIBBONS 50'S CHRISTMAS",1759.790,1941,0.018269
1123,21832,CHOCOLATE CALCULATOR,1758.810,941,0.018259
1124,22452,MEASURING TAPE BABUSHKA PINK,1754.410,720,0.018213
1125,23378,"PACK OF 12 50'S CHRISTMAS TISSUES",1749.320,3797,0.01816
1126,23148,MINIATURE ANTIQUE ROSE HOOK IVORY,1749.080,2058,0.018158
1127,22200,FRYING PAN PINK POLKADOT,1747.440,354,0.018141
1128,21055,TOOL BOX SOFT TOY,1746.740,176,0.018133
1129,22710,WRAP I LOVE LONDON,1742.920,4426,0.018094
1130,23394,POSTE FRANCE CUSHION COVER,1742.120,412,0.018085
1131,21439,BASKET OF TOADSTOOLS,1740.940,1410,0.018073
1132,16169E,"WRAP 50'S  CHRISTMAS",1734.540,4187,0.018007
1133,23358,HOT STUFF HOT WATER BOTTLE,1725.350,460,0.017911
1134,23374,RED SPOT PAPER GIFT BAG,1724.540,2142,0.017903
1135,21586,KINGS CHOICE GIANT TUBE MATCHES,1721.850,743,0.017875
1136,23357,HOT WATER BOTTLE SEX BOMB,1721.760,367,0.017874
1137,21845,DAIRY MAID STRIPE MUG,1720.300,1906,0.017859
1138,22712,CARD DOLLY GIRL,1716.750,4156,0.017822
1139,22944,CHRISTMAS METAL POSTCARD WITH BELLS,1713.020,3249,0.017783
1140,21034,REX CASH+CARRY JUMBO SHOPPER,1708.100,1798,0.017732
1141,23122,PARTY CHARMS 50 PIECES,1707.840,2232,0.01773
1142,22934,BAKING MOULD EASTER EGG WHITE CHOC,1707.470,589,0.017726
1143,23096,PETIT TRAY CHIC,1707.050,1021,0.017721
1144,23101,SILVER STARS TABLE DECORATION,1703.260,1997,0.017682
1145,85015,SET OF 12  VINTAGE POSTCARD SET,1700.340,2152,0.017652
1146,21899,GARAGE KEY FOB,1699.090,2605,0.017639
1147,20981,12 PENCILS TALL TUBE WOODLAND,1697.220,1923,0.017619
1148,21812,GARLAND WITH HEARTS AND BELLS,1693.510,380,0.017581
1149,51008,AFGHAN SLIPPER SOCK PAIR,1690.550,519,0.01755
1150,23317,BLUE REFECTORY CLOCK,1687.850,165,0.017522
1151,22509,SEWING BOX RETROSPOT DESIGN,1686.090,98,0.017504
1152,84968D,SET OF 16 VINTAGE RED CUTLERY,1685.890,157,0.017502
1153,84510A,SET OF 4 ENGLISH ROSE COASTERS,1680.920,1188,0.01745
1154,23399,HOME SWEET HOME HANGING HEART,1679.480,1871,0.017435
1155,21917,SET 12 KIDS  WHITE CHALK STICKS,1675.060,4088,0.017389
1156,23372,SET 36 COLOUR PENCILS DOLLY GIRL,1673.310,1340,0.017371
1157,21584,RETROSPOT SMALL TUBE MATCHES,1670.750,1015,0.017345
1158,22986,WRAP GINGHAM ROSE,1670.100,4005,0.017338
1159,15058A,BLUE POLKADOT GARDEN PARASOL,1668.490,200,0.017321
1160,16161U,WRAP SUKI AND FRIENDS,1666.500,4025,0.0173
1161,85040A,S/4 PINK FLOWER CANDLES IN BOWL,1666.460,898,0.0173
1162,22332,SKULLS PARTY BAG + STICKER SET,1664.800,1024,0.017283
1163,22852,DOG BOWL VINTAGE CREAM,1664.800,370,0.017283
1164,23501,KEY RING BASEBALL BOOT UNION JACK,1662.600,1338,0.01726
1165,21207,SKULL AND CROSSBONES  GARLAND,1661.790,1053,0.017251
1166,22674,FRENCH TOILET SIGN BLUE METAL,1661.710,1327,0.017251
1167,23500,KEY RING BASEBALL BOOT ASSORTED,1659.490,1351,0.017228
1168,23491,VINTAGE JINGLE BELLS HEART,1658.510,199,0.017217
1169,22227,HANGING HEART MIRROR DECORATION,1658.420,2272,0.017217
1170,84795B,SUNSET CHECK HAMMOCK,1657.420,192,0.017206
1171,23073,GEORGIAN TRINKET BOX,1656.500,139,0.017197
1172,85132A,CHARLIE + LOLA BISCUITS TINS,1653.970,553,0.01717
1173,21578,WOODLAND DESIGN  COTTON TOTE BAG,1652.800,745,0.017158
1174,21329,DINOSAURS  WRITING SET,1651.210,909,0.017142
1175,37340,MULTICOLOUR SPRING FLOWER MUG,1650.560,2504,0.017135
1176,84968E,SET OF 16 VINTAGE BLACK CUTLERY,1647.320,136,0.017101
1177,22562,MONSTERS STENCIL CRAFT,1643.490,1320,0.017062
1178,85034C,3 ROSE MORRIS BOXED CANDLES,1641.590,1056,0.017042
1179,23181,BULL DOG BOTTLE TOP WALL CLOCK,1640.310,191,0.017029
1180,21056,"DOCTOR'S BAG SOFT TOY",1640.040,176,0.017026
1181,23244,ROUND STORAGE TIN VINTAGE LEAF,1639.690,891,0.017022
1182,23401,RUSTIC MIRROR WITH LACE HEART,1638.840,304,0.017013
1183,22913,RED COAT RACK PARIS FASHION,1636.720,347,0.016991
1184,22479,DAISY GARDEN MARKER,1635.140,1128,0.016975
1185,23348,CHILDRENS TOY COOKING UTENSIL SET,1633.810,746,0.016961
1186,22526,WHEELBARROW FOR CHILDREN,1632.630,121,0.016949
1187,21577,SAVE THE PLANET COTTON TOTE BAG,1626.600,709,0.016886
1188,20961,STRAWBERRY BATH SPONGE,1623.250,1142,0.016851
1189,22789,T-LIGHT HOLDER SWEETHEART HANGING,1621.690,827,0.016835
1190,21245,GREEN POLKADOT PLATE,1617.670,962,0.016793
1191,22161,HEART DECORATION RUSTIC HANGING,1613.880,4938,0.016754
1192,21981,PACK OF 12 WOODLAND TISSUES,1612.500,5400,0.01674
1193,21206,STRAWBERRY HONEYCOMB  GARLAND,1610.920,1290,0.016723
1194,23270,SET OF 2 CERAMIC PAINTED HEARTS,1610.030,1151,0.016714
1195,23214,JINGLE BELL HEART ANTIQUE GOLD,1609.820,750,0.016712
1196,22335,HEART DECORATION PAINTED ZINC,1607.490,2316,0.016688
1197,37495,FAIRY CAKE BIRTHDAY CANDLE SET,1607.240,436,0.016685
1198,22476,EMPIRE UNION JACK TV DINNER TRAY,1605.770,252,0.01667
1199,22292,HANGING CHICK  YELLOW DECORATION,1604.510,1136,0.016657
1200,21394,RED POLKADOT BEAKER,1603.770,3865,0.016649
1201,22220,CAKE STAND LOVEBIRD 2 TIER WHITE,1598.500,146,0.016594
1202,22544,MINI JIGSAW SPACEBOY,1589.570,3921,0.016502
1203,22975,SPACEBOY CHILDRENS EGG CUP,1588.740,1184,0.016493
1204,22816,CARD MOTORBIKE SANTA,1585.920,3735,0.016464
1205,21544,SKULLS  WATER TRANSFER TATTOOS,1585.250,1857,0.016457
1206,21626,VINTAGE UNION JACK PENNANT,1584.800,794,0.016452
1207,22853,CAT BOWL VINTAGE CREAM,1584.070,453,0.016445
1208,22449,SILK PURSE BABUSHKA PINK,1583.950,491,0.016443
1209,18097C,WHITE TALL PORCELAIN T-LIGHT HOLDER,1581.090,693,0.016414
1210,23368,SET 12 COLOUR PENCILS DOLLY GIRL,1579.650,2241,0.016399
1211,22671,FRENCH LAUNDRY SIGN BLUE METAL,1579.050,949,0.016393
1212,23287,RED VINTAGE SPOT BEAKER,1578.380,1856,0.016386
1213,22284,HEN HOUSE DECORATION,1573.980,914,0.01634
1214,22305,COFFEE MUG PINK PAISLEY DESIGN,1573.980,681,0.01634
1215,22037,ROBOT BIRTHDAY CARD,1572.210,3628,0.016322
1216,22445,PENCIL CASE LIFE IS BEAUTIFUL,1572.210,524,0.016322
1217,85206A,CREAM FELT EASTER EGG BASKET,1568.930,974,0.016287
1218,21706,FOLDING UMBRELLA RED/WHITE POLKADOT,1567.250,337,0.01627
1219,23462,ROCOCO WALL MIRROR WHITE,1567.140,78,0.016269
1220,22314,OFFICE MUG WARMER CHOC+BLUE,1565.890,465,0.016256
1221,21967,PACK OF 12 SKULL TISSUES,1562.100,5232,0.016217
1222,22419,LIPSTICK PEN RED,1561.380,3154,0.016209
1223,23090,VINTAGE GLASS T-LIGHT HOLDER,1559.090,1851,0.016185
1224,21744,SNOWFLAKE PORTABLE TABLE LIGHT,1557.650,529,0.01617
1225,23226,FILIGREE HEART DAISY WHITE,1554.170,1213,0.016134
1226,22583,PACK OF 6 HANDBAG GIFT BOXES,1552.970,569,0.016122
1227,22375,AIRLINE BAG VINTAGE JET SET BROWN,1551.300,334,0.016104
1228,23505,PLAYING CARDS I LOVE LONDON,1545.120,1117,0.01604
1229,21528,DAIRY MAID TRADITIONAL TEAPOT,1544.280,214,0.016032
1230,46000M,POLYESTER FILLER PAD 45x45cm,1542.250,995,0.016011
1231,22473,TV DINNER TRAY VINTAGE PAISLEY,1541.140,461,0.015999
1232,21898,POTTING SHED ROSE CANDLE,1541.110,493,0.015999
1233,21913,VINTAGE SEASIDE JIGSAW PUZZLES,1539.620,392,0.015983
1234,10133,COLOURING PENCILS BROWN TUBE,1539.600,2856,0.015983
1235,22494,EMERGENCY FIRST AID TIN,1539.000,1073,0.015977
1236,23273,HEART T-LIGHT HOLDER WILLIE WINKIE,1538.600,912,0.015973
1237,22176,BLUE OWL SOFT TOY,1536.880,512,0.015955
1238,22799,SWEETHEART WIRE FRUIT BOWL,1534.580,177,0.015931
1239,84279P,CHERRY BLOSSOM  DECORATIVE FLASK,1534.130,371,0.015926
1240,21509,COWBOYS AND INDIANS BIRTHDAY CARD,1531.190,3650,0.015896
1241,22828,REGENCY MIRROR WITH SHUTTERS,1530.000,10,0.015883
1242,22318,FIVE HEART HANGING DECORATION,1529.930,459,0.015883
1243,22398,MAGNETS PACK OF 4 SWALLOWS,1525.940,2413,0.015841
1244,22154,ANGEL DECORATION 3 BUTTONS,1524.730,3498,0.015829
1245,22676,FRENCH BLUE METAL DOOR SIGN 1,1522.210,1112,0.015802
1246,22434,BALLOON PUMP WITH 10 BALLOONS,1521.430,769,0.015794
1247,22313,OFFICE MUG WARMER PINK,1520.290,535,0.015783
1248,22085,PAPER CHAIN KIT SKULLS,1516.800,537,0.015746
1249,22208,WOOD STAMP SET THANK YOU,1515.170,1453,0.015729
1250,20665,RED RETROSPOT PURSE,1511.530,455,0.015692
1251,21200,MULTICOLOUR HONEYCOMB PAPER GARLAND,1511.400,1113,0.01569
1252,21352,EUCALYPTUS & PINECONE  WREATH,1511.260,378,0.015689
1253,22948,METAL DECORATION NAUGHTY CHILDREN,1510.060,1516,0.015676
1254,21361,LOVE LARGE WOOD LETTERS,1505.960,106,0.015634
1255,23391,I LOVE LONDON MINI BACKPACK,1499.570,363,0.015567
1256,23366,SET 12 COLOURING PENCILS DOILY,1498.500,2016,0.015556
1257,21792,CLASSIC FRENCH STYLE BASKET GREEN,1497.720,344,0.015548
1258,84971S,SMALL HEART FLOWERS HOOK,1497.240,1674,0.015543
1259,85034B,3 WHITE CHOC MORRIS BOXED CANDLES,1494.040,871,0.01551
1260,20985,HEART CALCULATOR,1492.160,1148,0.015491
1261,85049C,ROMANTIC PINKS RIBBONS,1491.980,1197,0.015489
1262,37342,POLKADOT COFFEE CUP & SAUCER PINK,1489.010,1570,0.015458
1263,84828,JUNGLE POPSICLES ICE LOLLY MOULDS,1487.890,1067,0.015446
1264,22770,MIRROR CORNICE,1485.780,92,0.015424
1265,22530,MAGIC DRAWING SLATE DOLLY GIRL,1484.540,3552,0.015411
1266,22982,PANTRY PASTRY BRUSH,1483.120,1120,0.015397
1267,22076,6 RIBBONS EMPIRE,1482.410,906,0.015389
1268,35924,HANGING FAIRY CAKE DECORATION,1480.170,819,0.015366
1269,22985,WRAP BILLBOARD FONTS DESIGN,1479.440,3732,0.015358
1270,21447,12 IVORY ROSE PEG PLACE SETTINGS,1478.100,969,0.015345
1271,22731,3D CHRISTMAS STAMPS STICKERS,1471.710,1130,0.015278
1272,22675,FRENCH KITCHEN SIGN BLUE METAL,1470.400,1178,0.015265
1273,22285,HANGING HEN ON NEST DECORATION,1470.160,857,0.015262
1274,22818,CARD CHRISTMAS VILLAGE,1468.500,3438,0.015245
1275,23528,WALL ART SPACEBOY,1463.400,472,0.015192
1276,84818,DANISH ROSE PHOTO FRAME,1460.810,1423,0.015165
1277,21829,DINOSAUR KEYRINGS ASSORTED,1460.740,6765,0.015164
1278,22119,PEACE WOODEN BLOCK LETTERS,1459.440,210,0.015151
1279,23280,FOLDING BUTTERFLY MIRROR HOT PINK,1454.720,1828,0.015102
1280,22475,SKULL DESIGN TV DINNER TRAY,1453.750,264,0.015092
1281,22461,SAVOY ART DECO CLOCK,1453.580,239,0.01509
1282,23267,SET OF 4 SANTA PLACE SETTINGS,1449.930,1148,0.015052
1283,35953,FOLKART STAR CHRISTMAS DECORATIONS,1445.490,3191,0.015006
1284,84884A,ANT WHITE WIRE HEART SPIRAL,1442.100,322,0.014971
1285,22474,SPACEBOY TV DINNER TRAY,1440.580,236,0.014955
1286,22591,CARDHOLDER GINGHAM CHRISTMAS TREE,1436.480,402,0.014912
1287,23369,SET 36 COLOUR PENCILS LOVE LONDON,1435.330,1001,0.014901
1288,85054,FRENCH ENAMEL POT W LID,1430.630,587,0.014852
1289,21470,FLOWER VINE RAFFIA FOOD COVER,1429.150,372,0.014836
1290,22095,LADS ONLY TISSUE BOX,1427.370,1487,0.014818
1291,23250,VINTAGE RED TRIM ENAMEL BOWL,1427.280,1096,0.014817
1292,21327,SKULLS WRITING SET,1425.690,835,0.0148
1293,23034,DRAWER KNOB CERAMIC BLACK,1425.360,968,0.014797
1294,15044A,PINK PAPER PARASOL,1424.490,455,0.014788
1295,22458,CAST IRON HOOK GARDEN FORK,1421.830,523,0.01476
1296,21407,BROWN CHECK CAT DOORSTOP,1421.110,290,0.014753
1297,22696,WICKER WREATH LARGE,1419.400,712,0.014735
1298,15058C,ICE CREAM DESIGN GARDEN PARASOL,1419.030,239,0.014731
1299,23334,IVORY WICKER HEART SMALL,1416.990,2173,0.01471
1300,23217,LAUREL HEART ANTIQUE SILVER,1416.960,1137,0.01471
1301,84580,MOUSE TOY WITH PINK T-SHIRT,1416.780,372,0.014708
1302,23365,SET 12 COLOUR PENCILS LOVE LONDON,1416.580,1791,0.014706
1303,22713,CARD I LOVE LONDON,1414.710,3390,0.014686
1304,22949,36 DOILIES DOLLY GIRL,1414.630,955,0.014686
1305,23524,WALL ART HORSE & PONY,1411.620,448,0.014654
1306,23271,CHRISTMAS TABLE SILVER CANDLE SPIKE,1411.170,1647,0.01465
1307,23249,VINTAGE RED ENAMEL TRIM PLATE,1407.950,831,0.014616
1308,85114C,RED ENCHANTED FOREST PLACEMAT,1405.460,656,0.01459
1309,23470,CARD HOLDER LOVE BIRD LARGE,1404.290,224,0.014578
1310,23086,ZINC  STAR T-LIGHT HOLDER,1404.050,1190,0.014576
1311,21363,HOME SMALL WOOD LETTERS,1403.940,243,0.014575
1312,22600,CHRISTMAS RETROSPOT STAR WOOD,1401.050,1550,0.014545
1313,21424,WOODLAND STORAGE BOX LARGE,1401.020,346,0.014544
1314,21111,"SWISS ROLL TOWEL, CHOCOLATE  SPOTS",1399.320,700,0.014527
1315,22714,CARD BIRTHDAY COWBOY,1398.180,3454,0.014515
1316,23055,IVORY CHANDELIER T-LIGHT HOLDER,1395.180,657,0.014484
1317,22443,GROW YOUR OWN HERBS SET OF 3,1391.740,164,0.014448
1318,21872,GLAMOROUS  MUG,1391.690,1243,0.014448
1319,22531,MAGIC DRAWING SLATE CIRCUS PARADE,1385.530,3318,0.014384
1320,84031B,CHARLIE LOLA BLUE HOT WATER BOTTLE,1383.930,270,0.014367
1321,21071,VINTAGE BILLBOARD DRINK ME MUG,1380.280,991,0.014329
1322,23119,PACK OF 6 LARGE FRUIT STRAWS,1379.290,2255,0.014319
1323,23414,ZINC BOX SIGN HOME,1378.750,141,0.014313
1324,21382,SET/4 SPRING FLOWER DECORATION,1374.280,1140,0.014267
1325,23483,HANGING  BUTTERFLY T-LIGHT HOLDER,1373.310,1105,0.014257
1326,21519,GIN & TONIC DIET GREETING CARD,1373.270,3262,0.014256
1327,84536A,ENGLISH ROSE NOTEBOOK A7 SIZE,1370.260,3043,0.014225
1328,51014C,"FEATHER PEN,COAL BLACK",1369.880,2612,0.014221
1329,22436,12 COLOURED PARTY BALLOONS,1369.310,2090,0.014215
1330,23527,WALL ART ANIMALS AND NATURE,1368.560,404,0.014207
1331,21507,"ELEPHANT, BIRTHDAY CARD,",1368.240,3204,0.014204
1332,22664,TOY TIDY DOLLY GIRL DESIGN,1365.660,590,0.014177
1333,21619,4 VANILLA BOTANICAL CANDLES,1365.410,905,0.014175
1334,22471,TV DINNER TRAY AIR HOSTESS,1364.940,367,0.01417
1335,21564,PINK  HEART SHAPE LOVE BUCKET,1359.990,445,0.014118
1336,22203,MILK PAN RED RETROSPOT,1357.080,327,0.014088
1337,85232B,SET OF 3 BABUSHKA STACKING TINS,1356.300,274,0.01408
1338,22976,CIRCUS PARADE CHILDRENS EGG CUP,1354.050,1039,0.014057
1339,22047,EMPIRE GIFT WRAP,1352.500,3325,0.014041
1340,21686,MEDINA STAMPED METAL STOOL,1351.640,35,0.014032
1341,22677,FRENCH BLUE METAL DOOR SIGN 2,1351.520,970,0.014031
1342,21039,RED RETROSPOT SHOPPING BAG,1351.140,522,0.014027
1343,22306,SILVER MUG BONE CHINA TREE OF LIFE,1350.130,1100,0.014016
1344,22363,GLASS JAR MARMALADE,1348.790,473,0.014002
1345,22071,SMALL WHITE RETROSPOT MUG IN BOX,1346.840,720,0.013982
1346,22912,YELLOW COAT RACK PARIS FASHION,1342.390,287,0.013936
1347,21191,LARGE WHITE HONEYCOMB PAPER BELL,1339.120,518,0.013902
1348,21537,RED RETROSPOT PUDDING BOWL,1336.960,320,0.013879
1349,21246,RED RETROSPOT BIG BOWL,1336.780,286,0.013877
1350,22073,RED RETROSPOT STORAGE JAR,1336.140,334,0.013871
1351,22293,HANGING CHICK GREEN DECORATION,1335.870,903,0.013868
1352,21987,PACK OF 6 SKULL PAPER CUPS,1334.290,2097,0.013852
1353,22609,PENS ASSORTED SPACEBALL,1332.910,5757,0.013837
1354,22905,CALENDAR IN SEASON DESIGN,1332.640,484,0.013835
1355,22911,PAPER CHAIN KIT LONDON,1331.540,454,0.013823
1356,22472,TV DINNER TRAY DOLLY GIRL,1330.410,248,0.013811
1357,21123,SET/10 IVORY POLKADOT PARTY CANDLES,1329.650,1096,0.013803
1358,20668,DISCO BALL CHRISTMAS DECORATION,1326.200,11409,0.013768
1359,23392,SPACEBOY ROCKET LOLLY MAKERS,1323.850,611,0.013743
1360,22182,CAKE STAND VICTORIAN FILIGREE SMALL,1320.580,292,0.013709
1361,72802A,ROSE SCENT CANDLE IN JEWELLED BOX,1319.360,312,0.013697
1362,23000,TRAVEL CARD WALLET TRANSPORT,1318.480,3068,0.013688
1363,23104,IVORY CAFE HANGING LAMP,1317.920,111,0.013682
1364,22399,MAGNETS PACK OF 4 CHILDHOOD MEMORY,1317.080,1128,0.013673
1365,22716,CARD CIRCUS PARADE,1316.500,3106,0.013667
1366,21820,GLITTER HEART GARLAND WITH BELLS,1315.970,315,0.013661
1367,21179,NO JUNK MAIL METAL SIGN,1313.790,1940,0.013639
1368,22362,GLASS JAR PEACOCK BATH SALTS,1309.010,403,0.013589
1369,23538,WALL ART VINTAGE HEART,1308.850,328,0.013588
1370,21195,PINK  HONEYCOMB PAPER BALL,1308.560,693,0.013585
1371,85183B,CHARLIE & LOLA WASTEPAPER BIN FLORA,1308.370,984,0.013583
1372,84813,SET OF 4 DIAMOND NAPKIN RINGS,1308.240,137,0.013581
1373,22922,FRIDGE MAGNETS US DINER ASSORTED,1305.300,1437,0.013551
1374,22802,FAUX FUR CHOCOLATE THROW,1303.740,67,0.013534
1375,82567,"AIRLINE LOUNGE,METAL SIGN",1302.220,655,0.013519
1376,21627,ELEPHANT CARNIVAL POUFFE,1299.830,63,0.013494
1377,22735,RIBBON REEL SOCKS AND MITTENS,1299.800,723,0.013494
1378,22421,LIPSTICK PEN FUSCHIA,1299.510,2512,0.013491
1379,22917,HERB MARKER ROSEMARY,1298.590,1882,0.013481
1380,23061,VINTAGE EMBOSSED HEART,1297.760,989,0.013472
1381,23376,PACK OF 12 VINTAGE CHRISTMAS TISSUE,1296.060,2836,0.013455
1382,21422,PORCELAIN ROSE SMALL,1295.000,1607,0.013444
1383,85227,SET OF 6 3D KIT CARDS FOR KIDS,1293.160,1411,0.013425
1384,21615,4 LAVENDER BOTANICAL DINNER CANDLES,1292.520,867,0.013418
1385,23546,WRAP PAISLEY PARK,1291.500,3075,0.013407
1386,21793,CLASSIC FRENCH STYLE BASKET BROWN,1289.150,303,0.013383
1387,22915,ASSORTED BOTTLE TOP  MAGNETS,1286.420,2648,0.013355
1388,23552,BICYCLE PUNCTURE REPAIR KIT,1286.120,623,0.013352
1389,21818,GLITTER HEART DECORATION,1284.890,2653,0.013339
1390,22028,PENNY FARTHING BIRTHDAY CARD,1284.870,3001,0.013339
1391,22166,WALL MIRROR RECTANGLE DIAMANTE PINK,1283.830,108,0.013328
1392,23469,CARD HOLDER LOVE BIRD SMALL,1280.590,319,0.013294
1393,37447,CERAMIC CAKE DESIGN SPOTTED PLATE,1274.230,795,0.013228
1394,23072,MARIE ANTOINETTE TRINKET BOX SILVER,1273.760,334,0.013223
1395,21211,SET OF 72 SKULL PAPER  DOILIES,1270.070,883,0.013185
1396,22916,HERB MARKER THYME,1268.350,1845,0.013167
1397,21897,POTTING SHED CANDLE CITRONELLA,1268.190,405,0.013165
1398,22576,SWALLOW WOODEN CHRISTMAS DECORATION,1264.560,1380,0.013128
1399,22310,IVORY KNITTED MUG COSY,1261.650,654,0.013098
1400,21624,VINTAGE UNION JACK DOORSTOP,1260.700,206,0.013088
1401,21090,SET/6 COLLAGE PAPER PLATES,1260.090,2387,0.013081
1402,23559,WOODLAND BUNNIES LOLLY MAKERS,1258.430,563,0.013064
1403,22304,COFFEE MUG BLUE PAISLEY DESIGN,1257.020,718,0.013049
1404,47503A,ASS FLORAL PRINT MULTI SCREWDRIVER,1254.120,2734,0.013019
1405,85114A,BLACK ENCHANTED FOREST PLACEMAT,1253.710,690,0.013015
1406,22650,CERAMIC PIRATE CHEST MONEY BANK,1252.890,822,0.013007
1407,21866,UNION JACK FLAG LUGGAGE TAG,1251.450,722,0.012992
1408,90057,DIAMANTE RING ASSORTED IN BOX.,1251.360,960,0.012991
1409,85059,FRENCH ENAMEL WATER BASIN,1250.690,407,0.012984
1410,23040,PAPER LANTERN 9 POINT SNOW STAR,1249.890,231,0.012975
1411,23221,REINDEER HEART DECORATION SILVER,1247.740,1426,0.012953
1412,23373,VINTAGE CHRISTMAS PAPER GIFT BAG,1246.390,1550,0.012939
1413,22572,ROCKING HORSE GREEN CHRISTMAS,1244.670,1380,0.012921
1414,22439,6 ROCKET BALLOONS,1241.720,1828,0.012891
1415,71038,WHITE HANGING BEADS CANDLE HOLDER,1239.500,238,0.012868
1416,22977,DOLLY GIRL CHILDRENS EGG CUP,1239.060,944,0.012863
1417,72817,SET OF 2 CHRISTMAS DECOUPAGE CANDLE,1232.270,1212,0.012793
1418,85132B,CHARLIE AND LOLA TABLE TINS,1230.780,538,0.012777
1419,21902,"KEY FOB , FRONT  DOOR",1230.160,1923,0.012771
1420,22918,HERB MARKER PARSLEY,1229.490,1809,0.012764
1421,23138,SINGLE WIRE HOOK IVORY HEART,1224.930,877,0.012716
1422,21901,"KEY FOB , BACK DOOR",1224.860,1763,0.012716
1423,23067,HANGING ENGRAVED METAL HEART,1224.210,291,0.012709
1424,22372,AIRLINE BAG VINTAGE WORLD CHAMPION,1222.120,266,0.012687
1425,23142,IVORY WIRE KITCHEN ORGANISER,1220.820,121,0.012674
1426,82599,"FANNY'S REST STOPMETAL SIGN",1217.730,508,0.012642
1427,22575,METAL MERRY CHRISTMAS WREATH,1214.270,635,0.012606
1428,22315,200 RED + WHITE BENDY STRAWS,1213.970,913,0.012603
1429,21620,SET OF 4 ROSE BOTANICAL CANDLES,1207.510,731,0.012535
1430,22168,ORGANISER WOOD ANTIQUE WHITE,1205.300,143,0.012513
1431,23071,MARIE ANTOINETTE TRINKET BOX GOLD,1205.100,315,0.01251
1432,22999,TRAVEL CARD WALLET RETRO PETALS,1204.840,2793,0.012508
1433,23511,EMBROIDERED RIBBON REEL EMILY,1204.290,552,0.012502
1434,21262,WHITE GOOSE FEATHER CHRISTMAS TREE,1200.760,321,0.012465
1435,22929,SCHOOL DESK AND CHAIR,1199.750,19,0.012455
1436,22063,CERAMIC BOWL WITH STRAWBERRY DESIGN,1197.870,381,0.012435
1437,22754,SMALL RED BABUSHKA NOTEBOOK,1191.290,1335,0.012367
1438,23026,DRAWER KNOB VINTAGE GLASS STAR,1186.480,550,0.012317
1439,22613,PACK OF 20 SPACEBOY NAPKINS,1186.130,1496,0.012314
1440,22919,HERB MARKER MINT,1184.780,1705,0.0123
1441,22416,SET OF 36 DOILIES SPACEBOY DESIGN,1184.720,850,0.012299
1442,21986,PACK OF 12 PINK POLKADOT TISSUES,1181.830,4033,0.012269
1443,23539,"WALL ART LOVES' SECRET",1179.790,240,0.012248
1444,84012,MAGIC SHEEP WOOL GROWING FROM PAPER,1178.590,1141,0.012235
1445,23405,HOME SWEET HOME 2 DRAWER CABINET,1178.330,231,0.012233
1446,22686,FRENCH BLUE METAL DOOR SIGN No,1176.460,870,0.012213
1447,21070,VINTAGE BILLBOARD MUG,1172.680,1101,0.012174
1448,22129,PARTY CONES CANDY DECORATION,1172.300,1166,0.01217
1449,20984,12 PENCILS TALL TUBE POSY,1166.070,3785,0.012105
1450,84313C,ORANGE TV TRAY TABLE,1165.910,504,0.012104
1451,21846,PINK DIAMANTE PEN IN GIFT BOX,1163.910,418,0.012083
1452,23431,NATURAL HANGING QUILTED HEARTS,1161.270,1437,0.012055
1453,22711,WRAP CIRCUS PARADE,1160.840,2802,0.012051
1454,20801,LARGE PINK GLASS SUNDAE DISH,1157.800,1013,0.012019
1455,85199S,SMALL HANGING IVORY/RED WOOD BIRD,1151.740,2404,0.011957
1456,22334,DINOSAUR PARTY BAG + STICKER SET,1147.510,699,0.011913
1457,21628,TRIANGULAR POUFFE VINTAGE,1146.700,62,0.011904
1458,22325,MOBILE VINTAGE HEARTS,1146.350,249,0.011901
1459,22921,HERB MARKER CHIVES,1145.420,1669,0.011891
1460,22074,6 RIBBONS SHIMMERING PINKS,1145.230,1216,0.011889
1461,85106,CUT GLASS HEXAGON T-LIGHT HOLDER,1142.310,649,0.011859
1462,21616,4 PEAR BOTANICAL DINNER CANDLES,1142.080,764,0.011856
1463,21043,APRON MODERN VINTAGE COTTON,1139.860,492,0.011833
1464,22603,CHRISTMAS RETROSPOT TREE WOOD,1139.810,1292,0.011833
1465,22299,PIG KEYRING WITH LIGHT & SOUND,1139.380,850,0.011828
1466,21395,BLUE POLKADOT BEAKER,1139.060,2838,0.011825
1467,21773,DECORATIVE ROSE BATHROOM BOTTLE,1136.950,1163,0.011803
1468,22497,SET OF 2 TINS VINTAGE BATHROOM,1136.650,223,0.0118
1469,85159B,"WHITE TEA,COFFEE,SUGAR JARS",1134.500,622,0.011778
1470,23508,MINI PLAYING CARDS DOLLY GIRL,1132.880,2563,0.011761
1471,23507,MINI PLAYING CARDS BUFFALO BILL,1131.370,2830,0.011745
1472,85087,CANDY SPOT CUSHION COVER,1129.990,339,0.011731
1473,22320,BIRDS MOBILE VINTAGE DESIGN,1129.420,186,0.011725
1474,85039B,S/4 IVORY MINI ROSE CANDLE IN BOWL,1128.970,778,0.01172
1475,22589,CARDHOLDER GINGHAM STAR,1128.500,362,0.011715
1476,22680,FRENCH BLUE METAL DOOR SIGN 5,1126.570,818,0.011695
1477,22597,MUSICAL ZINC HEART DECORATION,1126.470,2531,0.011694
1478,21774,DECORATIVE CATS BATHROOM BOTTLE,1125.340,1084,0.011682
1479,21947,SET OF 6 HEART CHOPSTICKS,1124.850,804,0.011677
1480,23515,EMBROIDERED RIBBON REEL DAISY,1123.410,560,0.011662
1481,23523,WALL ART TREASURE AHOY,1121.310,346,0.011641
1482,84944,SET OF 6 KASHMIR FOLKART BAUBLES,1120.260,710,0.01163
1483,22708,WRAP DOLLY GIRL,1118.000,2700,0.011606
1484,47585A,PINK FAIRY CAKE CUSHION COVER,1114.440,260,0.011569
1485,22094,RED RETROSPOT TISSUE BOX,1113.160,2110,0.011556
1486,84912B,GREEN ROSE WASHBAG,1113.110,317,0.011556
1487,23225,CHERUB HEART DECORATION SILVER,1111.140,1294,0.011535
1488,22060,LARGE CAKE STAND HANGING HEARTS,1111.050,231,0.011534
1489,22081,RIBBON REEL FLORA + FAUNA,1110.550,609,0.011529
1490,20956,PORCELAIN T-LIGHT HOLDERS ASSORTED,1109.020,792,0.011513
1491,21830,ASSORTED CREEPY CRAWLIES,1107.070,2621,0.011493
1492,85116,BLACK CANDELABRA T-LIGHT HOLDER,1106.880,941,0.011491
1493,22444,GROW YOUR OWN PLANT IN A CAN,1106.620,838,0.011488
1494,47580,TEA TIME DES TEA COSY,1106.520,384,0.011487
1495,22678,FRENCH BLUE METAL DOOR SIGN 3,1105.380,808,0.011475
1496,21809,CHRISTMAS HANGING TREE WITH BELL,1105.050,1931,0.011472
1497,23269,SET OF 2 CERAMIC CHRISTMAS TREES,1104.990,753,0.011471
1498,23510,MINI PLAYING CARDS GYMKHANA,1102.940,2493,0.01145
1499,21824,PAINTED METAL STAR WITH HOLLY BELLS,1102.420,1916,0.011445
1500,21705,BAG 500g SWIRLY MARBLES,1101.490,625,0.011435
1501,21688,SILVER PLATE CANDLE BOWL SMALL,1101.280,348,0.011433
1502,22742,MAKE YOUR OWN PLAYTIME CARD KIT,1100.740,366,0.011427
1503,85039A,SET/4 RED MINI ROSE CANDLE IN BOWL,1098.330,718,0.011402
1504,23418,LAVENDER TOILETTE BOTTLE,1097.390,525,0.011392
1505,22211,WOOD STAMP SET FLOWERS,1096.810,992,0.011386
1506,22376,AIRLINE BAG VINTAGE JET SET WHITE,1095.160,244,0.011369
1507,72800E,4 IVORY DINNER CANDLES SILVER FLOCK,1093.610,431,0.011353
1508,21984,PACK OF 12 PINK PAISLEY TISSUES,1093.090,3417,0.011348
1509,23513,EMBROIDERED RIBBON REEL SUSIE,1089.330,555,0.011309
1510,23411,TRELLIS COAT RACK,1088.910,221,0.011304
1511,85127,SMALL SQUARE CUT GLASS CANDLESTICK,1086.620,185,0.011281
1512,23433,HANGING QUILTED PATCHWORK APPLES,1085.340,1230,0.011267
1513,22342,HOME GARLAND PAINTED ZINC,1085.260,989,0.011266
1514,22817,CARD SUKI BIRTHDAY,1082.890,2563,0.011242
1515,21065,BOOM BOX SPEAKER GIRLS,1082.870,539,0.011242
1516,82578,KITCHEN METAL SIGN,1080.450,1758,0.011216
1517,22608,PENS ASSORTED FUNKY JEWELED,1080.260,5070,0.011214
1518,22984,CARD GINGHAM ROSE,1080.140,2656,0.011213
1519,84459B,YELLOW METAL CHICKEN HEART,1079.670,721,0.011208
1520,47480,HANGING PHOTO CLIP ROPE LADDER,1079.040,633,0.011202
1521,22611,VINTAGE UNION JACK SHOPPING BAG,1077.030,225,0.011181
1522,22453,MEASURING TAPE BABUSHKA BLUE,1076.640,405,0.011177
1523,21466,RED FLOWER CROCHET FOOD COVER,1075.720,295,0.011167
1524,23506,MINI PLAYING CARDS SPACEBOY,1073.340,2598,0.011143
1525,22819,"BIRTHDAY CARD, RETRO SPOT",1073.310,2533,0.011142
1526,22755,SMALL PURPLE BABUSHKA NOTEBOOK,1073.080,1213,0.01114
1527,22815,CARD PSYCHEDELIC APPLES,1073.060,2519,0.01114
1528,21693,SMALL HAMMERED SILVER CANDLEPOT,1072.510,349,0.011134
1529,22338,STAR DECORATION PAINTED ZINC,1071.560,4134,0.011124
1530,23102,SILVER HEARTS TABLE DECORATION,1070.050,1268,0.011108
1531,22245,"HOOK, 1 HANGER ,MAGIC GARDEN",1070.000,1262,0.011108
1532,23087,ZINC  HEART T-LIGHT HOLDER,1068.520,859,0.011093
1533,85036C,ROSE 1 WICK MORRIS BOXED CANDLE,1066.860,742,0.011075
1534,23041,PAPER LANTERN 9 POINT SNOW STAR,1066.510,253,0.011072
1535,23375,"50'S CHRISTMAS PAPER GIFT BAG",1066.290,1304,0.011069
1536,85035B,CHOCOLATE 3 WICK MORRIS BOX CANDLE,1062.570,620,0.011031
1537,22539,MINI JIGSAW DOLLY GIRL,1060.000,2570,0.011004
1538,21224,SET/4 SKULL BADGES,1059.630,893,0.011
1539,21469,POLKA DOT RAFFIA FOOD COVER,1059.070,283,0.010994
1540,84459A,PINK METAL CHICKEN HEART,1058.180,716,0.010985
1541,23033,DRAWER KNOB CERAMIC RED,1057.450,713,0.010978
1542,21391,FRENCH LAVENDER SCENT HEART,1055.590,1069,0.010958
1543,23402,HOME SWEET HOME 3 PEG HANGER,1053.810,278,0.01094
1544,23444,Next Day Carriage,1050.000,69,0.0109
1545,35648,VINTAGE BEAD PINK PURSE,1049.500,967,0.010895
1546,23327,HANGING CLEAR MINI BOTTLE,1048.620,1730,0.010886
1547,21742,LARGE ROUND WICKER PLATTER,1048.580,174,0.010886
1548,23432,PRETTY HANGING QUILTED HEARTS,1048.520,1228,0.010885
1549,22309,TEA COSY RED  STRIPE,1045.990,357,0.010859
1550,22997,TRAVEL CARD WALLET UNION JACK,1044.620,2434,0.010844
1551,21464,DISCO BALL ROTATOR BATTERY OPERATED,1042.500,246,0.010822
1552,22155,STAR DECORATION RUSTIC,1041.330,2285,0.01081
1553,22152,PLACE SETTING WHITE STAR,1040.480,2377,0.010802
1554,51014L,"FEATHER PEN,LIGHT PINK",1040.460,1999,0.010801
1555,22066,LOVE HEART TRINKET POT,1038.570,2223,0.010782
1556,85180A,RED HEARTS LIGHT CHAIN,1033.530,502,0.010729
1557,21064,BOOM BOX SPEAKER BOYS,1032.170,195,0.010715
1558,21949,SET OF 6 STRAWBERRY CHOPSTICKS,1031.050,791,0.010704
1559,21821,GLITTER STAR GARLAND WITH BELLS,1029.590,250,0.010688
1560,21288,STRIPEY CHOCOLATE NESTING BOXES,1028.510,345,0.010677
1561,20967,GREY FLORAL FELTCRAFT SHOULDER BAG,1027.940,265,0.010671
1562,23347,I LOVE LONDON BEAKER,1027.580,827,0.010668
1563,20966,SANDWICH BATH SPONGE,1022.800,719,0.010618
1564,22286,DECORATION WOBBLY RABBIT METAL,1022.100,1122,0.010611
1565,21188,3D HEARTS  HONEYCOMB PAPER GARLAND,1021.900,326,0.010609
1566,22995,TRAVEL CARD WALLET SUKI,1020.240,2313,0.010591
1567,21408,SPOTTY PINK DUCK DOORSTOP,1019.050,179,0.010579
1568,22459,CAST IRON HOOK GARDEN TROWEL,1018.190,386,0.01057
1569,22860,EASTER TIN CHICKS PINK DAISY,1017.770,589,0.010566
1570,21991,BOHEMIAN COLLAGE STATIONERY SET,1017.670,599,0.010565
1571,22091,EMPIRE TISSUE BOX,1017.530,1972,0.010563
1572,15044C,PURPLE PAPER PARASOL,1017.090,311,0.010559
1573,21508,VINTAGE KID DOLLY CARD,1013.420,2414,0.010521
1574,21819,GLITTER CHRISTMAS STAR,1012.910,2344,0.010515
1575,20931,BLUE POT PLANT CANDLE,1010.610,280,0.010491
1576,23516,EMBROIDERED RIBBON REEL SOPHIE,1009.850,283,0.010484
1577,21617,4 LILY  BOTANICAL DINNER CANDLES,1009.260,525,0.010477
1578,21803,CHRISTMAS TREE STAR DECORATION,1008.520,2341,0.01047
1579,84558A,3D DOG PICTURE PLAYING CARDS,1007.980,336,0.010464
1580,22808,SET OF 6 T-LIGHTS EASTER CHICKS,1006.370,319,0.010447
1581,72816,SET/3 CHRISTMAS DECOUPAGE CANDLES,1005.320,892,0.010437
1582,22924,FRIDGE MAGNETS LA VIE EN ROSE,1005.200,1121,0.010435
1583,22024,RAINY LADIES BIRTHDAY CARD,1004.520,2371,0.010428
1584,22923,FRIDGE MAGNETS LES ENFANTS ASSORTED,1003.570,1192,0.010418
1585,22231,JIGSAW TREE WITH BIRDHOUSE,1002.510,969,0.010407
1586,16237,SLEEPING CAT ERASERS,1000.980,4768,0.010391
1587,22402,MAGNETS PACK OF 4 VINTAGE COLLAGE,999.110,1660,0.010372
1588,21679,SKULLS  STICKERS,997.340,1106,0.010354
1589,23121,PACK OF 6 COCKTAIL PARASOL STRAWS,997.080,2493,0.010351
1590,22757,LARGE RED BABUSHKA NOTEBOOK,995.590,728,0.010335
1591,22679,FRENCH BLUE METAL DOOR SIGN 4,995.000,720,0.010329
1592,22242,5 HOOK HANGER MAGIC TOADSTOOL,994.380,640,0.010323
1593,21467,CHERRY CROCHET FOOD COVER,993.180,262,0.01031
1594,23153,ZINC SWEETHEART WIRE LETTER RACK,990.730,256,0.010285
1595,21355,TOAST ITS - I LOVE YOU,988.830,786,0.010265
1596,21788,KIDS RAIN MAC BLUE,988.440,1245,0.010261
1597,22221,CAKE STAND LOVEBIRD 2 TIER PINK,988.390,94,0.010261
1598,22673,FRENCH GARDEN SIGN BLUE METAL,987.330,768,0.01025
1599,21198,WHITE HEART CONFETTI IN TUBE,987.020,1016,0.010247
1600,22614,PACK OF 12 SPACEBOY TISSUES,986.760,2954,0.010244
1601,20886,BOX OF 9 PEBBLE CANDLES,986.230,485,0.010238
1602,35651,VINTAGE BEAD PINK SCARF,985.840,451,0.010234
1603,16016,LARGE CHINESE STYLE SCISSOR,985.450,1193,0.01023
1604,20802,SMALL GLASS SUNDAE DISH CLEAR,984.470,739,0.01022
1605,23544,WALL ART MID CENTURY MODERN,983.130,159,0.010206
1606,23331,DECORATIVE WICKER HEART SMALL,983.080,1488,0.010206
1607,21354,TOAST ITS - BEST MUM,982.510,775,0.0102
1608,23419,HOME SWEET HOME BOTTLE,979.450,449,0.010168
1609,85064,CREAM SWEETHEART LETTER RACK,976.250,215,0.010135
1610,21648,ASSORTED TUTTI FRUTTI SMALL PURSE,975.410,726,0.010126
1611,22153,ANGEL DECORATION STARS ON DRESS,974.090,2299,0.010112
1612,10125,MINI FUNKY DESIGN TAPES,971.890,1269,0.010089
1613,22163,HEART STRING MEMO HOLDER HANGING,971.360,825,0.010084
1614,22098,BOUDOIR SQUARE TISSUE BOX,970.770,1929,0.010078
1615,23517,EMBROIDERED RIBBON REEL REBECCA,970.360,326,0.010074
1616,22190,LOCAL CAFE MUG,970.320,535,0.010073
1617,85114B,IVORY ENCHANTED FOREST PLACEMAT,970.310,493,0.010073
1618,23088,ZINC HEART FLOWER T-LIGHT HOLDER,969.000,761,0.010059
1619,22581,WOOD STOCKING CHRISTMAS SCANDISPOT,966.560,1199,0.010034
1620,21948,SET OF 6 CAKE CHOPSTICKS,965.930,635,0.010028
1621,22857,ASSORTED EASTER GIFT TAGS,965.860,1145,0.010027
1622,23518,EMBROIDERED RIBBON REEL RACHEL,963.070,355,0.009998
1623,22246,MAGIC GARDEN FELT GARLAND,962.770,431,0.009995
1624,22123,PING MICROWAVE APRON,960.650,397,0.009973
1625,21058,PARTY INVITES WOODLAND,959.850,1149,0.009964
1626,23107,WHITE HEARTS WIRE PLANT POT HOLDER,958.480,322,0.00995
1627,85232D,SET/3 DECOUPAGE STACKING TINS,957.750,188,0.009943
1628,79302M,"ART LIGHTS,FUNK MONKEY",957.040,340,0.009935
1629,22279,POCKET BAG BLUE PAISLEY RED SPOT,953.920,804,0.009903
1630,22681,FRENCH BLUE METAL DOOR SIGN 6,953.870,697,0.009902
1631,84913A,SOFT PINK ROSE TOWEL,952.830,273,0.009892
1632,21389,IVORY HANGING DECORATION  BIRD,952.330,1099,0.009886
1633,23545,WRAP RED VINTAGE DOILY,952.100,2305,0.009884
1634,23514,EMBROIDERED RIBBON REEL SALLY,950.350,465,0.009866
1635,23512,EMBROIDERED RIBBON REEL ROSIE,948.230,488,0.009844
1636,23533,WALL ART GARDEN HAVEN,947.640,195,0.009838
1637,21717,EASTER TIN BUCKET,946.930,408,0.00983
1638,15044B,BLUE PAPER PARASOL,946.830,321,0.009829
1639,84843,WHITE SOAP RACK WITH 2 BOTTLES,946.000,168,0.009821
1640,23566,EGG CUP MILKMAID HEIDI,945.310,703,0.009814
1641,23540,WALL ART THE MAGIC FOREST,944.510,149,0.009805
1642,22270,HAPPY EASTER HANGING DECORATION,942.200,243,0.009781
1643,22262,FELT EGG COSY CHICKEN,940.540,1015,0.009764
1644,84596G,SMALL CHOCOLATES PINK BOWL,939.330,1826,0.009751
1645,84509G,SET OF 4 FAIRY CAKE PLACEMATS,937.910,497,0.009737
1646,85034A,3 GARDENIA MORRIS BOXED CANDLES,936.270,501,0.00972
1647,20733,GOLD MINI TAPE MEASURE,934.760,1208,0.009704
1648,21683,MEDIUM MEDINA STAMPED METAL BOWL,931.000,304,0.009665
1649,22307,GOLD MUG BONE CHINA TREE OF LIFE,930.610,740,0.009661
1650,35471D,SET OF 3 BIRD LIGHT PINK FEATHER,927.290,1746,0.009626
1651,21682,LARGE MEDINA STAMPED METAL BOWL,926.010,181,0.009613
1652,85103,SILVER T-LIGHT SETTING,924.290,143,0.009595
1653,23380,PACK OF 12 VINTAGE DOILY TISSUES,923.770,2201,0.00959
1654,22281,EASTER TREE YELLOW BIRDS,923.490,130,0.009587
1655,23183,"MOTHER'S KITCHEN SPOON REST",922.410,220,0.009576
1656,23179,"CLOCK MAGNET MUM'S KITCHEN",922.190,321,0.009574
1657,22446,PIN CUSHION BABUSHKA PINK,922.160,330,0.009573
1658,18098C,PORCELAIN BUTTERFLY OIL BURNER,921.870,265,0.00957
1659,20752,BLUE POLKADOT WASHING UP GLOVES,920.450,407,0.009555
1660,22893,MINI CAKE STAND T-LIGHT HOLDER,919.680,1845,0.009547
1661,21802,CHRISTMAS TREE HEART DECORATION,919.140,2122,0.009542
1662,22132,RED LOVE HEART SHAPE CUP,916.500,1017,0.009514
1663,20686,"DOLLY MIXTURE CHILDREN'S UMBRELLA",916.170,265,0.009511
1664,22540,MINI JIGSAW CIRCUS PARADE,911.890,2268,0.009467
1665,22103,MIRROR MOSAIC T-LIGHT HOLDER ROUND,908.240,1248,0.009429
1666,37501,TEA TIME TEA SET IN GIFT BOX,906.830,133,0.009414
1667,22519,CHILDS GARDEN BRUSH PINK,906.750,411,0.009413
1668,70007,HI TEC ALPINE HAND WARMER,905.770,792,0.009403
1669,23178,JAM CLOCK MAGNET,905.310,309,0.009398
1670,85131A,BEADED PEARL HEART WHITE ON STICK,901.480,996,0.009359
1671,22994,TRAVEL CARD WALLET RETROSPOT,901.190,2072,0.009356
1672,85185B,PINK HORSE SOCK PUPPET,900.390,297,0.009347
1673,35646,VINTAGE BEAD PINK EVENING BAG,900.350,604,0.009347
1674,22785,SQUARECUSHION COVER PINK UNION JACK,897.560,122,0.009318
1675,22046,TEA PARTY  WRAPPING PAPER,897.500,2175,0.009317
1676,20846,ZINC HEART LATTICE T-LIGHT HOLDER,897.480,672,0.009317
1677,21631,HIPPY CHIC DECORATIVE PARASOL,896.010,169,0.009302
1678,21894,POTTING SHED SEED ENVELOPES,895.830,587,0.0093
1679,22719,GUMBALL MONOCHROME COAT RACK,895.720,620,0.009299
1680,21633,SUNFLOWER DECORATIVE PARASOL,895.460,125,0.009296
1681,84823,DANISH ROSE FOLDING CHAIR,890.400,112,0.009243
1682,23452,HEART MINI PORTRAIT FRAME,890.190,455,0.009241
1683,23281,FOLDING BUTTERFLY MIRROR RED,887.740,1133,0.009216
1684,21743,STAR PORTABLE TABLE LIGHT,887.650,299,0.009215
1685,84536B,FAIRY CAKES NOTEBOOK A7 SIZE,887.200,2100,0.00921
1686,84519A,TOMATO CHARLIE+LOLA COASTER SET,884.760,499,0.009185
1687,22209,WOOD STAMP SET HAPPY BIRTHDAY,884.570,852,0.009183
1688,22524,CHILDRENS GARDEN GLOVES BLUE,883.200,642,0.009169
1689,22251,BIRDHOUSE DECORATION MAGIC GARDEN,882.110,709,0.009157
1690,22317,FIVE CATS HANGING DECORATION,879.670,286,0.009132
1691,23002,TRAVEL CARD WALLET SKULLS,875.400,2035,0.009088
1692,21465,PINK FLOWER CROCHET FOOD COVER,875.300,231,0.009087
1693,22758,LARGE PURPLE BABUSHKA NOTEBOOK,873.050,658,0.009063
1694,21786,POLKADOT RAIN HAT,871.230,1855,0.009044
1695,22069,BROWN  PIRATE TREASURE CHEST,870.690,295,0.009039
1696,22761,CHEST 7 DRAWER MA CAMPAGNE,870.430,35,0.009036
1697,21209,MULTICOLOUR HONEYCOMB FAN,870.250,1183,0.009034
1698,22936,BAKING MOULD ROSE WHITE CHOCOLATE,869.710,273,0.009029
1699,21399,BLUE POLKADOT COFFEE MUG,869.610,2054,0.009028
1700,22210,WOOD STAMP SET BEST WISHES,869.290,916,0.009024
1701,21199,PINK  HEART CONFETTI IN TUBE,868.530,954,0.009016
1702,23532,WALL ART WORK REST AND PLAY,865.440,196,0.008984
1703,22277,COSMETIC BAG VINTAGE ROSE PAISLEY,864.350,404,0.008973
1704,23461,SWEETHEART BIRD HOUSE,862.480,202,0.008954
1705,47504H,ENGLISH ROSE SPIRIT LEVEL,862.090,877,0.00895
1706,22683,FRENCH BLUE METAL DOOR SIGN 8,859.590,634,0.008924
1707,47593B,SCOTTIE DOGS BABY BIB,858.800,1780,0.008915
1708,22682,FRENCH BLUE METAL DOOR SIGN 7,857.350,645,0.0089
1709,22321,BIRD DECORATION RED RETROSPOT,856.040,890,0.008887
1710,84849D,HOT BATHS SOAP HOLDER,855.620,492,0.008882
1711,21823,PAINTED METAL HEART WITH HOLLY BELL,854.350,1372,0.008869
1712,22500,SET OF 2 TINS JARDIN DE PROVENCE,853.300,157,0.008858
1713,21708,FOLDING UMBRELLA CREAM POLKADOT,853.150,189,0.008857
1714,23502,PLAYING CARDS VINTAGE DOILY,852.660,679,0.008852
1715,23099,FRENCH CARRIAGE LANTERN,852.220,128,0.008847
1716,21695,SMALL SILVER FLOWER CANDLE POT,851.890,283,0.008844
1717,22106,MIRROR MOSAIC HURRICANE LAMP,850.160,340,0.008826
1718,21880,RED RETROSPOT TAPE,848.420,1886,0.008808
1719,23004,TRAVEL CARD WALLET PANTRY,848.310,1888,0.008807
1720,22599,CHRISTMAS MUSICAL ZINC STAR,844.850,1716,0.008771
1721,21359,RELAX LARGE WOOD LETTERS,844.280,129,0.008765
1722,84535B,FAIRY CAKES NOTEBOOK A6 SIZE,843.220,1325,0.008754
1723,21204,DAISIES  HONEYCOMB GARLAND,842.050,484,0.008742
1724,22162,HEART GARLAND RUSTIC PADDED,841.240,264,0.008733
1725,22442,GROW YOUR OWN FLOWERS SET OF 3,840.950,103,0.00873
1726,37327,ASSTD MULTICOLOUR CIRCLES MUG,840.080,1578,0.008721
1727,17091J,VANILLA INCENSE IN TIN,838.590,1868,0.008706
1728,15034,PAPER POCKET TRAVELING FAN,838.360,6589,0.008703
1729,22565,FELTCRAFT HAIRBANDS PINK AND WHITE,837.520,910,0.008695
1730,85183A,CHARLIE & LOLA WASTEPAPER BIN BLUE,835.790,654,0.008677
1731,22105,MIRROR MOSAIC GOBLET CANDLE HOLDER,835.430,571,0.008673
1732,85049H,URBAN BLACK RIBBONS,835.070,807,0.008669
1733,22102,MIRROR MOSAIC T-LIGHT HOLDER,831.840,1622,0.008636
1734,22695,WICKER WREATH SMALL,830.430,531,0.008621
1735,23413,VINTAGE COFFEE GRINDER BOX,828.920,156,0.008605
1736,23423,PANTRY 3 HOOK ROLLING PIN HANGER,828.270,209,0.008598
1737,84660C,PINK STITCHED WALL CLOCK,828.240,679,0.008598
1738,22537,MAGIC DRAWING SLATE DINOSAUR,827.200,1889,0.008587
1739,22862,LOVE HEART NAPKIN BOX,826.950,171,0.008585
1740,21294,ETCHED GLASS COASTER,825.490,1618,0.00857
1741,85176,SEWING SUSAN 21 NEEDLE SET,825.060,873,0.008565
1742,85194L,HANGING SPRING FLOWER EGG LARGE,822.890,947,0.008543
1743,21694,SMALL REGAL  SILVER CANDLEPOT,822.630,301,0.00854
1744,72818,CHRISTMAS DECOUPAGE CANDLE,821.980,1845,0.008533
1745,22276,WASH BAG VINTAGE ROSE PAISLEY,820.320,284,0.008516
1746,21642,ASSORTED TUTTI FRUTTI PEN,820.150,2453,0.008514
1747,21291,SMALL POLKADOT CHOCOLATE GIFT BAG,819.640,943,0.008509
1748,46776F,WOVEN ROSE GARDEN CUSHION COVER,817.890,195,0.008491
1749,22308,TEA COSY BLUE STRIPE,817.580,236,0.008488
1750,21804,WHITE CHRISTMAS GARLAND STARS TREES,815.030,221,0.008461
1751,84660A,WHITE STITCHED WALL CLOCK,813.290,847,0.008443
1752,22701,PINK DOG BOWL,813.110,465,0.008441
1753,23220,REINDEER HEART DECORATION GOLD,813.070,937,0.008441
1754,21125,SET 6 FOOTBALL CELEBRATION CANDLES,812.350,645,0.008433
1755,22249,DECORATION WHITE CHICK MAGIC GARDEN,811.230,927,0.008422
1756,22341,LOVE GARLAND PAINTED ZINC,811.180,448,0.008421
1757,84509B,SET OF 4 FAIRY CAKE PLACEMATS,809.590,213,0.008405
1758,23324,RUSTIC STRAWBERRY JAM POT LARGE,807.780,397,0.008386
1759,22254,FELT TOADSTOOL LARGE,806.800,633,0.008376
1760,22706,WRAP COWBOYS,805.940,1957,0.008367
1761,23186,FRENCH STYLE STORAGE JAR CAFE,803.800,1928,0.008344
1762,20986,BLUE CALCULATOR RULER,803.650,637,0.008343
1763,22814,CARD PARTY GAMES,803.450,1906,0.008341
1764,23479,WIRE EGG BASKET,802.470,105,0.008331
1765,22268,DECORATION SITTING BUNNY,802.340,2009,0.008329
1766,85169A,IVORY LOVE BIRD CANDLE,801.930,807,0.008325
1767,22093,MOTORING TISSUE BOX,799.900,1773,0.008304
1768,22343,PARTY PIZZA DISH RED RETROSPOT,799.770,1602,0.008303
1769,85035A,GARDENIA 3 WICK MORRIS BOXED CANDLE,799.240,278,0.008297
1770,23106,ZINC HEARTS PLANT POT HOLDER,797.420,268,0.008278
1771,22438,BALLOON ART MAKE YOUR OWN FLOWERS,794.590,412,0.008249
1772,23519,EMBROIDERED RIBBON REEL CLAIRE,792.310,224,0.008225
1773,23564,EGG CUP MILKMAID INGRID,789.290,614,0.008194
1774,23551,PACK OF 12 PAISLEY PARK TISSUES,787.610,1723,0.008176
1775,20839,FRENCH PAISLEY CUSHION COVER,785.550,542,0.008155
1776,84006,MAGIC TREE -PAPER FLOWERS,784.100,842,0.00814
1777,22518,CHILDS GARDEN BRUSH BLUE,783.540,363,0.008134
1778,79191C,RETRO PLASTIC ELEPHANT TRAY,781.930,1069,0.008117
1779,21789,KIDS RAIN MAC PINK,781.620,900,0.008114
1780,85159A,"BLACK TEA,COFFEE,SUGAR JARS",781.400,452,0.008112
1781,22068,BLACK PIRATE TREASURE CHEST,781.390,356,0.008112
1782,22099,CARAVAN SQUARE TISSUE BOX,779.980,1419,0.008097
1783,79160,HEART SHAPE WIRELESS DOORBELL,779.030,436,0.008087
1784,21272,SALLE DE BAIN HOOK,777.570,548,0.008072
1785,84509C,SET OF 4 POLKADOT PLACEMATS,776.400,167,0.00806
1786,22451,SILK PURSE BABUSHKA RED,775.800,222,0.008054
1787,23472,NINE DRAWER OFFICE TIDY,774.820,50,0.008044
1788,84279B,CHERRY BLOSSOM DECORATIVE FLASK,774.700,192,0.008042
1789,22546,MINI JIGSAW PURDEY,773.290,1976,0.008028
1790,22522,CHILDS GARDEN FORK BLUE,771.740,929,0.008012
1791,22705,WRAP GREEN PEARS,769.860,1833,0.007992
1792,21618,4 WILDFLOWER BOTANICAL CANDLES,768.370,404,0.007977
1793,22228,BUNNY WOODEN PAINTED WITH BIRD,766.470,971,0.007957
1794,22685,FRENCH BLUE METAL DOOR SIGN 0,766.440,583,0.007957
1795,23140,TRIPLE WIRE HOOK IVORY HEART,766.100,182,0.007953
1796,23487,SWEET HEART CAKE CARRIER,765.730,77,0.007949
1797,22587,FELTCRAFT HAIRBAND RED AND BLUE,764.920,850,0.007941
1798,23521,WALL ART CAT AND BIRD,763.170,407,0.007923
1799,85032A,ROMANTIC IMAGES GIFT WRAP SET,762.830,771,0.007919
1800,22118,JOY WOODEN BLOCK LETTERS,762.000,140,0.007911
1801,21905,MORE BUTTER METAL SIGN,761.470,686,0.007905
1802,21530,DAIRY MAID TOASTRACK,761.410,773,0.007904
1803,85135C,RED DRAGONFLY HELICOPTER,760.980,94,0.0079
1804,85125,SMALL ROUND CUT GLASS CANDLESTICK,760.390,161,0.007894
1805,10002,INFLATABLE POLITICAL GLOBE,759.890,860,0.007889
1806,85170D,SET/6 PINK BIRD T-LIGHT CANDLES,759.820,442,0.007888
1807,85130B,BEADED CRYSTAL HEART GREEN LARGE,759.640,833,0.007886
1808,84819,DANISH ROSE ROUND SEWING BOX,758.810,593,0.007877
1809,85163B,BLACK BAROQUE WALL CLOCK,758.720,83,0.007876
1810,23006,TRAVEL CARD WALLET FLOWER MEADOW,758.590,1752,0.007875
1811,21927,BLUE/CREAM STRIPE CUSHION COVER,757.400,612,0.007863
1812,22454,MEASURING TAPE BABUSHKA RED,757.020,266,0.007859
1813,23409,PHOTO FRAME LINEN AND LACE LARGE,756.680,203,0.007855
1814,21162,TOXIC AREA  DOOR HANGER,756.420,1398,0.007853
1815,22480,RED TEA TOWEL CLASSIC DESIGN,755.960,630,0.007848
1816,21158,MOODY GIRL DOOR HANGER,755.840,1432,0.007847
1817,21462,"NURSERY A,B,C PAINTED LETTERS",754.950,107,0.007837
1818,21287,SCENTED VELVET LOUNGE CANDLE,754.450,1775,0.007832
1819,22336,DOVE DECORATION PAINTED ZINC,754.030,2381,0.007828
1820,21084,SET/6 COLLAGE PAPER CUPS,753.820,2542,0.007826
1821,23550,WRAP ALPHABET POSTER,752.600,1830,0.007813
1822,85231B,CINAMMON SET OF 9 T-LIGHTS,752.390,842,0.007811
1823,21983,PACK OF 12 BLUE PAISLEY TISSUES,752.350,2245,0.00781
1824,23017,APOTHECARY MEASURING JAR,751.400,64,0.0078
1825,23124,18PC WOODEN CUTLERY SET DISPOSABLE,751.380,567,0.0078
1826,84519B,CARROT CHARLIE+LOLA COASTER SET,751.260,457,0.007799
1827,20748,KENSINGTON COFFEE SET,751.170,57,0.007798
1828,22025,RING OF ROSES BIRTHDAY CARD,751.030,1817,0.007797
1829,22133,PINK LOVE HEART SHAPE CUP,750.540,795,0.007792
1830,21504,SKULLS GREETING CARD,748.650,1819,0.007772
1831,84660B,BLACK STITCHED WALL CLOCK,748.360,709,0.007769
1832,84763,ZINC FINISH 15CM PLANTER POTS,748.340,601,0.007769
1833,22322,BIRD DECORATION GREEN POLKADOT,747.810,820,0.007763
1834,85173,SET/6 FROG PRINCE T-LIGHT CANDLES,747.750,435,0.007763
1835,21680,WOODLAND  STICKERS,747.560,827,0.007761
1836,22252,BIRDCAGE DECORATION TEALIGHT HOLDER,746.570,631,0.00775
1837,17084R,ASSORTED INCENSE PACK,745.200,3960,0.007736
1838,22258,FELT FARM ANIMAL RABBIT,743.890,912,0.007723
1839,21643,ASSORTED TUTTI FRUTTI MIRROR,743.310,550,0.007717
1840,21215,IVORY PAPER CUP CAKE CASES,742.550,1085,0.007709
1841,23325,RUSTIC STRAWBERRY JAM POT SMALL,740.940,462,0.007692
1842,22566,FELTCRAFT HAIRBAND PINK AND PURPLE,740.540,827,0.007688
1843,23282,FOLDING BUTTERFLY MIRROR IVORY,739.750,800,0.00768
1844,22523,CHILDS GARDEN FORK PINK,738.980,851,0.007672
1845,22316,200 BENDY SKULL STRAWS,738.620,657,0.007668
1846,84609,TALL ROCOCO CANDLE HOLDER,736.590,89,0.007647
1847,21383,PACK OF 12 STICKY BUNNIES,736.580,973,0.007647
1848,23025,DRAWER KNOB VINTAGE GLASS BALL,735.840,338,0.007639
1849,84913B,MINT GREEN ROSE TOWEL,735.470,192,0.007635
1850,22264,FELT FARM ANIMAL WHITE BUNNY,735.350,1560,0.007634
1851,22786,CUSHION COVER PINK UNION JACK,735.230,107,0.007633
1852,72799E,IVORY PILLAR CANDLE SILVER FLOCK,735.170,243,0.007632
1853,79030G,TUMBLER NEW ENGLAND,733.490,1403,0.007615
1854,85212,MINI PAINTED GARDEN DECORATION,733.190,2427,0.007611
1855,23123,COCKTAIL SWORDS 50 PIECES,733.070,905,0.00761
1856,84872A,TEATIME FUNKY FLOWER BACKPACK FOR 2,732.230,66,0.007601
1857,23022,SMALL BONNE JAM JAR  T-LIGHT HOLDER,731.200,385,0.007591
1858,85036A,GARDENIA 1 WICK MORRIS BOXED CANDLE,730.930,213,0.007588
1859,23335,EGG FRYING PAN IVORY,730.550,351,0.007584
1860,21398,RED POLKADOT COFFEE  MUG,729.600,1532,0.007574
1861,22856,ASSORTED EASTER DECORATIONS  BELLS,729.570,569,0.007574
1862,22250,DECORATION  BUTTERFLY  MAGIC GARDEN,727.690,817,0.007554
1863,23460,SWEETHEART WALL TIDY,726.350,73,0.00754
1864,22586,FELTCRAFT HAIRBAND PINK AND BLUE,725.950,808,0.007536
1865,84754,S/15 SILVER GLASS BAUBLES IN BAG,725.520,558,0.007532
1866,23498,CLASSIC BICYCLE CLIPS,724.850,517,0.007525
1867,21707,FOLDING UMBRELLA BLACKBLUE POLKADOT,724.060,152,0.007517
1868,21677,HEARTS  STICKERS,722.960,823,0.007505
1869,72803A,ROSE SCENT CANDLE JEWELLED DRAWER,722.470,529,0.0075
1870,79067,CORONA MEXICAN TRAY,719.690,172,0.007471
1871,21126,SET OF 6 GIRLS CELEBRATION CANDLES,718.950,568,0.007464
1872,22287,DECORATION WOBBLY CHICKEN,716.470,793,0.007438
1873,21883,STARS GIFT TAPE,716.320,1639,0.007436
1874,23338,EGG FRYING PAN RED,714.490,336,0.007417
1875,22718,CARD CAT AND TREE,712.190,1621,0.007393
1876,22684,FRENCH BLUE METAL DOOR SIGN 9,711.710,520,0.007388
1877,22400,MAGNETS PACK OF 4 HOME SWEET HOME,710.910,1357,0.00738
1878,21189,WHITE HONEYCOMB PAPER GARLAND,709.220,286,0.007363
1879,21630,FLOOR CUSHION ELEPHANT CARNIVAL,709.190,68,0.007362
1880,21289,LARGE STRIPES CHOCOLATE GIFT BAG,707.500,566,0.007345
1881,21143,ANTIQUE GLASS HEART DECORATION,707.230,327,0.007342
1882,21775,DECORATIVE FLORE BATHROOM BOTTLE,707.020,511,0.00734
1883,23522,WALL ART DOG AND BALL,705.400,340,0.007323
1884,85131D,BEADED CRYSTAL HEART PINK ON STICK,705.280,832,0.007322
1885,79066K,RETRO MOD TRAY,704.780,791,0.007317
1886,22821,GIFT BAG PSYCHEDELIC APPLES,701.120,1142,0.007279
1887,22026,BANQUET BIRTHDAY  CARD,700.400,1624,0.007271
1888,85049D,BRIGHT BLUES RIBBONS,699.910,549,0.007266
1889,21476,STEEL SWEETHEART ROUND TABLE CREAM,699.630,41,0.007263
1890,23115,RED APPLES CHOPPING BOARD,699.240,140,0.007259
1891,79164,BLACK WINE GLASS,697.620,1666,0.007242
1892,85078,SCANDINAVIAN 3 HEARTS NAPKIN RING,696.800,1932,0.007234
1893,21106,CREAM SLICE FLANNEL CHOCOLATE SPOT,696.720,236,0.007233
1894,85032B,BLOSSOM IMAGES GIFT WRAP SET,696.080,729,0.007226
1895,23187,FRENCH STYLE STORAGE JAR BONBONS,695.060,2338,0.007216
1896,22753,SMALL YELLOW BABUSHKA NOTEBOOK,693.350,758,0.007198
1897,23223,CHRISTMAS TREE HANGING SILVER,692.480,744,0.007189
1898,21066,VINTAGE RED MUG,692.220,701,0.007186
1899,20996,JAZZ HEARTS ADDRESS BOOK,690.910,3005,0.007173
1900,22481,BLACK TEA TOWEL CLASSIC DESIGN,688.950,686,0.007152
1901,23070,EDWARDIAN HEART PHOTO FRAME,688.800,156,0.007151
1902,22981,PANTRY APPLE CORER,688.160,461,0.007144
1903,46775D,SUNSET COLOUR CHUNKY KNITTED THROW,687.030,58,0.007132
1904,20902,VINTAGE KEEPSAKE BOX PARIS DAYS,686.860,112,0.00713
1905,84581,DOG TOY WITH PINK CROCHET SKIRT,686.450,181,0.007126
1906,20866,BLUE ROSE FABRIC MIRROR,685.060,586,0.007112
1907,22217,T-LIGHT HOLDER HANGING LACE,683.750,474,0.007098
1908,84796A,PINK HAWAIIAN PICNIC HAMPER FOR 2,683.740,76,0.007098
1909,23114,VINTAGE LEAF CHOPPING BOARD,683.500,138,0.007096
1910,21636,MADRAS NOTEBOOK MEDIUM,683.410,884,0.007095
1911,22339,CHRISTMAS TREE PAINTED ZINC,683.310,2468,0.007094
1912,21208,PASTEL COLOUR HONEYCOMB FAN,682.950,902,0.00709
1913,23435,3 RAFFIA RIBBONS VINTAGE CHRISTMAS,682.280,762,0.007083
1914,35923,CANDY HEART HANGING DECORATION,681.160,1294,0.007071
1915,21163,DO NOT TOUCH MY STUFF DOOR HANGER,680.550,1196,0.007065
1916,85019B,BLOSSOM  IMAGES NOTEBOOK SET,680.470,510,0.007064
1917,22403,MAGNETS PACK OF 4 VINTAGE LABELS,679.530,1297,0.007054
1918,23120,PACK OF 6 SMALL FRUIT STRAWS,679.130,1679,0.00705
1919,16235,RECYCLED PENCIL WITH RABBIT ERASER,678.600,3012,0.007045
1920,22062,CERAMIC BOWL WITH LOVE HEART DESIGN,677.860,583,0.007037
1921,84659A,WHITE TRAVEL ALARM CLOCK,676.270,280,0.007021
1922,85032C,CURIOUS IMAGES GIFT WRAP SET,675.560,641,0.007013
1923,40001,WHITE BAMBOO RIBS LAMPSHADE,675.230,821,0.00701
1924,22201,FRYING PAN BLUE POLKADOT,674.760,165,0.007005
1925,21205,MULTICOLOUR 3D BALLS GARLAND,674.640,252,0.007004
1926,22136,LOVE HEART SOCK HANGER,672.700,376,0.006983
1927,21696,SMALL SILVER TRELLIS CANDLEPOT,672.400,224,0.00698
1928,22618,COOKING SET RETROSPOT,671.530,69,0.006971
1929,23222,CHRISTMAS TREE HANGING GOLD,669.740,746,0.006953
1930,21261,GREEN GOOSE FEATHER CHRISTMAS TREE,669.140,186,0.006947
1931,85071B,RED CHARLIE+LOLA PERSONAL DOORSIGN,668.240,1248,0.006937
1932,23024,LARGE BONNE JAM JAR  T-LIGHT HOLDER,667.850,255,0.006933
1933,47574A,ENGLISH ROSE SCENTED HANGING FLOWER,665.200,548,0.006906
1934,22340,NOEL GARLAND PAINTED ZINC,664.110,1242,0.006894
1935,22324,BLUE POLKADOT KIDS BAG,663.520,280,0.006888
1936,21613,S/12 VANILLA  BOTANICAL T-LIGHTS,661.930,227,0.006872
1937,22422,TOOTHPASTE TUBE PEN,660.900,735,0.006861
1938,23598,PAPER BUNTING VINTAGE PARTY,660.030,217,0.006852
1939,23042,PAPER LANTERN 7 POINT SNOW STAR,658.330,97,0.006834
1940,22450,SILK PURSE BABUSHKA BLUE,657.760,194,0.006828
1941,21629,SQUARE FLOOR CUSHION VINTAGE RED,656.150,69,0.006812
1942,22535,MAGIC DRAWING SLATE BUNNIES,654.630,1727,0.006796
1943,22267,EASTER DECORATION EGG BUNNY,654.060,787,0.00679
1944,20658,RED RETROSPOT LUGGAGE TAG,652.110,433,0.00677
1945,37475,SET/4 COLOURFUL MIXING BOWLS,652.030,69,0.006769
1946,22525,CHILDRENS GARDEN GLOVES PINK,648.970,489,0.006737
1947,21187,WHITE BELL HONEYCOMB PAPER GARLAND,648.450,369,0.006732
1948,21356,TOAST ITS - FAIRY FLOWER,647.690,575,0.006724
1949,22514,CHILDS GARDEN SPADE BLUE,646.630,288,0.006713
1950,21739,COSY SLIPPER SHOES SMALL GREEN,646.010,231,0.006706
1951,22953,BIRTHDAY PARTY CORDON BARRIER TAPE,645.860,501,0.006705
1952,22097,SWALLOW SQUARE TISSUE BOX,645.810,1374,0.006704
1953,22715,CARD WEDDING DAY,645.640,1543,0.006703
1954,21747,SMALL SKULL WINDMILL,645.610,485,0.006702
1955,35001G,HAND OPEN SHAPE GOLD,643.590,171,0.006681
1956,22615,PACK OF 12 CIRCUS PARADE TISSUES,643.320,2040,0.006678
1957,23454,THREE MINI HANGING FRAMES,641.910,153,0.006664
1958,22533,MAGIC DRAWING SLATE BAKE A CAKE,641.870,1776,0.006663
1959,22495,SET OF 2 ROUND TINS CAMEMBERT,641.400,184,0.006659
1960,22204,MILK PAN BLUE POLKADOT,640.790,174,0.006652
1961,84789,ENCHANTED BIRD PLANT CAGE,640.720,186,0.006651
1962,35810A,ENAMEL PINK COFFEE CONTAINER,640.090,633,0.006645
1963,84800L,LARGE WHITE/PINK ROSE ART FLOWER,639.360,360,0.006637
1964,84929,ASSTD FRUIT+FLOWERS FRIDGE MAGNETS,637.560,2412,0.006619
1965,90200D,PINK SWEETHEART BRACELET,636.670,154,0.006609
1966,21054,"NURSE'S BAG SOFT TOY",634.530,70,0.006587
1967,21784,SHOE SHINE BOX,633.070,57,0.006572
1968,84707A,SILVER JEWELLED MIRROR TRINKET TRAY,632.830,63,0.00657
1969,85177,BASKET OF FLOWERS SEWING KIT,631.950,804,0.00656
1970,84596L,BISCUITS SMALL BOWL LIGHT BLUE,631.840,1255,0.006559
1971,21650,ASSORTED TUTTI FRUTTI BRACELET,630.190,2456,0.006542
1972,20767,BLUE PAISLEY JOURNAL,628.290,241,0.006522
1973,23458,DOLLY CABINET 3 DRAWERS,627.900,42,0.006518
1974,21351,CINAMMON & ORANGE WREATH,627.550,97,0.006515
1975,22393,PAPERWEIGHT VINTAGE COLLAGE,627.230,264,0.006511
1976,84817,DANISH ROSE DECORATIVE PLATE,626.640,740,0.006505
1977,79163,BLACK CHAMPAGNE GLASS,626.550,1529,0.006504
1978,84923,PINK BUTTERFLY HANDBAG W BOBBLES,626.190,151,0.006501
1979,22194,BLACK DINER WALL CLOCK,625.690,66,0.006495
1980,84665,SQUARE CHERRY BLOSSOM CABINET,624.750,105,0.006486
1981,85199L,LARGE HANGING IVORY & RED WOOD BIRD,624.430,917,0.006482
1982,23216,LAUREL HEART ANTIQUE GOLD,623.270,520,0.00647
1983,84086C,PINK/PURPLE RETRO RADIO,622.270,218,0.00646
1984,22520,CHILDS GARDEN TROWEL BLUE,622.100,719,0.006458
1985,17021,NAMASTE SWAGAT INCENSE,621.540,2355,0.006452
1986,16225,RATTLE SNAKE EGGS,621.220,708,0.006449
1987,20735,BLACK MINI TAPE MEASURE,620.700,617,0.006444
1988,85141,JARDIN ETCHED GLASS FRUITBOWL,619.940,120,0.006436
1989,21426,WOODLAND STORAGE BOX SMALL,619.620,255,0.006432
1990,84637,KITCHEN FLOWER POTS WALL PLAQUE,619.590,116,0.006432
1991,22559,SEASIDE FLYING DISC,619.150,502,0.006428
1992,21317,GLASS SPHERE CANDLE STAND MEDIUM,618.680,99,0.006423
1993,21473,SWEETHEART CREAM STEEL TABLE RECT,618.660,27,0.006422
1994,22067,CHOC TRUFFLE GOLD TRINKET POT,618.340,356,0.006419
1995,21808,"CHRISTMAS GARLAND STARS,TREES",618.000,174,0.006416
1996,23408,PHOTO FRAME LINEN AND LACE SMALL,617.760,297,0.006413
1997,22035,VINTAGE CARAVAN GREETING CARD,617.320,1452,0.006409
1998,46776B,WOVEN BERRIES CUSHION COVER,616.080,146,0.006396
1999,21446,12 RED ROSE PEG PLACE SETTINGS,615.920,437,0.006394
2000,23568,EGG CUP HENRIETTA HEN CREAM,615.620,477,0.006391
2001,22288,HANGING METAL RABBIT DECORATION,614.450,472,0.006379
2002,21171,BATHROOM METAL SIGN,613.140,438,0.006365
2003,23019,SMALL APOTHECARY MEASURING JAR,612.550,79,0.006359
2004,23018,LARGE APOTHECARY MEASURING JAR,612.160,51,0.006355
2005,22021,BLUE FELT EASTER EGG BASKET,610.450,365,0.006337
2006,23547,WRAP FLOWER SHOP,609.000,1450,0.006322
2007,20772,GARDEN PATH JOURNAL,608.580,243,0.006318
2008,21640,ASSORTED TUTTI FRUTTI  FOB NOTEBOOK,608.330,620,0.006315
2009,22396,MAGNETS PACK OF 4 RETRO PHOTO,608.020,1174,0.006312
2010,21769,VINTAGE POST OFFICE CABINET,607.650,11,0.006308
2011,20704,MR ROBOT SOFT TOY,607.500,180,0.006307
2012,21822,GLITTER CHRISTMAS TREE WITH BELLS,605.590,597,0.006287
2013,23456,MEDIUM PARLOUR PICTURE FRAME,605.050,151,0.006281
2014,22389,PAPERWEIGHT SAVE THE PLANET,604.550,290,0.006276
2015,22116,METAL SIGN HIS DINNER IS SERVED,604.270,562,0.006273
2016,22269,EGG CUP NATURAL CHICKEN,604.090,898,0.006271
2017,72232,FENG SHUI PILLAR CANDLE,602.870,3173,0.006259
2018,21709,FOLDING UMBRELLA CHOCOLATE POLKADOT,602.280,132,0.006252
2019,85017B,ENVELOPE 50 BLOSSOM IMAGES,600.290,1077,0.006232
2020,85170C,SET/6 EAU DE NIL BIRD T-LIGHTS,600.270,333,0.006232
2021,21684,SMALL MEDINA STAMPED METAL BOWL,599.440,758,0.006223
2022,22057,CERAMIC PLATE STRAWBERRY DESIGN,599.280,408,0.006221
2023,21014,SWISS CHALET TREE DECORATION,598.820,1385,0.006217
2024,23482,PEARLISED IVORY HEART LARGE,598.320,380,0.006211
2025,21865,PINK UNION JACK  PASSPORT COVER,598.210,265,0.00621
2026,17012B,ORIGAMI JASMINE INCENSE/CANDLE SET,595.850,525,0.006186
2027,22515,CHILDS GARDEN SPADE PINK,594.390,261,0.006171
2028,22420,LIPSTICK PEN BABY PINK,594.180,1302,0.006168
2029,22359,GLASS JAR KINGS CHOICE,594.080,180,0.006167
2030,21448,12 DAISY PEGS IN WOOD BOX,592.620,344,0.006152
2031,22247,BUNNY DECORATION MAGIC GARDEN,591.440,668,0.00614
2032,20840,FRENCH FLORAL CUSHION COVER,590.150,492,0.006127
2033,46776A,WOVEN BUBBLE GUM CUSHION COVER,590.000,140,0.006125
2034,85036B,CHOCOLATE 1 WICK MORRIS BOX CANDLE,589.900,362,0.006124
2035,23180,"MUM'S KITCHEN CLOCK",588.850,108,0.006113
2036,23224,CHERUB HEART DECORATION GOLD,588.700,674,0.006111
2037,35971,ROSE FOLKART HEART DECORATIONS,588.590,456,0.00611
2038,23471,SIX DRAWER OFFICE TIDY,586.940,62,0.006093
2039,21159,MOODY BOY  DOOR HANGER,586.410,1094,0.006088
2040,21581,SKULLS  DESIGN  COTTON TOTE BAG,585.710,251,0.00608
2041,84625A,PINK NEW BAROQUECANDLESTICK CANDLE,585.080,454,0.006074
2042,22825,DECORATIVE PLANT POT WITH FRIEZE,584.370,73,0.006067
2043,22806,SET OF 6 T-LIGHTS WEDDING CAKE,584.340,194,0.006066
2044,85144,JARDIN ETCHED GLASS CHEESE DISH,582.700,220,0.006049
2045,22448,PIN CUSHION BABUSHKA RED,582.480,162,0.006047
2046,22255,FELT TOADSTOOL  SMALL,582.230,605,0.006044
2047,22266,EASTER DECORATION HANGING BUNNY,581.410,1811,0.006036
2048,21096,SET/6 FRUIT SALAD  PAPER PLATES,579.430,1257,0.006015
2049,22233,JIGSAW RABBIT AND BIRDHOUSE,579.070,553,0.006011
2050,85071A,BLUE CHARLIE+LOLA PERSONAL DOORSIGN,578.160,1028,0.006002
2051,21253,SET OF PICTURE FRAME  STICKERS,578.050,131,0.006001
2052,23492,VINTAGE JINGLE BELLS WREATH,577.630,69,0.005997
2053,84352,SILVER CHRISTMAS TREE BAUBLE STAND,577.350,34,0.005994
2054,21292,SMALL STRIPES CHOCOLATE GIFT BAG,576.270,771,0.005982
2055,23537,WALL ART I LOVE LONDON,576.180,110,0.005981
2056,22232,JIGSAW TOADSTOOLS 3 PIECE,575.550,641,0.005975
2057,23125,6PC WOOD PLATE SET DISPOSABLE,574.880,459,0.005968
2058,23520,EMBROIDERED RIBBON REEL RUBY,574.300,160,0.005962
2059,20702,PINK PADDED MOBILE,573.540,134,0.005954
2060,21468,BUTTERFLY CROCHET FOOD COVER,572.230,148,0.00594
2061,22337,ANGEL DECORATION PAINTED ZINC,571.940,908,0.005937
2062,22756,LARGE YELLOW BABUSHKA NOTEBOOK,571.710,424,0.005935
2063,21277,FRENCH STYLE EMBOSSED HEART CABINET,571.430,26,0.005932
2064,84748,FOLK FELT HANGING MULTICOL GARLAND,570.860,204,0.005926
2065,21251,DINOSAUR HEIGHT CHART STICKER SET,568.980,182,0.005907
2066,85161,ACRYLIC GEOMETRIC LAMP,568.650,35,0.005903
2067,20932,PINK POT PLANT CANDLE,567.620,165,0.005893
2068,22820,GIFT BAG BIRTHDAY,566.790,927,0.005884
2069,21488,RED WHITE SCARF  HOT WATER BOTTLE,566.170,69,0.005878
2070,22260,FELT EGG COSY BLUE RABBIT,566.030,545,0.005876
2071,20764,ABSTRACT CIRCLES SKETCHBOOK,565.930,135,0.005875
2072,22482,BLUE TEA TOWEL CLASSIC DESIGN,565.860,478,0.005874
2073,23027,DRAWER KNOB VINTAGE GLASS HEXAGON,565.550,265,0.005871
2074,22272,FELTCRAFT DOLL MARIA,564.920,196,0.005865
2075,85130D,BEADED CRYSTAL HEART PINK LARGE,562.970,557,0.005844
2076,85032D,YULETIDE IMAGES GIFT WRAP SET,561.340,687,0.005827
2077,84912A,PINK ROSE WASHBAG,560.620,156,0.00582
2078,85016,SET OF 6 VINTAGE NOTELETS KIT,560.110,563,0.005815
2079,72598,SET/12 TAPER CANDLES,559.630,559,0.00581
2080,85163A,WHITE BAROQUE WALL CLOCK,559.000,66,0.005803
2081,71279,PINK GLASS CANDLEHOLDER,558.370,175,0.005797
2082,84569D,PACK 6 HEART/ICE-CREAM PATCHES,558.160,466,0.005794
2083,90062,CARNIVAL BRACELET,558.030,44,0.005793
2084,21662,VINTAGE GLASS COFFEE CADDY,557.300,86,0.005785
2085,23377,PACK OF 12 DOLLY GIRL TISSUES,557.110,1301,0.005784
2086,85187,S/12 MINI RABBIT EASTER,556.530,337,0.005777
2087,21576,LETS GO SHOPPING COTTON TOTE BAG,553.380,239,0.005745
2088,17129F,BLUE GLASS GEMS IN BAG,552.200,587,0.005733
2089,23453,OVAL  MINI PORTRAIT FRAME,551.630,283,0.005727
2090,35965,FOLKART HEART NAPKIN RINGS,551.130,366,0.005721
2091,21219,SET/4 BADGES BALLOON GIRL,550.750,443,0.005717
2092,21397,BLUE POLKADOT EGG CUP,550.430,1075,0.005714
2093,21675,BUTTERFLIES STICKERS,548.280,610,0.005692
2094,84951A,SET OF 4 PISTACHIO LOVEBIRD COASTER,545.630,472,0.005664
2095,85025B,EAU DE NILE HEART SHAPE PHOTO FRAME,545.240,325,0.00566
2096,85172,HYACINTH BULB T-LIGHT CANDLES,543.760,1266,0.005645
2097,23069,EDWARDIAN PHOTO FRAME,543.710,86,0.005644
2098,21264,WHITE GOOSE FEATHER TREE 60CM,542.400,268,0.005631
2099,21638,ASSORTED TUTTI FRUTTI NOTEBOOK,541.460,244,0.005621
2100,22642,SET OF 4 NAPKIN CHARMS STARS,541.410,210,0.005621
2101,85180B,PINK HEARTS LIGHT CHAIN,540.700,261,0.005613
2102,23549,WRAP BIRD GARDEN,537.600,1280,0.005581
2103,84625C,BLUE NEW BAROQUE CANDLESTICK CANDLE,536.410,449,0.005569
2104,23016,GLASS TWIST BON BON JAR,536.000,69,0.005564
2105,84598,BOYS ALPHABET IRON ON PATCHES,535.960,1951,0.005564
2106,85088,CANDY SPOT HAND BAG,534.830,259,0.005552
2107,21849,SILVER DIAMANTE PEN IN GIFT BOX,534.080,170,0.005544
2108,22717,CARD DOG AND BALL,533.290,1226,0.005536
2109,21194,PINK  HONEYCOMB PAPER FAN,533.220,463,0.005536
2110,82613D,METAL SIGN CUPCAKE SINGLE HOOK,532.990,695,0.005533
2111,85019A,ROMANTIC IMAGES NOTEBOOK SET,531.850,388,0.005521
2112,22261,FELT EGG COSY WHITE RABBIT,531.670,571,0.005519
2113,22023,EMPIRE BIRTHDAY CARD,531.190,1191,0.005514
2114,21128,GOLD FISHING GNOME,531.000,60,0.005512
2115,84951B,SET OF 4 BLACK LOVEBIRD COASTERS,530.990,423,0.005512
2116,35241,ENAMEL BLUE RIM BISCUIT BIN,530.490,103,0.005507
2117,21801,CHRISTMAS TREE DECORATION WITH BELL,530.260,1251,0.005505
2118,23565,EGG CUP MILKMAID HELGA,529.250,375,0.005494
2119,75131,METAL TUBE CHIME ON BAMBOO,529.210,490,0.005494
2120,23381,PACK OF 12 VINTAGE LEAF TISSUES,528.210,1415,0.005483
2121,22275,WEEKEND BAG VINTAGE ROSE PAISLEY,527.850,69,0.00548
2122,22521,CHILDS GARDEN TROWEL PINK,525.510,609,0.005455
2123,35809A,ENAMEL PINK TEA CONTAINER,525.390,429,0.005454
2124,85136A,YELLOW SHARK HELICOPTER,524.710,65,0.005447
2125,85135B,BLUE DRAGONFLY HELICOPTER,524.550,65,0.005445
2126,47310M,SMALL POP BOX FUNKY MONKEY,523.660,375,0.005436
2127,22248,DECORATION  PINK CHICK MAGIC GARDEN,523.460,592,0.005434
2128,20785,FUSCHIA RETRO BAR STOOL,523.300,14,0.005433
2129,22861,EASTER TIN CHICKS IN GARDEN,522.930,305,0.005429
2130,22903,CALENDAR FAMILY FAVOURITES,520.960,178,0.005408
2131,85025C,PINK HEART SHAPE PHOTO FRAME,520.910,321,0.005408
2132,20832,RED FLOCK LOVE HEART PHOTO FRAME,520.830,995,0.005407
2133,21059,PARTY INVITES DINOSAURS,520.720,604,0.005406
2134,23219,LAUREL STAR ANTIQUE SILVER,520.010,395,0.005398
2135,84816,DANISH ROSE BEDSIDE CABINET,519.350,13,0.005392
2136,21015,DARK BIRD HOUSE TREE DECORATION,519.210,1341,0.00539
2137,84313B,BLUE TV TRAY TABLE,518.610,127,0.005384
2138,22709,WRAP WEDDING DAY,518.000,1300,0.005378
2139,21270,ANTIQUE CREAM CUTLERY CUPBOARD,517.440,49,0.005372
2140,22707,WRAP MONSTER FUN,517.440,1232,0.005372
2141,23139,SINGLE WIRE HOOK PINK HEART,516.220,382,0.005359
2142,21417,COCKLE SHELL DISH,513.490,197,0.005331
2143,21711,FOLDING UMBRELLA WHITE/RED POLKADOT,513.020,104,0.005326
2144,21455,PAINTED YELLOW WOODEN DAISY,511.690,606,0.005312
2145,85231G,ORANGE SCENTED SET/9 T-LIGHTS,511.050,600,0.005305
2146,23272,TREE T-LIGHT HOLDER WILLIE WINKIE,509.620,286,0.005291
2147,23455,SMALL PARLOUR PICTURE FRAME,508.740,186,0.005281
2148,85131B,BEADED CRYSTAL HEART GREEN ON STICK,508.660,608,0.005281
2149,84520B,PACK 20 ENGLISH ROSE PAPER NAPKINS,508.370,554,0.005278
2150,85104,SILVER GLASS T-LIGHT SET,508.250,187,0.005276
2151,20681,PINK POLKADOT CHILDRENS UMBRELLA,506.960,140,0.005263
2152,82613B,"METAL SIGN,CUPCAKE SINGLE HOOK",506.470,585,0.005258
2153,22543,MINI JIGSAW BAKE A CAKE,506.220,1327,0.005255
2154,20998,ROSE DU SUD OVEN GLOVE,505.200,185,0.005245
2155,22127,PARTY CONES CARNIVAL ASSORTED,504.880,404,0.005241
2156,21654,RIDGED GLASS FINGER BOWL,504.680,974,0.005239
2157,84687,BEACH HUT SHELF W 3 DRAWERS,504.430,81,0.005237
2158,84616,SILVER ROCCOCO CHANDELIER,504.320,14,0.005235
2159,21067,VINTAGE RED TEATIME MUG,504.150,317,0.005234
2160,21710,FOLDING UMBRELLA PINKWHITE POLKADOT,501.980,107,0.005211
2161,23484,HEART TRELLIS TRIPLE T-LIGHT HOLDER,501.070,173,0.005202
2162,22181,SNOWSTORM PHOTO FRAME FRIDGE MAGNET,500.910,591,0.0052
2163,21926,RED/CREAM STRIPE CUSHION COVER,499.900,406,0.00519
2164,23660,HENRIETTA HEN MUG,499.160,292,0.005182
2165,21925,UNION STRIPE CUSHION COVER,498.750,399,0.005178
2166,22096,PINK PAISLEY SQUARE TISSUE BOX,496.730,1142,0.005157
2167,21972,SET OF 36 DINOSAUR PAPER DOILIES,496.160,334,0.005151
2168,20761,BLUE PAISLEY SKETCHBOOK,494.720,117,0.005136
2169,23043,PAPER LANTERN 9 POINT HOLLY STAR L,493.670,77,0.005125
2170,22280,POCKET BAG PINK PAISELY BROWN SPOT,493.580,461,0.005124
2171,23473,WOODLAND SMALL RED FELT HEART,492.260,606,0.00511
2172,23499,SET 12 VINTAGE DOILY CHALK,491.800,1094,0.005106
2173,23425,STORAGE TIN HOME SWEET HOME,490.030,172,0.005087
2174,21632,VINTAGE PINK DECORATIVE PARASOL,489.740,88,0.005084
2175,23045,PAPER LANTERN 5 POINT STAR MOON,489.690,117,0.005084
2176,23074,EMBOSSED HEART TRINKET BOX,489.330,228,0.00508
2177,22703,PINK CAT BOWL,489.280,257,0.005079
2178,22050,PINK PAISLEY ROSE GIFT WRAP,488.000,1200,0.005066
2179,47563A,RETRO LONGBOARD IRONING BOARD COVER,486.830,261,0.005054
2180,20766,GARDEN PATH SKETCHBOOK,486.070,120,0.005046
2181,21202,DOLLY HONEYCOMB GARLAND,485.460,474,0.00504
2182,21358,TOAST ITS - HAPPY BIRTHDAY,485.400,402,0.005039
2183,20893,HANGING BAUBLE T-LIGHT HOLDER SMALL,485.120,209,0.005036
2184,23021,GLASS BONNE JAM JAR,484.220,116,0.005027
2185,23060,HEART BEADED TRELLIS DECORATION,482.410,227,0.005008
2186,17012D,ORIGAMI ROSE INCENSE/CANDLE SET,482.200,411,0.005006
2187,21634,ASSORTED MINI MADRAS NOTEBOOK,481.950,976,0.005003
2188,82616B,FRAPPUCINO SCARF KNITTING KIT,481.770,333,0.005001
2189,90209C,PINK ENAMEL+GLASS HAIR COMB,480.500,263,0.004988
2190,21741,COSY SLIPPER SHOES LARGE GREEN,480.170,147,0.004985
2191,17012F,ORIGAMI SANDLEWOOD INCENSE/CAND SET,479.290,399,0.004976
2192,84849B,FAIRY SOAP SOAP HOLDER,478.830,266,0.004971
2193,21454,PAINTED PINK RABBIT,478.430,565,0.004967
2194,85049F,BABY BOOM RIBBONS,477.340,378,0.004955
2195,85194S,HANGING SPRING FLOWER EGG SMALL,476.820,1132,0.00495
2196,21472,LADYBIRD + BEE RAFFIA FOOD COVER,476.410,123,0.004946
2197,20803,SMALL PINK GLASS SUNDAE DISH,476.380,939,0.004945
2198,21587,COSY HOUR GIANT TUBE MATCHES,475.650,195,0.004938
2199,85093,CANDY SPOT EGG WARMER HARE,475.180,708,0.004933
2200,82616C,MIDNIGHT GLAMOUR SCARF KNITTING KIT,474.140,307,0.004922
2201,22230,JIGSAW TREE WITH WATERING CAN,473.530,1041,0.004916
2202,23218,LAUREL STAR ANTIQUE GOLD,473.110,373,0.004911
2203,22184,CAKE STAND VICTORIAN FILIGREE LARGE,471.860,56,0.004899
2204,23398,HANGING HEART BONHEUR,470.840,533,0.004888
2205,23136,IVORY WIRE SWEETHEART LETTER TRAY,470.640,124,0.004886
2206,20716,PARTY FOOD SHOPPER BAG,469.630,400,0.004875
2207,23451,SQUARE MINI PORTRAIT FRAME,467.500,236,0.004853
2208,84917,WHITE HAND TOWEL WITH BUTTERFLY,466.300,184,0.004841
2209,20707,CRAZY DAISY HEART DECORATION,465.930,463,0.004837
2210,23457,LARGE PARLOUR PICTURE FRAME,465.730,95,0.004835
2211,23422,PANTRY HOOK BALLOON WHISK,465.470,209,0.004832
2212,20615,BLUE POLKADOT PASSPORT COVER,462.110,307,0.004797
2213,35598D,PINK/WHITE CHRISTMAS TREE 60CM,461.810,636,0.004794
2214,21850,BLUE  DIAMANTE PEN IN GIFT BOX,461.650,125,0.004793
2215,22513,DOORSTOP FOOTBALL DESIGN,460.730,94,0.004783
2216,35598B,BLACK CHRISTMAS TREE 60CM,460.640,558,0.004782
2217,85107,CUT GLASS T-LIGHT HOLDER OCTAGON,460.270,201,0.004778
2218,84674,FLYING PIG WATERING CAN,458.210,191,0.004757
2219,20838,FRENCH LATTICE CUSHION COVER,458.160,384,0.004756
2220,22511,RETROSPOT BABUSHKA DOORSTOP,458.160,221,0.004756
2221,21366,MIRRORED WALL ART PHOTO FRAMES,457.420,86,0.004749
2222,21867,PINK UNION JACK  LUGGAGE TAG,456.780,336,0.004742
2223,17012C,ORIGAMI LAVENDER INCENSE/CANDL SET,456.750,400,0.004742
2224,17096,ASSORTED LAQUERED INCENSE HOLDERS,455.980,2545,0.004734
2225,23336,EGG FRYING PAN PINK,454.920,199,0.004723
2226,23117,POPPY FIELDS CHOPPING BOARD,454.010,87,0.004713
2227,22319,HAIRCLIPS FORTIES FABRIC ASSORTED,453.700,698,0.00471
2228,84916,HAND TOWEL PALE BLUE W FLOWERS,453.390,223,0.004707
2229,82613C,"METAL SIGN,CUPCAKE SINGLE HOOK",453.320,541,0.004706
2230,21641,ASSORTED TUTTI FRUTTI KEYRING BALL,451.590,1153,0.004688
2231,48189,DOORMAT FRIENDSHIP,451.110,27,0.004683
2232,23466,TUSCAN VILLA DOVECOTE BIRD FEEDER,448.270,51,0.004654
2233,22496,SET OF 2 ROUND TINS DUTCH CHEESE,447.420,142,0.004645
2234,20770,ABSTRACT CIRCLE JOURNAL,447.250,184,0.004643
2235,21062,PARTY INVITES SPACEMAN,447.180,526,0.004642
2236,21851,LILAC DIAMANTE PEN IN GIFT BOX,446.700,140,0.004637
2237,85169C,EAU DE NIL LOVE BIRD CANDLE,446.650,425,0.004637
2238,23379,PACK OF 12 RED APPLE TISSUES,446.620,1190,0.004636
2239,22516,CHILDS GARDEN RAKE BLUE,445.330,194,0.004623
2240,21656,RIDGED GLASS POSY VASE,444.580,219,0.004615
2241,23509,MINI PLAYING CARDS FUN FAIR,444.350,1048,0.004613
2242,21063,PARTY INVITES JAZZ HEARTS,443.930,512,0.004609
2243,20903,VINTAGE KEEPSAKE BOX TRAVELOGUE,441.890,82,0.004587
2244,35637A,IVORY STRING CURTAIN WITH POLE,440.620,170,0.004574
2245,21061,PARTY INVITES FOOTBALL,439.800,474,0.004566
2246,22638,SET OF 4 NAPKIN CHARMS CROWNS,439.220,246,0.00456
2247,21580,RABBIT  DESIGN  COTTON TOTE BAG,439.110,180,0.004559
2248,84596E,SMALL LICORICE DES PINK BOWL,436.780,574,0.004534
2249,84920,PINK FLOWER FABRIC PONY,434.980,112,0.004516
2250,35653,VINTAGE BEAD NOTEBOOK,433.190,150,0.004497
2251,35599D,PINK AND WHITE CHRISTMAS TREE 120CM,432.120,160,0.004486
2252,85111,SILVER GLITTER FLOWER VOTIVE HOLDER,432.090,1405,0.004486
2253,84820,DANISH ROSE TRINKET TRAYS,431.650,207,0.004481
2254,22229,BUNNY WOODEN PAINTED WITH FLOWER,431.290,565,0.004477
2255,85130C,BEADED CRYSTAL HEART BLUE  LARGE,430.900,474,0.004473
2256,23548,WRAP MAGIC FOREST,430.500,1025,0.004469
2257,20669,RED HEART LUGGAGE TAG,430.120,297,0.004465
2258,46776C,WOVEN FROST CUSHION COVER,429.200,102,0.004456
2259,72819,CUPID DESIGN SCENTED CANDLES,429.070,161,0.004454
2260,21002,ROSE DU SUD DRAWSTRING BAG,428.660,125,0.00445
2261,20831,GOLD PHOTO FRAME,428.610,168,0.00445
2262,22216,T-LIGHT HOLDER WHITE LACE,428.350,398,0.004447
2263,23023,RIDGED BONNE JAM JAR T-LIGHT HOLDER,427.920,268,0.004442
2264,84976,RECTANGULAR SHAPED MIRROR,427.720,495,0.00444
2265,77101A,UNION FLAG WINDSOCK,426.940,387,0.004432
2266,22517,CHILDS GARDEN RAKE PINK,426.910,193,0.004432
2267,20934,SET/3 POT PLANT CANDLES,424.460,68,0.004406
2268,20619,TROPICAL PASSPORT COVER,423.130,258,0.004393
2269,21088,SET/6 FRUIT SALAD PAPER CUPS,422.890,1653,0.00439
2270,84360,TABLE LAMP WHITE SHADE WOOD BASE,422.220,76,0.004383
2271,21318,GLASS CHALICE BLUE SMALL,421.780,694,0.004379
2272,90154,LAZER CUT NECKLACE W PASTEL BEADS,421.750,57,0.004378
2273,72799F,IVORY PILLAR CANDLE GOLD FLOCK,421.130,144,0.004372
2274,17107D,"FLOWER FAIRY,5 SUMMER B'DRAW LINERS",420.750,165,0.004368
2275,85071C,"CHARLIE+LOLA""EXTREMELY BUSY"" SIGN",420.310,675,0.004363
2276,21129,SILVER FISHING GNOME,419.520,52,0.004355
2277,23044,PAPER LANTERN 9 POINT HOLLY STAR S,419.140,100,0.004351
2278,21220,SET/4 BADGES DOGS,419.120,326,0.004351
2279,84931B,BLUE SCOTTIE DOG W FLOWER PATTERN,419.120,176,0.004351
2280,21374,MIRRORED WALL ART SKULLS,418.790,268,0.004348
2281,22344,PARTY PIZZA DISH PINK POLKADOT,417.060,1000,0.00433
2282,85208,SET/12 FUNKY FELT FLOWER PEG IN BAG,416.910,223,0.004328
2283,21415,CLAM SHELL SMALL,416.790,182,0.004327
2284,20762,GREEN FERN SKETCHBOOK,416.330,105,0.004322
2285,20768,GREEN FERN JOURNAL,415.760,168,0.004316
2286,21758,VINTAGE SHELLS PRINT,415.000,49,0.004308
2287,21003,ROSE DU SUD CUSHION COVER,414.260,70,0.004301
2288,22647,CERAMIC LOVE HEART MONEY BANK,413.750,605,0.004295
2289,22390,PAPERWEIGHT CHILDHOOD MEMORIES,411.700,216,0.004274
2290,21817,GLITTER CHRISTMAS TREE,410.910,906,0.004266
2291,35599B,BLACK CHRISTMAS TREE 120CM,410.730,145,0.004264
2292,20830,SILVER PHOTO FRAME,409.830,136,0.004255
2293,22051,BLUE SCANDINAVIAN PAISLEY WRAP,409.500,975,0.004251
2294,20765,CHRYSANTHEMUM SKETCHBOOK,408.590,101,0.004242
2295,21365,MIRRORED WALL ART STARS,408.090,311,0.004236
2296,22640,SET OF 4 NAPKIN CHARMS 3 KEYS,407.910,193,0.004235
2297,84559A,3D SHEET OF DOG STICKERS,407.690,416,0.004232
2298,35004G,SET OF 3 GOLD FLYING DUCKS,405.900,102,0.004214
2299,90114,SUMMER DAISIES BAG CHARM,405.480,162,0.004209
2300,21828,EIGHT PIECE SNAKE  SET,404.660,308,0.004201
2301,21884,CAKES AND BOWS GIFT  TAPE,404.330,1153,0.004197
2302,21147,JINGLE BELLS TREE DECORATION,403.530,196,0.004189
2303,84806B,WHITE CANDYSTUFT ARTIFICIAL FLOWER,402.200,284,0.004175
2304,16219,HOUSE SHAPE PENCIL SHARPENER,401.010,3026,0.004163
2305,22545,MINI JIGSAW BUNNIES,399.910,974,0.004152
2306,84600,NEW BAROQUE JEWELLERY BOX,399.190,47,0.004144
2307,37476,CONDIMENT TRAY 4 BOWLS AND 4 SPOONS,399.020,37,0.004142
2308,85203,HANGING WOOD AND FELT BUTTERFLY,398.910,871,0.004141
2309,84821,DANISH ROSE DELUXE COASTER,397.270,883,0.004124
2310,18007,ESSENTIAL BALM 3.5g TIN IN ENVELOPE,395.610,5884,0.004107
2311,22643,SET OF 4 NAPKIN CHARMS LEAVES,395.570,190,0.004107
2312,22214,CANDLE PLATE LACE WHITE,391.890,167,0.004068
2313,85232A,SET/3 POLKADOT STACKING TINS,389.550,78,0.004044
2314,20867,PINK ROSE FABRIC MIRROR,388.510,328,0.004033
2315,84974,S/2 ZINC HEART DESIGN PLANTERS,388.050,39,0.004028
2316,22256,FELT FARM ANIMAL CHICKEN,387.900,286,0.004027
2317,20705,MRS ROBOT SOFT TOY,383.500,130,0.003981
2318,20854,BLUE PATCH PURSE PINK HEART,383.020,242,0.003976
2319,22048,BIRTHDAY BANQUET GIFT WRAP,383.000,950,0.003976
2320,47421,ASSORTED COLOUR LIZARD SUCTION HOOK,382.080,968,0.003966
2321,84919,BLUE CUSHION COVER WITH FLOWER,381.780,58,0.003963
2322,85136C,RED SHARK HELICOPTER,381.430,47,0.00396
2323,22510,GINGHAM BABUSHKA DOORSTOP,380.620,182,0.003951
2324,21562,HAWAIIAN GRASS SKIRT,380.360,324,0.003949
2325,90161C,ANT COPPER LIME BOUDICCA BRACELET,378.030,76,0.003924
2326,84247E,PACK OF 12 CHRISTMAS FUN CARDS,376.710,137,0.003911
2327,23039,T-LIGHT HOLDER SILVER HEART HANDLE,376.310,187,0.003907
2328,47367B,PAIR PADDED HANGERS PINK CHECK,376.270,112,0.003906
2329,22598,CHRISTMAS MUSICAL ZINC TREE,375.280,892,0.003896
2330,21635,MADRAS NOTEBOOK LARGE,374.960,271,0.003893
2331,85168B,BLACK BAROQUE CARRIAGE CLOCK,374.760,44,0.00389
2332,21879,HEARTS GIFT TAPE,374.740,1161,0.00389
2333,22447,PIN CUSHION BABUSHKA BLUE,374.460,118,0.003887
2334,23058,CHRISTMAS HANGING SNOWFLAKE,374.460,426,0.003887
2335,84663A,GRASS HOPPER WOODEN WALL CLOCK,374.120,272,0.003884
2336,16045,POPART WOODEN PENCILS ASST,372.000,8700,0.003862
2337,84826,ASSTD DESIGN 3D PAPER STICKERS,371.900,1070,0.003861
2338,22405,MONEY BOX POCKET MONEY DESIGN,371.750,273,0.003859
2339,17012A,ORIGAMI VANILLA INCENSE/CANDLE SET,371.680,318,0.003859
2340,23415,HOME SWEET HOME HOOK,371.230,223,0.003854
2341,21881,CUTE CATS TAPE,370.420,1087,0.003845
2342,90160C,TURQ+RED BOUDICCA LARGE BRACELET,369.970,53,0.003841
2343,84563A,PINK & WHITE BREAKFAST TRAY,369.840,96,0.003839
2344,21579,LOLITA  DESIGN  COTTON TOTE BAG,369.220,158,0.003833
2345,90200E,GREEN SWEETHEART BRACELET,368.560,90,0.003826
2346,84658,WHITE STITCHED CUSHION COVER,367.850,51,0.003819
2347,22769,CHALKBOARD KITCHEN ORGANISER,366.730,11,0.003807
2348,23116,VEGETABLE GARDEN CHOPPING BOARD,366.700,74,0.003807
2349,21320,GLASS CHALICE GREEN  LARGE,364.220,197,0.003781
2350,22265,EASTER DECORATION NATURAL CHICK,363.550,536,0.003774
2351,21197,MULTICOLOUR  CONFETTI IN TUBE,363.160,272,0.00377
2352,16011,ANIMAL STICKERS,362.040,1724,0.003758
2353,35957,SMALLFOLKART BAUBLE CHRISTMAS DEC,361.810,688,0.003756
2354,23337,EGG FRYING PAN MINT,361.770,169,0.003756
2355,21348,PINK SPOTS CHOCOLATE NESTING BOXES,361.560,140,0.003753
2356,21945,STRAWBERRIES  DESIGN FLANNEL,361.540,350,0.003753
2357,21131,GOLD STANDING GNOME,360.520,76,0.003743
2358,35095A,BLUE VICTORIAN FABRIC OVAL BOX,359.790,876,0.003735
2359,84632,DECORATIVE HANGING SHELVING UNIT,359.700,6,0.003734
2360,20856,DENIM PATCH PURSE PINK BUTTERFLY,357.290,216,0.003709
2361,23661,MILK MAIDS MUG,357.260,206,0.003709
2362,82095,HEART BUTTONS JEWELLERY BOX,356.110,68,0.003697
2363,85169D,PINK LOVE BIRD CANDLE,356.080,351,0.003697
2364,35964,FOLKART CLIP ON STARS,355.970,700,0.003695
2365,84915,HAND TOWEL PINK FLOWER AND DAISY,355.810,213,0.003694
2366,90209B,GREEN ENAMEL+GLASS HAIR COMB,355.640,184,0.003692
2367,23691,WRAP KEEP CALM BIRTHDAY,355.500,875,0.003691
2368,21000,ROSE DU SUD COSMETICS BAG,354.260,94,0.003678
2369,22406,MONEY BOX KINGS CHOICE DESIGN,352.700,253,0.003661
2370,22532,MAGIC DRAWING SLATE LEAP FROG,352.470,1038,0.003659
2371,21724,PANDA AND BUNNIES STICKER SHEET,351.720,405,0.003651
2372,23339,EGG FRYING PAN BLUE,351.160,157,0.003645
2373,85169B,BLACK LOVE BIRD CANDLE,351.140,327,0.003645
2374,23150,IVORY SWEETHEART SOAP DISH,350.930,133,0.003643
2375,84569A,PACK 3 IRON ON DOG PATCHES,350.920,292,0.003643
2376,22486,PLASMATRONIC LAMP,350.480,50,0.003638
2377,35954,SMALL FOLKART STAR CHRISTMAS DEC,350.480,1245,0.003638
2378,79030D,TUMBLER BAROQUE,350.230,581,0.003636
2379,21664,RIDGED GLASS STORAGE JAR CREAM LID,350.220,98,0.003636
2380,23459,DOLLY CABINET 2 DRAWERS,350.000,28,0.003633
2381,37482P,CUBIC MUG PINK POLKADOT,349.350,494,0.003627
2382,23420,PANTRY HOOK TEA STRAINER,349.290,163,0.003626
2383,21421,PORCELAIN ROSE LARGE,348.430,299,0.003617
2384,21051,RIBBONS PURSE,347.870,179,0.003611
2385,21723,ALPHABET HEARTS STICKER SHEET,347.600,395,0.003609
2386,21689,SILVER VANILLA  FLOWER CANDLE POT,347.370,89,0.003606
2387,23421,PANTRY HOOK SPATULA,347.120,159,0.003604
2388,84563B,BLUE & WHITE BREAKFAST TRAY,346.300,94,0.003595
2389,90200B,BLACK SWEETHEART BRACELET,346.280,82,0.003595
2390,20700,GREEN CAT FLORAL CUSHION COVER,345.170,73,0.003583
2391,84924A,WAKE UP COCKEREL CALENDAR SIGN,344.840,80,0.00358
2392,47591B,SCOTTIES CHILDRENS APRON,344.790,209,0.003579
2393,84849A,HELLO SAILOR BLUE SOAP HOLDER,344.340,180,0.003575
2394,21001,ROSE DU SUD WASHBAG,344.060,72,0.003572
2395,20652,BLUE POLKADOT LUGGAGE TAG,343.150,263,0.003562
2396,84766,SILVER ROCOCO CANDLE STICK,340.700,146,0.003537
2397,21555,CERAMIC STRAWBERRY TRINKET TRAY,340.630,133,0.003536
2398,84631,FRUIT TREE AND BIRDS WALL PLAQUE,340.580,40,0.003536
2399,22345,PARTY PIZZA DISH BLUE POLKADOT,340.490,877,0.003535
2400,35095B,RED VICTORIAN FABRIC OVAL BOX,340.190,845,0.003532
2401,21060,PARTY INVITES BALLOON GIRL,339.240,386,0.003522
2402,23015,CORDIAL GLASS JUG,338.380,40,0.003513
2403,90161B,ANT COPPER TURQ BOUDICCA BRACELET,338.190,68,0.003511
2404,22346,PARTY PIZZA DISH GREEN POLKADOT,337.200,803,0.003501
2405,21221,SET/4 BADGES CUTE CREATURES,336.510,259,0.003493
2406,90149,SILVER FLOWR PINK SHELL NECKLACE,335.280,52,0.003481
2407,21373,MIRRORED WALL ART SNOWFLAKES,334.290,439,0.00347
2408,23047,PAPER LANTERN 5 POINT SEQUIN STAR,333.500,58,0.003462
2409,22259,FELT FARM ANIMAL HEN,332.840,481,0.003455
2410,21222,SET/4 BADGES BEETLES,332.180,258,0.003448
2411,23428,IVORY RETRO KITCHEN WALL CLOCK,331.630,41,0.003443
2412,84638,SMALL KITCHEN FLOWER POTS PLAQUE,331.500,50,0.003441
2413,85213,MINI  ZINC GARDEN DECORATIONS,330.550,829,0.003432
2414,71270,PHOTO CLIP LINE,328.810,233,0.003413
2415,21263,GREEN GOOSE FEATHER TREE 60CM,327.720,156,0.003402
2416,22108,PING! MICROWAVE PLATE,327.120,111,0.003396
2417,16259,PIECE OF CAMO STATIONERY SET,326.560,3380,0.00339
2418,22529,MAGIC DRAWING SLATE GO TO THE FAIR,326.350,797,0.003388
2419,85230B,CINNAMON SCENTED VOTIVE CANDLE,326.240,1264,0.003387
2420,22104,MIRROR MOSAIC CANDLE PLATE,325.780,277,0.003382
2421,84952B,BLACK LOVE BIRD T-LIGHT HOLDER,324.680,185,0.003371
2422,21285,RETROSPOT CANDLE  MEDIUM,324.570,136,0.003369
2423,85204,HANGING WOOD AND FELT FLOWER,324.400,2042,0.003368
2424,90147,CHUNKY SILVER NECKLACE PASTEL FLOWE,324.010,32,0.003364
2425,85205B,PINK FELT EASTER RABBIT GARLAND,323.150,122,0.003355
2426,21403,BLUE EGG  SPOON,320.560,1851,0.003328
2427,16008,SMALL FOLDING SCISSOR(POINTED EDGE),320.390,2556,0.003326
2428,84926E,FLOWERS TILE COASTER,319.680,940,0.003319
2429,22202,MILK PAN PINK POLKADOT,319.350,64,0.003315
2430,22092,BLUE PAISLEY TISSUE BOX,318.670,663,0.003308
2431,85179A,GREEN BITTY LIGHT CHAIN,318.670,168,0.003308
2432,20782,CAMOUFLAGE EAR MUFF HEADPHONES,317.480,47,0.003296
2433,84931A,PINK SCOTTIE DOG W FLOWER PATTERN,317.440,133,0.003295
2434,23597,PAPER BUNTING PAISLEY PARK,317.020,110,0.003291
2435,72586,SET OF 6 HALLOWEEN GHOST T-LIGHTS,317.000,690,0.003291
2436,22765,NEWSPAPER STAND,316.950,27,0.00329
2437,85170B,SET/6 BLACK BIRD T-LIGHT CANDLES,316.750,215,0.003288
2438,35915C,PEACH KNITTED HEN,316.460,315,0.003285
2439,84876B,GREEN HEART COMPACT MIRROR,315.810,218,0.003279
2440,47594B,SCOTTIES DESIGN WASHBAG,314.550,170,0.003265
2441,84584,PINK GINGHAM CAT WITH SCARF,314.510,144,0.003265
2442,85202,HANGING WOOD AND FELT HEART,313.130,672,0.003251
2443,84358,FLOOR LAMP SHADE WOOD BASE,312.700,33,0.003246
2444,21248,DOOR HANGER  MUM + DADS ROOM,310.420,191,0.003223
2445,21841,BABY MOUSE RED GINGHAM DRESS,310.250,73,0.003221
2446,22100,SKULLS SQUARE TISSUE BOX,309.850,645,0.003217
2447,16236,KITTY PENCIL ERASERS,309.590,1392,0.003214
2448,23478,WOODLAND LARGE PINK FELT HEART,309.400,273,0.003212
2449,47021G,SET/6 BEAD COASTERS GAUZE BAG GOLD,309.300,582,0.003211
2450,21375,LARGE CAMPHOR WOOD FIELD MUSHROOM,309.020,38,0.003208
2451,46776D,WOVEN SUNSET CUSHION COVER,308.080,72,0.003198
2452,20936,FORKED CACTUS CANDLE,306.830,97,0.003185
2453,17084N,FAIRY DREAMS INCENSE,305.960,1234,0.003176
2454,16238,PARTY TIME PENCIL ERASERS,305.080,1335,0.003167
2455,72122,COFFEE SCENT PILLAR CANDLE,304.680,303,0.003163
2456,22040,BOTANICAL ROSE GIFT WRAP,304.500,725,0.003161
2457,21425,SKULLS STORAGE BOX LARGE,302.790,81,0.003143
2458,84708B,PINK JEWELLED PHOTO FRAME,301.600,57,0.003131
2459,22641,SET OF 4 NAPKIN CHARMS INSTRUMENT,301.360,136,0.003129
2460,35912B,WHITE/PINK CHICK DECORATION,301.260,252,0.003127
2461,21719,LOVELY BONBON STICKER SHEET,300.920,341,0.003124
2462,22135,MINI LADLE LOVE HEART PINK,299.900,533,0.003113
2463,22134,MINI LADLE LOVE HEART RED,299.490,576,0.003109
2464,21026,SPACE OWL,298.530,248,0.003099
2465,20897,VINTAGE NOTEBOOK PARIS DAYS,298.270,107,0.003096
2466,46118,FUNKY MONKEY CUSHION COVER,297.250,224,0.003086
2467,84510C,SET OF 4 POLKADOT COASTERS,296.480,166,0.003078
2468,84596J,MIXED NUTS LIGHT GREEN BOWL,296.450,568,0.003078
2469,21942,SKULLS DESIGN FLANNEL,296.390,273,0.003077
2470,22409,MONEY BOX BISCUITS DESIGN,295.970,225,0.003073
2471,21284,RETROSPOT CANDLE  SMALL,295.810,231,0.003071
2472,20622,VIPPASSPORT COVER,295.440,183,0.003067
2473,22547,MINI JIGSAW DINOSAUR,295.120,628,0.003064
2474,35911A,MULTICOLOUR RABBIT EGG WARMER,292.070,319,0.003032
2475,22049,WRAP CHRISTMAS SCREEN PRINT,291.500,1050,0.003026
2476,21371,MIRRORED WALL ART POPPIES,291.210,249,0.003023
2477,20780,BLACK EAR MUFF HEADPHONES,291.120,45,0.003022
2478,85129D,BEADED CRYSTAL HEART PINK SMALL,291.080,186,0.003022
2479,20655,QUEEN OF SKIES LUGGAGE TAG,291.040,196,0.003021
2480,23410,CURIO CABINET LINEN AND LACE,290.100,36,0.003012
2481,16015,MEDIUM CHINESE STYLE SCISSOR,289.980,662,0.00301
2482,22043,CHRISTMAS CARD SCREEN PRINT,289.020,1188,0.003
2483,21503,TOYBOX  WRAP,288.920,726,0.002999
2484,85024B,EAU DE NILE JEWELLED PHOTOFRAME,288.000,192,0.00299
2485,21944,KITTENS DESIGN FLANNEL,285.660,290,0.002966
2486,20618,QUEEN OF THE SKIES PASSPORT COVER,284.290,147,0.002951
2487,71403,"PINK/WHITE ""KEEP CLEAN"" BULLET BIN",283.960,76,0.002948
2488,18094C,WHITE AND BLUE CERAMIC OIL BURNER,283.930,192,0.002948
2489,84661B,BLACK SQUARE TABLE CLOCK,283.430,99,0.002942
2490,84341B,SMALL PINK MAGIC CHRISTMAS TREE,282.380,645,0.002931
2491,23037,CANDLE HOLDER SILVER MADELINE,282.270,171,0.00293
2492,21167,WHITE SAGE INCENSE,281.910,1191,0.002927
2493,21442,GREEN BIRDHOUSE DECORATION,281.340,297,0.002921
2494,22257,FELT FARM ANIMAL SHEEP,280.420,373,0.002911
2495,71101E,STANDING FAIRY POLE SUPPORT,278.500,346,0.002891
2496,85188A,GREEN METAL SWINGING BUNNY,278.170,319,0.002888
2497,21725,SWEETIES  STICKERS,277.240,301,0.002878
2498,72801D,4 SKY BLUE DINNER CANDLES,275.690,139,0.002862
2499,21250,SET OF SKULL WALL STICKERS,274.370,95,0.002848
2500,85186A,EASTER BUNNY GARLAND OF FLOWERS,273.640,567,0.002841
2501,37413,ICON MUG REVOLUTIONARY,273.570,675,0.00284
2502,16218,CARTOON  PENCIL SHARPENERS,273.410,3716,0.002838
2503,22052,VINTAGE CARAVAN GIFT WRAP,273.000,650,0.002834
2504,21293,MIRRORED DOVE WALL DECORATION,272.590,115,0.00283
2505,46776E,WOVEN CANDY CUSHION COVER,271.910,63,0.002823
2506,20734,SILVER MINI TAPE MEASURE,271.220,158,0.002816
2507,21386,IVORY HANGING DECORATION  EGG,271.200,633,0.002815
2508,85214,TUB 24 PINK FLOWER PEGS,271.040,164,0.002814
2509,85019C,CURIOUS  IMAGES NOTEBOOK SET,270.720,182,0.00281
2510,23567,EGG CUP HENRIETTA HEN PINK,270.610,201,0.002809
2511,20684,STRAWBERRY DREAM CHILDS UMBRELLA,270.560,80,0.002809
2512,21815,STAR  T-LIGHT HOLDER,270.230,158,0.002805
2513,21275,ZINC TOP  2 DOOR WOODEN SHELF,270.080,13,0.002804
2514,90198A,VINTAGE ROSE BEAD BRACELET RASPBERR,270.080,64,0.002804
2515,35001W,HAND OPEN SHAPE DECO.WHITE,270.020,92,0.002803
2516,79051A,SMOKEY GREY COLOUR D.O.F. GLASS,269.810,769,0.002801
2517,23429,RED RETRO KITCHEN WALL CLOCK,269.610,31,0.002799
2518,21761,WOOD AND GLASS MEDICINE CABINET,269.550,9,0.002798
2519,79190B,RETRO PLASTIC POLKA TRAY,269.460,662,0.002797
2520,85186C,BUNNY EGG GARLAND,269.170,528,0.002794
2521,21286,RETROSPOT CANDLE  LARGE,268.900,115,0.002792
2522,21785,RAIN PONCHO,268.760,411,0.00279
2523,21644,ASSORTED TUTTI FRUTTI HEART BOX,268.750,215,0.00279
2524,21332,MOROCCAN BEATEN METAL MIRROR,268.100,19,0.002783
2525,21666,RIDGED GLASS T-LIGHT HOLDER,267.910,388,0.002781
2526,17013D,ORIGAMI ROSE INCENSE IN TUBE,267.820,535,0.00278
2527,21445,12 PINK ROSE PEG PLACE SETTINGS,267.500,214,0.002777
2528,85230E,STRAWBRY SCENTED VOTIVE CANDLE,267.450,1101,0.002776
2529,16169M,WRAP DAISY CARPET,266.700,635,0.002769
2530,84926D,LA PALMIERA TILE COASTER,265.950,680,0.002761
2531,21441,BLUE BIRDHOUSE DECORATION,265.430,281,0.002756
2532,84859A,SILVER DISCO HANDBAG,264.730,127,0.002748
2533,23476,WOODLAND LARGE RED FELT HEART,264.720,205,0.002748
2534,90160D,PINK BOUDICCA LARGE BRACELET,264.700,38,0.002748
2535,84952A,CLEAR LOVE BIRD T-LIGHT HOLDER,264.470,92,0.002746
2536,85124B,BLUE JUICY FRUIT PHOTO FRAME,264.060,93,0.002741
2537,21279,VINTAGE KITCHEN PRINT FRUITS,263.600,84,0.002737
2538,20699,MOUSEY LONG LEGS SOFT TOY,263.480,96,0.002735
2539,72801C,4 ROSE PINK DINNER CANDLES,263.000,177,0.00273
2540,20794,BLUE  TILE HOOK,262.670,93,0.002727
2541,85039C,S/4 BLACK MINI ROSE CANDLE IN BOWL,262.510,303,0.002725
2542,20771,CHRYSANTHEMUM  JOURNAL,262.030,100,0.00272
2543,85124C,GREEN JUICY FRUIT PHOTO FRAME,261.890,94,0.002719
2544,90184B,AMETHYST CHUNKY BEAD BRACELET W STR,261.740,29,0.002717
2545,84858C,PINK RIVIERA HANDBAG,261.680,186,0.002717
2546,20755,BLUE PAISLEY POCKET BOOK,260.970,294,0.002709
2547,79337,BLUE FLOCK GLASS CANDLEHOLDER,259.960,644,0.002699
2548,20777,CHRYSANTHEMUM NOTEBOOK,259.670,155,0.002696
2549,21324,HANGING MEDINA LANTERN SMALL,259.670,81,0.002696
2550,22889,NUMBER TILE VINTAGE FONT No,259.670,168,0.002696
2551,23137,ZINC WIRE SWEETHEART LETTER TRAY,259.370,70,0.002693
2552,90161D,ANT COPPER PINK BOUDICCA BRACELET,259.370,52,0.002693
2553,90160A,PURPLE BOUDICCA LARGE BRACELET,257.870,37,0.002677
2554,35915B,BLUE KNITTED HEN,257.220,220,0.00267
2555,21458,2 PICTURE BOOK EGGS EASTER BUNNY,256.540,182,0.002663
2556,78124,MAGAZINE RACK GEBRA ASSORTED,256.500,198,0.002663
2557,84559B,3D SHEET OF CAT STICKERS,255.620,260,0.002654
2558,84952C,MIRROR LOVE BIRD T-LIGHT HOLDER,255.000,144,0.002647
2559,21269,ANTIQUE CREAM CUTLERY SHELF,254.980,29,0.002647
2560,21547,CERAMIC BIRDHOUSE CRESTED TIT SMALL,253.530,79,0.002632
2561,23149,ANTIQUE IVORY WIRE BOWL SMALL,251.450,99,0.00261
2562,21882,SKULLS TAPE,251.170,704,0.002607
2563,23481,PEARLISED IVORY HEART SMALL,251.170,204,0.002607
2564,16012,FOOD/DRINK SPONGE STICKERS,250.950,1195,0.002605
2565,22164,STRING OF STARS CARD HOLDER,250.220,78,0.002598
2566,85230G,ORANGE VOTIVE CANDLE,250.080,1008,0.002596
2567,23141,TRIPLE WIRE HOOK PINK HEART,248.820,58,0.002583
2568,85071D,CHARLIE+LOLA MY ROOM DOOR SIGN,248.320,400,0.002578
2569,84678,CLASSICAL ROSE SMALL VASE,247.040,142,0.002565
2570,72800B,4 PURPLE FLOCK DINNER CANDLES,246.990,93,0.002564
2571,22869,NUMBER TILE COTTAGE GARDEN 1,246.140,96,0.002555
2572,47422,ASSORTED MONKEY SUCTION CUP HOOK,245.760,616,0.002551
2573,21190,PINK HEARTS PAPER GARLAND,245.200,168,0.002545
2574,20819,SILVER TEDDY BEAR,244.720,64,0.002541
2575,84422,PINK/BLUE DISC/MIRROR STRING,244.170,566,0.002535
2576,21427,SKULLS STORAGE BOX SMALL,243.840,90,0.002531
2577,22512,DOORSTOP RACING CAR DESIGN,243.250,96,0.002525
2578,20616,CHERRY BLOSSOM PASSPORT COVER,242.780,193,0.00252
2579,21676,FLOWERS  STICKERS,242.100,255,0.002513
2580,23495,SET OF 3 PANTRY WOODEN SPOONS,241.900,179,0.002511
2581,22954,HEN PARTY CORDON BARRIER TAPE,241.380,197,0.002506
2582,84592,CROCHET ROSE PURSE WITH SUEDE BACK,241.240,76,0.002504
2583,22870,NUMBER TILE COTTAGE GARDEN 2,240.290,93,0.002495
2584,22137,BATHROOM SET LOVE HEART DESIGN,237.980,82,0.002471
2585,47469,ASSORTED SHAPES PHOTO CLIP SILVER,237.310,467,0.002464
2586,20997,ROSE DU SUD CUSHION COVER,236.960,54,0.00246
2587,90143,SILVER BRACELET W PASTEL FLOWER,236.780,31,0.002458
2588,72131,COLUMBIAN CANDLE RECTANGLE,236.400,136,0.002454
2589,21360,JOY LARGE WOOD LETTERS,236.170,39,0.002452
2590,90200A,PURPLE SWEETHEART BRACELET,235.640,56,0.002446
2591,22124,SET OF 2 TEA TOWELS PING MICROWAVE,235.290,91,0.002443
2592,85095,THREE CANVAS LUGGAGE TAGS,235.230,148,0.002442
2593,47351B,BLUE  VOILE LAMPSHADE,234.500,86,0.002434
2594,85094,CANDY SPOT EGG WARMER RABBIT,234.280,629,0.002432
2595,85023B,EAU DE NILE JEWELLED PHOTOFRAME,232.800,104,0.002417
2596,84857C,PINK MONTE CARLO HANDBAG,232.330,98,0.002412
2597,90201B,BLACK ENAMEL FLOWER RING,232.300,79,0.002412
2598,21265,PINK GOOSE FEATHER TREE 60CM,232.110,113,0.00241
2599,21028,NINJA RABBIT BLACK,231.860,184,0.002407
2600,84712B,PINK JEWELLED PHOTO FRAME,231.560,30,0.002404
2601,23465,TUSCAN VILLA BIRD FEEDER,231.000,28,0.002398
2602,20696,FLORAL SOFT CAR TOY,230.810,54,0.002396
2603,21973,SET OF 36 MUSHROOM PAPER DOILIES,230.550,159,0.002393
2604,22391,PAPERWEIGHT HOME SWEET HOME,230.370,119,0.002392
2605,21379,CAMPHOR WOOD PORTOBELLO MUSHROOM,230.090,151,0.002389
2606,21161,KEEP OUT BOYS DOOR HANGER,229.920,143,0.002387
2607,85040B,SET/4 BLUE FLOWER CANDLES IN BOWL,229.470,137,0.002382
2608,85200,BUNNY EGG BOX,228.750,183,0.002375
2609,20775,DAISY NOTEBOOK,228.650,131,0.002374
2610,16216,LETTER SHAPE PENCIL SHARPENER,227.400,3223,0.002361
2611,72800D,4 BLUE DINNER CANDLES SILVER FLOCK,226.670,87,0.002353
2612,23003,TRAVEL CARD WALLET VINTAGE ROSE,226.200,542,0.002348
2613,21157,RED RETROSPOT WASHBAG,225.500,78,0.002341
2614,21647,ASSORTED TUTTI FRUTTI LARGE PURSE,224.700,107,0.002333
2615,21025,SPACE FROG,223.680,170,0.002322
2616,21657,MILK BOTTLE WITH GLASS STOPPER,223.460,30,0.00232
2617,84218,BOX/12 CHICK & EGG IN BASKET,223.110,123,0.002316
2618,21364,PEACE SMALL WOOD LETTERS,222.960,30,0.002315
2619,23474,WOODLAND SMALL BLUE FELT HEART,222.940,258,0.002314
2620,90201D,GREEN ENAMEL FLOWER RING,222.940,76,0.002314
2621,72800C,4 PINK DINNER CANDLE SILVER FLOCK,221.010,81,0.002294
2622,22394,PAPERWEIGHT KINGS CHOICE,220.930,143,0.002294
2623,35967,FOLK ART METAL STAR T-LIGHT HOLDER,219.190,439,0.002275
2624,90058B,CRYSTAL STUD EARRINGS ASSORTED COL,218.880,576,0.002272
2625,35914,PINK CHICK EGG WARMER + EGG CUP,218.810,195,0.002272
2626,90010E,AMBER GLASS/SILVER BRACELET,218.740,24,0.002271
2627,75178,ASSTD COL BUTTERFLY/CRYSTAL W/CHIME,217.620,458,0.002259
2628,20847,ZINC HEART LATTICE CHARGER LARGE,217.580,52,0.002259
2629,84876D,BLUE HEART COMPACT MIRROR,217.500,128,0.002258
2630,23036,T-LIGHT HOLDER SILVER PETIT FOUR,217.420,172,0.002257
2631,20868,SILVER FABRIC MIRROR,216.620,451,0.002249
2632,21132,SILVER STANDING GNOME,214.860,42,0.002231
2633,21316,SMALL CHUNKY GLASS ROMAN  BOWL,214.730,159,0.002229
2634,22031,BOTANICAL LAVENDER BIRTHDAY CARD,213.850,478,0.00222
2635,20659,ECONOMY LUGGAGE TAG,213.610,144,0.002218
2636,21520,BOOZE & WOMEN GREETING CARD,213.360,503,0.002215
2637,84711A,SILVER OVAL SHAPE TRINKET BOX,211.850,24,0.002199
2638,23695,DOILY THANK YOU CARD,211.780,495,0.002199
2639,90200C,BLUE SWEETHEART BRACELET,211.430,50,0.002195
2640,23475,WOODLAND SMALL PINK FELT HEART,210.640,248,0.002187
2641,72127,COLUMBIAN CANDLE ROUND,210.610,169,0.002186
2642,84877B,GREEN ROUND COMPACT MIRROR,210.560,144,0.002186
2643,22882,NUMBER TILE VINTAGE FONT 3,209.800,106,0.002178
2644,90160B,RED BOUDICCA LARGE BRACELET,209.730,30,0.002177
2645,90158,ST TROPEZ NECKLACE,209.180,42,0.002172
2646,21750,LARGE SKULL WINDMILL,207.510,90,0.002154
2647,21456,2 PICTURE BOOK EGGS EASTER CHICKS,207.220,159,0.002151
2648,22410,MONEY BOX HOUSEKEEPING DESIGN,207.160,155,0.002151
2649,22878,NUMBER TILE COTTAGE GARDEN No,204.190,75,0.00212
2650,16048,TEATIME ROUND PENCIL SHARPENER,203.640,1458,0.002114
2651,84926A,WAKE UP COCKEREL TILE COASTER,203.560,580,0.002113
2652,21911,GARDEN METAL SIGN,203.210,114,0.00211
2653,84688,BEACH HUT DESIGN BLACKBOARD,203.070,41,0.002108
2654,21377,SMALL CAMPHOR WOOD FIELD  MUSHROOM,203.030,96,0.002108
2655,20781,GOLD EAR MUFF HEADPHONES,202.870,32,0.002106
2656,90120C,GREEN MURANO TWIST BRACELET,202.750,48,0.002105
2657,20763,DAISY SKETCHBOOK,201.290,72,0.00209
2658,90175A,WHITE GLASS CHUNKY CHARM BRACELET,199.880,22,0.002075
2659,47594A,CAROUSEL DESIGN WASHBAG,199.840,108,0.002075
2660,20769,DAISY JOURNAL,199.710,73,0.002073
2661,44235,ASS COL CIRCLE MOBILE,198.780,535,0.002064
2662,21651,HANGING GLASS ETCHED TEALIGHT,198.570,127,0.002061
2663,22541,MINI JIGSAW LEAP FROG,198.060,496,0.002056
2664,90014A,SILVER/MOP ORBIT NECKLACE,196.790,25,0.002043
2665,90201A,PURPLE ENAMEL FLOWER RING,196.710,67,0.002042
2666,22880,NUMBER TILE VINTAGE FONT 1,196.690,97,0.002042
2667,22044,CHRISTMAS CARD STACK OF PRESENTS,196.440,816,0.002039
2668,71143,SILVER BOOK MARK WITH BEADS,196.360,178,0.002038
2669,85230A,OPIUM SCENTED VOTIVE CANDLE,196.320,816,0.002038
2670,84875B,GREEN SQUARE COMPACT MIRROR,196.050,130,0.002035
2671,90206C,CRYSTAL DIAMANTE STAR BROOCH,194.850,39,0.002023
2672,84051,ASS COLOUR GLOWING TIARAS,194.810,257,0.002022
2673,22263,FELT EGG COSY LADYBIRD,194.340,325,0.002017
2674,90192,JADE DROP EARRINGS W FILIGREE,194.220,39,0.002016
2675,22884,NUMBER TILE VINTAGE FONT 5,194.050,99,0.002014
2676,21726,MULTI HEARTS  STICKERS,193.640,224,0.00201
2677,22289,HANGING METAL CHICKEN DECORATION,193.520,148,0.002009
2678,22881,NUMBER TILE VINTAGE FONT 2,193.430,101,0.002008
2679,84910A,PINK PAISLEY CUSHION COVER,192.140,26,0.001995
2680,21306,SET/4 DAISY MIRROR MAGNETS,191.870,491,0.001992
2681,90019A,SILVER M.O.P ORBIT BRACELET,191.690,37,0.00199
2682,85045,GREEN CHRISTMAS TREE STRING 20LIGHT,191.100,42,0.001984
2683,20617,FIRST CLASS PASSPORT COVER,190.810,92,0.001981
2684,90184C,BLACK CHUNKY BEAD BRACELET W STRAP,190.520,21,0.001978
2685,21376,LARGE  TALL CAMPHOR WOOD TOADSTOOL,190.310,31,0.001976
2686,21378,SMALL TALL CAMPHOR WOOD TOADSTOOL,189.740,107,0.00197
2687,84926F,PSYCHEDELIC TILE COASTER,189.720,426,0.00197
2688,16156L,WRAP CAROUSEL,189.000,450,0.001962
2689,21807,WHITE CHRISTMAS STAR DECORATION,189.000,438,0.001962
2690,22038,BOTANICAL LAVENDER GIFT WRAP,189.000,450,0.001962
2691,21027,NINJA RABBIT PINK,187.790,167,0.001949
2692,20694,FLORAL PINK MONSTER,187.540,43,0.001947
2693,20654,FIRST CLASS LUGGAGE TAG,187.420,149,0.001946
2694,84535A,ENGLISH ROSE NOTEBOOK A6 SIZE,186.560,399,0.001937
2695,21367,MIRRORED WALL ART GENTS,185.530,158,0.001926
2696,78033,FLAG OF ST GEORGE CHAIR,185.300,38,0.001924
2697,21826,EIGHT PIECE DINOSAUR SET,185.180,125,0.001922
2698,22395,PAPERWEIGHT VINTAGE PAISLEY,184.270,72,0.001913
2699,85055,FRENCH ENAMEL UTENSIL HOLDER,183.710,45,0.001907
2700,21402,RED  EGG  SPOON,183.420,1364,0.001904
2701,22883,NUMBER TILE VINTAGE FONT 4,183.220,98,0.001902
2702,47471,RAINBOW PEGS PHOTO CLIP STRING,182.740,284,0.001897
2703,22032,BOTANICAL LILY GREETING CARD,181.980,427,0.001889
2704,84707B,PINK JEWELLED MIRROR TRINKET TRAY,181.300,19,0.001882
2705,84907,PINK YELLOW PATCH CUSHION COVER,180.930,29,0.001878
2706,90018A,SILVER M.O.P ORBIT DROP EARRINGS,180.880,43,0.001878
2707,21311,SET/4 BIRD MIRROR MAGNETS,180.750,457,0.001876
2708,85215,ASSORTED CHEESE FRIDGE MAGNETS,180.710,223,0.001876
2709,90013A,MIDNIGHT BLUE VINTAGE EARRINGS,180.400,48,0.001873
2710,22157,ANGEL DECORATION WITH LACE PADDED,180.200,212,0.001871
2711,90201C,RED ENAMEL FLOWER RING,179.620,61,0.001865
2712,40003,WHITE BAMBOO RIBS LAMPSHADE,179.230,155,0.001861
2713,21847,GREEN  DIAMANTE PEN IN GIFT BOX,178.890,76,0.001857
2714,85131C,BEADED CRYSTAL HEART BLUE ON STICK,178.850,193,0.001857
2715,47578A,ENGLISH ROSE SMALL SCENTED FLOWER,178.800,192,0.001856
2716,84859C,PINK DISCO HANDBAG,178.570,83,0.001854
2717,21721,CANDY SHOP  STICKER SHEET,177.830,194,0.001846
2718,84685,BEACH HUT KEY CABINET,177.330,34,0.001841
2719,23143,ZINC WIRE KITCHEN ORGANISER,176.770,14,0.001835
2720,84711B,PINK OVAL SHAPE TRINKET BOX,176.690,19,0.001834
2721,84429A,MEDIUM PINK BUDDHA HEAD,176.600,52,0.001833
2722,21319,GLASS CHALICE GREEN  SMALL,175.780,161,0.001825
2723,84507C,BLUE CIRCLES DESIGN MONKEY DOLL,175.730,66,0.001824
2724,85211,S/4 GROOVY CAT MAGNETS,175.160,149,0.001818
2725,84927F,PSYCHEDELIC TILE HOOK,175.150,279,0.001818
2726,22764,"RUSTIC WOODEN CABINET, GLASS DOORS",174.770,5,0.001814
2727,84691,PACK 20 DOLLY PEGS,174.500,242,0.001812
2728,84800M,MEDIUM WHITE/PINK ROSE ART FLOWER,174.310,127,0.00181
2729,35810B,ENAMEL BLUE RIM COFFEE CONTAINER,174.090,152,0.001807
2730,21418,STARFISH SOAP DISH,173.950,54,0.001806
2731,84905,PINK BUTTERFLY CUSHION COVER,173.480,35,0.001801
2732,90030B,RED KUKUI COCONUT SEED NECKLACE,172.910,109,0.001795
2733,84509E,SET OF 4 CAROUSEL PLACEMATS,172.390,77,0.00179
2734,82011C,BATHROOM SCALES FOOTPRINTS IN SAND,172.050,51,0.001786
2735,84993A,75 GREEN PETIT FOUR CASES,172.000,344,0.001786
2736,84963A,PINK PAINTED KASHMIRI CHAIR,171.800,4,0.001784
2737,47481,50CM METAL STRING WITH  7 CLIPS,171.790,225,0.001783
2738,62086A,PINK RETRO BIG FLOWER BAG,171.600,88,0.001781
2739,23430,BLUE RETRO KITCHEN WALL CLOCK,171.150,21,0.001777
2740,85146,JARDIN ETCHED GLASS SMALL BELL JAR,171.110,45,0.001776
2741,84804A,CREAM DELPHINIUM ARTIFICIAL FLOWER,171.100,58,0.001776
2742,21196,ROUND WHITE CONFETTI IN TUBE,169.880,96,0.001764
2743,21763,VINTAGE WOODEN BAR STOOL,169.750,6,0.001762
2744,22872,NUMBER TILE COTTAGE GARDEN 4,169.200,70,0.001757
2745,21333,CLASSIC WHITE FRAME,168.160,56,0.001746
2746,90016B,GOLD/M.O.P PENDANT ORBIT NECKLACE,168.020,20,0.001744
2747,90082A,DIAMANTE BOW BROOCH GREEN COLOUR,167.200,26,0.001736
2748,85129B,BEADED CRYSTAL HEART GREEN SMALL,166.130,118,0.001725
2749,21457,2 PICTURE BOOK EGGS EASTER DUCKS,165.890,124,0.001722
2750,21280,VINTAGE KITCHEN PRINT VEGETABLES,165.750,65,0.001721
2751,21331,MOROCCAN BEATEN METAL DISH LARGE,165.740,12,0.001721
2752,72225C,LAVENDER SCENT CAKE CANDLE,165.600,624,0.001719
2753,90119,METALIC LEAVES BAG CHARMS,165.160,67,0.001715
2754,90197B,BLACK GLASS BRACELET W HEART CHARMS,164.800,33,0.001711
2755,85179C,PINK BITTY LIGHT CHAIN,164.170,85,0.001704
2756,90209A,PURPLE ENAMEL+GLASS HAIR COMB,163.800,84,0.0017
2757,85145,JARDIN ETCHED GLASS LARGE BELL JAR,163.750,37,0.0017
2758,85020,ROUND PINK HEART MIRROR,163.610,73,0.001698
2759,22871,NUMBER TILE COTTAGE GARDEN 3,163.350,67,0.001696
2760,16207A,PINK STRAWBERRY HANDBAG,163.100,60,0.001693
2761,21100,CHARLIE AND LOLA CHARLOTTE BAG,162.210,65,0.001684
2762,84683,CLASSICAL ROSE CANDLESTAND,162.200,194,0.001684
2763,85027L,FRENCH CHATEAU LARGE PLATTER,160.500,70,0.001666
2764,84799,SPRIG LAVENDER ARTIFICIAL FLOWER,160.480,224,0.001666
2765,21030,SPACE CADET RED,159.700,131,0.001658
2766,79190A,"RETRO PLASTIC 70'S TRAY",159.290,345,0.001654
2767,16168M,FUNKY MONKEY GIFT BAG MEDIUM,158.890,342,0.001649
2768,90014B,GOLD M PEARL  ORBIT NECKLACE,158.740,17,0.001648
2769,84247G,"DECOUPAGE,GREETING CARD,",158.630,357,0.001647
2770,84882,GREEN WIRE STANDING CANDLE HOLDER,157.340,38,0.001633
2771,23468,TUSCAN VILLA BIRD TABLE,156.750,19,0.001627
2772,23416,CHAMBRE HOOK,156.700,90,0.001627
2773,22885,NUMBER TILE VINTAGE FONT 6,156.260,92,0.001622
2774,90120B,BLUE MURANO TWIST BRACELET,155.820,37,0.001618
2775,21349,IVY HEART WREATH,155.600,18,0.001615
2776,17038,PORCELAIN BUDAH INCENSE HOLDER,155.570,1522,0.001615
2777,90145,SILVER HOOP EARRINGS WITH FLOWER,155.540,26,0.001615
2778,22538,MINI JIGSAW GO TO THE FAIR,155.300,354,0.001612
2779,90175D,TIGRIS EYE CHUNKY CHARM BRACELET,155.140,17,0.001611
2780,84673B,BLUE FLY SWAT,155.000,178,0.001609
2781,84508C,BLUE CIRCLES DESIGN TEDDY,154.950,56,0.001609
2782,84595E,LARGE TORTILLA DESIGN RED BOWL,154.680,78,0.001606
2783,44234,ASSORTED CIRCULAR MOBILE,153.930,689,0.001598
2784,21614,SET OF 12 ROSE BOTANICAL T-LIGHTS,153.290,51,0.001591
2785,22353,LUNCH BOX WITH CUTLERY FAIRY CAKES,153.000,60,0.001588
2786,21698,MOCK LOBSTER FRIDGE MAGNET,152.860,267,0.001587
2787,23697,A PRETTY THANK YOU CARD,152.600,358,0.001584
2788,21145,ANTIQUE GLASS PLACE SETTING,152.500,122,0.001583
2789,90082B,DIAMANTE BOW BROOCH RED COLOUR,152.400,24,0.001582
2790,22415,WHITE TISSUE REAM,151.050,19,0.001568
2791,85135A,YELLOW DRAGONFLY HELICOPTER,151.050,19,0.001568
2792,84877D,BLUE ROUND COMPACT MIRROR,150.930,96,0.001567
2793,22874,NUMBER TILE COTTAGE GARDEN 6,150.810,65,0.001566
2794,84804B,BLUE DELPHINIUM ARTIFICIAL FLOWER,150.450,51,0.001562
2795,21459,YELLOW EASTER EGG HUNT START POST,150.380,76,0.001561
2796,84629,WHITE 3 FRAME BIRDS AND TREE,150.000,20,0.001557
2797,84963B,BLUE PAINTED KASHMIRI CHAIR,149.850,3,0.001556
2798,90013B,BLACK VINTAGE EARRINGS,149.410,36,0.001551
2799,90134,OLD ROSE COMBO BEAD NECKLACE,148.800,51,0.001545
2800,72128,COLUMBIAN CANDLE ROUND,148.790,191,0.001545
2801,90185D,CRYSTAL DIAMANTE EXPANDABLE RING,148.630,35,0.001543
2802,22408,MONEY BOX CONFECTIONERY DESIGN,148.400,109,0.001541
2803,84576,BLUE CAT BISCUIT BARREL PINK HEART,148.320,66,0.00154
2804,22042,CHRISTMAS CARD SINGING ANGEL,148.170,351,0.001538
2805,90010A,MIDNIGHT BLUE GLASS/SILVER BRACELET,148.160,16,0.001538
2806,21486,PINK HEART DOTS HOT WATER BOTTLE,147.880,36,0.001535
2807,23560,SET OF 6 RIBBONS COUNTRY STYLE,147.410,49,0.00153
2808,23561,SET OF 6 RIBBONS PARTY,147.390,51,0.00153
2809,DCGSSBOY,BOYS PARTY BAG,147.260,46,0.001529
2810,82011B,BATHROOM SCALES RUBBER DUCKS,146.850,43,0.001524
2811,84827,ASS DES PHONE SPONGE CRAFT STICKER,146.700,438,0.001523
2812,21369,MIRRORED WALL ART SPLODGES,146.490,89,0.001521
2813,46000R,POLYESTER FILLER PAD 45x30cm,146.450,101,0.00152
2814,84865,NEW BAROQUE BLACK PHOTO ALBUM,146.210,27,0.001518
2815,84870B,BLUE GEISHA GIRL,146.080,44,0.001516
2816,84870C,GREEN GEISHA GIRL,146.050,46,0.001516
2817,16258A,SWIRLY CIRCULAR RUBBERS IN BAG,145.820,311,0.001514
2818,21401,BLUE PUDDING SPOON,145.670,1016,0.001512
2819,22873,NUMBER TILE COTTAGE GARDEN 5,145.500,60,0.00151
2820,47343A,FUSCHIA FLOWER PURSE WITH BEADS,145.170,159,0.001507
2821,22868,NUMBER TILE COTTAGE GARDEN 0,144.650,63,0.001502
2822,21738,COSY SLIPPER SHOES SMALL  RED,144.580,46,0.001501
2823,35649,VINTAGE BEAD COSMETIC BAG,144.550,52,0.001501
2824,85118,HEART T-LIGHT HOLDER,144.520,146,0.0015
2825,22886,NUMBER TILE VINTAGE FONT 7,144.480,86,0.0015
2826,DCGSSGIRL,GIRLS PARTY BAG,144.430,47,0.001499
2827,90198B,VINTAGE ROSE BEAD BRACELET BLACK,143.900,34,0.001494
2828,21082,SET/20 FRUIT SALAD PAPER NAPKINS,143.440,88,0.001489
2829,84508B,STRIPES DESIGN TEDDY,142.800,56,0.001482
2830,20837,FRENCH FLORAL CUSHION COVER,142.470,141,0.001479
2831,37479P,CUBIC MUG FLOCK PINK ON BROWN,142.230,163,0.001477
2832,22033,BOTANICAL ROSE GREETING CARD,141.950,337,0.001474
2833,21117,BLOND DOLL DOORSTOP,141.750,109,0.001472
2834,90013C,GREEN VINTAGE EARRINGS,141.480,35,0.001469
2835,20774,GREEN FERN NOTEBOOK,141.240,86,0.001466
2836,20836,FRENCH PAISLEY CUSHION COVER,141.100,170,0.001465
2837,22875,NUMBER TILE COTTAGE GARDEN 7,140.830,61,0.001462
2838,84744,S/6 SEW ON CROCHET FLOWERS,140.020,110,0.001454
2839,22125,UNION JACK HOT WATER BOTTLE,139.860,13,0.001452
2840,90191,SILVER LARIAT 40CM,138.860,24,0.001442
2841,22876,NUMBER TILE COTTAGE GARDEN 8,138.810,61,0.001441
2842,75011,BLUE DAISY MOBILE,138.760,172,0.001441
2843,35922,EASTER BUNNY WREATH,138.600,28,0.001439
2844,22877,NUMBER TILE COTTAGE GARDEN 9,138.110,63,0.001434
2845,21736,GOLD SCROLL GLASS T-LIGHT HOLDER,137.220,80,0.001425
2846,20757,RED DAISY POCKET BOOK,136.640,158,0.001418
2847,21637,ASSORTED SANSKRIT MINI NOTEBOOK,136.250,109,0.001414
2848,16054,POPART RECT PENCIL SHARPENER ASST,136.200,1130,0.001414
2849,20661,BLUE POLKADOT PURSE,135.360,43,0.001405
2850,90115,SUMMER BUTTERFLIES BAG CHARM,134.530,54,0.001397
2851,47518F,ICON PLACEMAT POP ART ELVIS,134.370,832,0.001395
2852,21368,MIRRORED WALL ART LADIES,134.280,151,0.001394
2853,90028,NEW BAROQUE LARGE NECKLACE BLK/WHIT,134.160,16,0.001393
2854,90164B,WHITE  ROSEBUD PEARL BRACELET,133.500,37,0.001386
2855,72130,COLUMBIAN CANDLE ROUND,133.340,219,0.001384
2856,35921,EASTER BUNNY HANGING GARLAND,133.230,68,0.001383
2857,62096A,PINK/YELLOW FLOWERS HANDBAG,132.500,106,0.001376
2858,84192,ASSORTED COLOUR METAL CAT,132.500,106,0.001376
2859,21518,BANK ACCOUNT  GREETING  CARD,132.440,318,0.001375
2860,90210D,PURPLE ACRYLIC FACETED BANGLE,132.050,107,0.001371
2861,21943,CAKES AND RABBITS DESIGN FLANNEL,131.230,117,0.001362
2862,90185A,AMBER DIAMANTE EXPANDABLE RING,131.030,31,0.00136
2863,37467,PIG MUG IN TWO COLOUR DESIGNS,130.270,159,0.001352
2864,21344,MOROCCAN BEATEN METAL DISH,130.240,12,0.001352
2865,90000D,COPPER/OLIVE GREEN FLOWER NECKLACE,129.850,21,0.001348
2866,21281,VINTAGE KITCHEN PRINT SEAFOOD,129.630,43,0.001346
2867,20823,GOLD WINE GOBLET,129.560,164,0.001345
2868,20758,ABSTRACT CIRCLES POCKET BOOK,129.200,152,0.001341
2869,90170,DAISY HAIR BAND,128.780,78,0.001337
2870,20826,SILVER APERITIF GLASS,128.400,276,0.001333
2871,35638B,PINK/BLUE STRING CURTAIN,128.330,57,0.001332
2872,90180A,BLACK+WHITE NECKLACE W TASSEL,127.240,17,0.001321
2873,85130A,BEADED PEARL HEART WHITE LARGE,127.050,77,0.001319
2874,21400,RED PUDDING SPOON,126.770,873,0.001316
2875,85067,CREAM SWEETHEART WALL CABINET,126.650,7,0.001315
2876,79191B,RETRO PLASTIC POLKA TRAY,126.400,145,0.001312
2877,84846A,SCENTED CANDLE IN DIGITALIS TIN,126.040,56,0.001308
2878,23417,BATHROOM HOOK,125.350,71,0.001301
2879,22887,NUMBER TILE VINTAGE FONT 8,124.830,77,0.001296
2880,90073,VINTAGE ENAMEL & CRYSTAL EARRINGS,124.800,25,0.001296
2881,84228,HEN HOUSE W CHICK STANDING,124.090,297,0.001288
2882,23477,WOODLAND LARGE BLUE FELT HEART,123.470,92,0.001282
2883,37343,POLKADOT MUG PINK,123.300,72,0.00128
2884,90058A,CRYSTAL STUD EARRINGS CLEAR DISPLAY,123.120,324,0.001278
2885,84906,"PINK B'FLY C/COVER W BOBBLES",123.020,35,0.001277
2886,90070,RUBY GLASS CLUSTER BRACELET,122.640,20,0.001273
2887,85086A,CANDY SPOT HEART DECORATION,122.080,146,0.001267
2888,46000U,POLYESTER FILLER PAD 30CMx30CM,121.250,97,0.001259
2889,37333,"RETRO ""TEA FOR ONE""",120.990,21,0.001256
2890,22888,NUMBER TILE VINTAGE FONT 9,120.850,75,0.001255
2891,79190D,RETRO PLASTIC DAISY TRAY,120.680,250,0.001253
2892,20845,ZINC HEART LATTICE 2 WALL PLANTER,120.650,19,0.001253
2893,90173,PAIR BUTTERFLY HAIR CLIPS,120.340,32,0.001249
2894,90116,FRUIT SALAD BAG CHARM,120.320,50,0.001249
2895,90199C,5 STRAND GLASS NECKLACE CRYSTAL,120.290,19,0.001249
2896,84800S,SMALL WHITE/PINK ROSE ART FLOWER,120.070,107,0.001246
2897,35972,DAISY FOLKART HEART DECORATION,120.000,96,0.001246
2898,90124B,BLUE MURANO TWIST NECKLACE,119.890,12,0.001245
2899,23694,PAISLEY PARK CARD,119.780,274,0.001243
2900,90181B,AMETHYST GLASS/SHELL/PEARL NECKLACE,119.330,13,0.001239
2901,10080,GROOVY CACTUS INFLATABLE,119.090,303,0.001236
2902,84709B,PINK OVAL JEWELLED MIRROR,119.000,20,0.001235
2903,90164A,PINK ROSEBUD PEARL BRACELET,118.970,21,0.001235
2904,21095,SET/6 POSIES PAPER PLATES,118.730,125,0.001233
2905,84507B,STRIPES DESIGN MONKEY DOLL,118.730,39,0.001233
2906,90129B,TURQUOISE GLASS TASSLE BAG CHARM,118.430,56,0.001229
2907,84569B,PACK 3 FIRE ENGINE/CAR PATCHES,118.400,85,0.001229
2908,21032,SPACE CADET WHITE,117.780,97,0.001223
2909,90184A,AMBER CHUNKY BEAD BRACELET W STRAP,117.730,13,0.001222
2910,84741C,CITRUS GARLAND FELT FLOWERS,117.000,60,0.001215
2911,51020A,SUMMER FUN DESIGN SHOWER CAP,116.330,325,0.001208
2912,84809A,WHITE CHRYSANTHEMUMS ART FLOWER,115.500,55,0.001199
2913,16052,TEATIME PUSH DOWN RUBBER,115.300,479,0.001197
2914,90122C,TURQUOISE CRYSTAL+GLASS BRACELET,114.250,23,0.001186
2915,84661A,WHITE SQUARE TABLE CLOCK,113.850,41,0.001182
2916,23305,SET 4 PICNIC CUTLERY BLUEBERRY,113.100,58,0.001174
2917,90208,PAIR OF PINK FLOWER CLUSTER SLIDE,112.860,45,0.001172
2918,84457,SET/3 RABBITS FLOWER SKIPPPING ROPE,112.560,126,0.001169
2919,90003D,CRYSTAL PAIR HEART HAIR SLIDES,112.260,30,0.001165
2920,23185,FRENCH STYLE STORAGE JAR JAM,112.240,308,0.001165
2921,90096,NECKLACE+BRACELET SET BLUE BLOSSOM,112.210,45,0.001165
2922,21814,HEART T-LIGHT HOLDER,111.770,74,0.00116
2923,72780,BLACK SILOUETTE CANDLE PLATE,111.350,131,0.001156
2924,90036E,"FLOWER GLASS GARLD NECKL36""AMETHYST",110.950,14,0.001152
2925,90185C,BLACK DIAMANTE EXPANDABLE RING,110.090,26,0.001143
2926,47503H,ASS FLORAL PRINT SPIRIT LEVEL,110.070,99,0.001143
2927,90125D,PURPLE BERTIE GLASS BEAD BAG CHARM,110.030,95,0.001142
2928,20731,POSY CANDY BAG,109.960,92,0.001142
2929,85167B,BLACK GRAND BAROQUE PHOTO FRAME,109.940,50,0.001141
2930,84925F,PSYCHEDELIC WALL THERMOMETER,109.930,79,0.001141
2931,23463,VINTAGE ZINC WATERING CAN,109.550,10,0.001137
2932,90124C,GREEN MURANO TWIST NECKLACE,109.540,11,0.001137
2933,21678,PAISLEY PATTERN  STICKERS,108.600,123,0.001127
2934,72812,LARGE ZINC GLASS CANDLEHOLDER,107.800,32,0.001119
2935,21372,MIRRORED WALL ART TABLE LAMP,107.750,75,0.001119
2936,35916C,PINK FELT HANGING HEART W FLOWER,107.720,106,0.001118
2937,17090A,LAVENDER INCENSE 40 CONES IN TIN,107.450,109,0.001115
2938,90125A,PINK BERTIE GLASS BEAD BAG CHARM,106.240,115,0.001103
2939,23496,PANTRY KITCHEN THERMOMETER,106.130,82,0.001102
2940,35819B,"ACRYLIC HANGING JEWEL,BLUE",106.050,268,0.001101
2941,20657,TROPICAL LUGGAGE TAG,105.910,73,0.001099
2942,20894,HANGING BAUBLE T-LIGHT HOLDER LARGE,105.760,32,0.001098
2943,20898,VINTAGE NOTEBOOK TRAVELOGUE,105.730,38,0.001098
2944,90016A,SILVER/M.O.P PENDANT ORBIT NECKLACE,105.710,17,0.001097
2945,85096,HILDA CANDY SPOT RABBIT,105.480,24,0.001095
2946,90195A,PURPLE GEMSTONE BRACELET,105.140,13,0.001091
2947,35818P,"ACRYLIC JEWEL ICICLE, PINK",105.070,261,0.001091
2948,90161A,ANT COPPER RED BOUDICCA BRACELET,105.030,21,0.00109
2949,21904,HOUSE WRECKING METAL SIGN,105.000,50,0.00109
2950,22039,BOTANICAL LILY GIFT WRAP,105.000,250,0.00109
2951,90003C,MIDNIGHT BLUE PAIR HEART HAIR SLIDE,104.920,28,0.001089
2952,85129C,BEADED CRYSTAL HEART BLUE SMALL,104.850,79,0.001088
2953,35920,FOUR RABBIT EASTER DECORATIONS,104.840,72,0.001088
2954,90210C,RED   ACRYLIC FACETED BANGLE,104.710,77,0.001087
2955,84461,12 PINK HEN+CHICKS IN BASKET,104.550,41,0.001085
2956,90122A,PINK CRYSTAL+GLASS BRACELET,104.530,21,0.001085
2957,20796,SMALL BLUE PROVENCAL CERAMIC BALL,103.940,62,0.001079
2958,90214A,"LETTER ""A"" BLING KEY RING",103.870,105,0.001078
2959,23303,SET 4 PICNIC CUTLERY FONDANT,103.350,53,0.001073
2960,90032,IVORY SHELL HEART NECKLACE,103.130,21,0.001071
2961,90183A,AMBER DROP EARRINGS W LONG BEADS,102.690,35,0.001066
2962,22879,NUMBER TILE VINTAGE FONT 0,102.460,70,0.001064
2963,90130B,TURQ STONE/CRYSTAL EARRINGS,102.370,35,0.001063
2964,90063A,WHITE VINT ART DECO CRYSTAL NECKLAC,102.000,12,0.001059
2965,90196A,PURPLE GEMSTONE NECKLACE 45CM,102.000,8,0.001059
2966,84989A,75 GREEN FAIRY CAKE CASES,101.810,68,0.001057
2967,90148,LONG SILVER NECKLACE PASTEL FLOWER,101.730,8,0.001056
2968,20701,PINK CAT FLORAL CUSHION COVER,100.970,25,0.001048
2969,35637C,PINK STRING CURTAIN WITH POLE,100.860,30,0.001047
2970,16033,MINI HIGHLIGHTER PENS,100.800,840,0.001046
2971,35911B,PINK/FLOWER RABBIT EGG WARMER,100.760,119,0.001046
2972,90010B,BLACK/WHITE GLASS/SILVER BRACELET,100.090,11,0.001039
2973,17091A,LAVENDER INCENSE IN TIN,98.910,171,0.001027
2974,84898F,YELLOW FLOWERS FELT HANDBAG KIT,98.630,46,0.001024
2975,21420,OYSTER TRINKET BOX,98.290,25,0.00102
2976,84723,CHERRY BLOSSOM CANVAS ART PICTURE,97.950,41,0.001017
2977,23574,PACKING CHARGE,97.500,13,0.001012
2978,84801A,PINK HYDRANGEA ART FLOWER,96.600,46,0.001003
2979,20795,LARGE BLUE PROVENCAL CERAMIC BALL,96.320,42,0.001
2980,90101,WHITE FRANGIPANI NECKLACE,95.590,38,0.000992
2981,21777,RECIPE BOX WITH METAL HEART,95.400,12,0.00099
2982,23562,SET OF 6 RIBBONS PERFECTLY PRETTY,95.370,33,0.00099
2983,90036D,"FLOWER GLASS GARLAND NECKL.36""BLACK",95.350,12,0.00099
2984,90178A,AMBER CHUNKY GLASS+BEAD NECKLACE,95.250,8,0.000989
2985,84527,FLAMES SUNGLASSES PINK LENSES,95.100,52,0.000987
2986,79144B,PAINTED LIGHTBULB STAR+ MOON,94.930,170,0.000985
2987,82613A,"METAL SIGN,CUPCAKE SINGLE HOOK",94.840,72,0.000985
2988,84666,SQUARE CHERRY BLOSSOM CABINET,94.800,24,0.000984
2989,90081C,LILY BROOCH OLIVE COLOUR,94.650,19,0.000983
2990,79144C,PAINTED LIGHTBULB RAINBOW DESIGN,93.140,146,0.000967
2991,17084P,DRAGONS BLOOD INCENSE,93.100,396,0.000966
2992,90185B,AMETHYST DIAMANTE EXPANDABLE RING,92.870,22,0.000964
2993,20653,CHERRY BLOSSOM LUGGAGE TAG,92.720,72,0.000963
2994,20773,BLUE PAISLEY NOTEBOOK,92.400,56,0.000959
2995,35933,PINK STOCKING CHRISTMAS DECORATION,92.210,226,0.000957
2996,82615,PINK MARSHMALLOW SCARF KNITTING KIT,91.800,36,0.000953
2997,90030C,BROWN KUKUI COCONUT SEED NECKLACE,91.700,77,0.000952
2998,90175B,PINK GLASS CHUNKY CHARM BRACELET,91.680,10,0.000952
2999,23304,SET 4 PICNIC CUTLERY CHERRY,91.650,47,0.000951
3000,47369B,BLUE GREEN EMBROIDERY COSMETIC BAG,91.340,34,0.000948
3001,21722,SWEET PUDDING STICKER SHEET,90.640,95,0.000941
3002,20662,FIRST CLASS HOLIDAY PURSE,90.420,31,0.000939
3003,85230F,JASMINE VOTIVE CANDLE,90.340,338,0.000938
3004,90204,PAIR OF ENAMEL BUTTERFLY HAIRCLIP,90.220,27,0.000937
3005,22407,MONEY BOX FIRST ADE DESIGN,89.920,70,0.000933
3006,23611,SET 10 CARDS RED RIDING HOOD 17214,89.640,36,0.000931
3007,23151,ZINC SWEETHEART SOAP DISH,89.620,35,0.00093
3008,72051S,BAG OF SILVER STONES,89.530,130,0.000929
3009,35400,WOODEN BOX ADVENT CALENDAR,89.500,10,0.000929
3010,90133,TEAL/FUSCHIA COL BEAD NECKLACE,89.450,18,0.000929
3011,20892,SET/3 TALL GLASS CANDLE HOLDER PINK,89.220,4,0.000926
3012,90123A,PINK HEART OF GLASS BRACELET,89.120,15,0.000925
3013,35833P,4 PINK FLOCK CHRISTMAS BALLS,88.470,49,0.000918
3014,84984A,GREEN PEONY CUSHION COVER,88.350,19,0.000917
3015,84306,S/3 PINK SQUARE PLANTERS ROSES,88.220,10,0.000916
3016,90146,FINE SILVER NECKLACE W PASTEL FLOWE,87.450,16,0.000908
3017,47369A,PINK GREEN EMBROIDERY COSMETIC BAG,87.400,32,0.000907
3018,23626,SET 10 CARDS DINKY TREE 17076,87.150,35,0.000905
3019,21038,SET/4 MODERN VINTAGE COTTON NAPKINS,86.750,77,0.000901
3020,23580,SNACK TRAY HAPPY FOREST,86.260,42,0.000895
3021,90019B,GOLD M.O.P ORBIT BRACELET,85.720,16,0.00089
3022,84531B,BLUE KNITTED EGG COSY,85.610,155,0.000889
3023,90174,BUTTERFLY HAIR BAND,85.500,34,0.000888
3024,75172,PAINTED SEA SHELL METAL WINDCHIME,85.310,93,0.000886
3025,20901,VINTAGE KEEPSAKE BOX PINK FLOWER,85.130,19,0.000884
3026,90129F,RED GLASS TASSLE BAG CHARM,85.080,39,0.000883
3027,79403,FROSTED WHITE BASE,84.670,94,0.000879
3028,20869,GOLD FABRIC MIRROR,84.420,174,0.000876
3029,20821,GOLDIE LOOKING MIRROR,84.150,17,0.000874
3030,16169K,WRAP FOLK ART,84.000,200,0.000872
3031,90018B,GOLD M.O.P ORBIT DROP EARRINGS,83.980,20,0.000872
3032,90166,PINK & WHITE ROSEBUD RING,83.890,20,0.000871
3033,20941,FROG CANDLE,83.780,64,0.00087
3034,22016,"Dotcomgiftshop Gift Voucher £100.00",83.330,1,0.000865
3035,90123C,GREEN HEART OF GLASS BRACELET,83.290,14,0.000865
3036,90129A,PINK GLASS TASSLE BAG CHARM,82.980,45,0.000861
3037,84881,BLUE WIRE SPIRAL CANDLE HOLDER,82.570,12,0.000857
3038,21690,SILVER  CANDLEPOT JARDIN,82.500,22,0.000856
3039,35638A,PINK AND BLACK STRING CURTAIN,82.100,38,0.000852
3040,35968,FOLK ART METAL HEART T-LIGHT HOLDER,82.100,163,0.000852
3041,16049,TEATIME GEL PENS ASST,82.080,504,0.000852
3042,20664,TROPICAL HOLIDAY PURSE,81.660,32,0.000848
3043,71496A,A4 WALL TIDY BLUE OFFICE,80.960,127,0.00084
3044,21226,POCKET MIRROR WOODLAND,80.550,93,0.000836
3045,90175C,BLUE GLASS CHUNKY CHARM BRACELET,80.550,9,0.000836
3046,84927E,FLOWERS TILE HOOK,80.160,59,0.000832
3047,90124A,PINK MURANO TWIST NECKLACE,79.660,8,0.000827
3048,90162B,ANT SILVER LIME GREEN BOUDICCA RING,79.650,27,0.000827
3049,84249A,"GREETING CARD,SQUARE, DOUGHNUTS",79.630,173,0.000827
3050,90108,BLUE BLOSSOM HAIR CLIP,79.500,69,0.000825
3051,90072,RUBY DROP CHANDELIER EARRINGS,79.270,20,0.000823
3052,21278,VINTAGE KITCHEN PRINT PUDDINGS,79.050,31,0.000821
3053,84984B,RED PEONY CUSHION COVER,79.050,17,0.000821
3054,21370,MIRRORED WALL ART FOXY,78.300,9,0.000813
3055,37479B,CUBIC MUG FLOCK BLUE ON BROWN,78.090,131,0.000811
3056,23576,SNACK TRAY RED VINTAGE DOILY,78.000,40,0.00081
3057,90000A,RASPBERRY ANT COPPER FLOWER NECKLAC,77.910,13,0.000809
3058,90129E,PURPLE GLASS TASSLE BAG CHARM,77.040,42,0.0008
3059,20980,36 PENCILS TUBE POSY,76.910,79,0.000798
3060,90129C,GREEN GLASS TASSLE BAG CHARM,76.810,34,0.000797
3061,84531A,PINK KNITTED EGG COSY,76.690,147,0.000796
3062,35916B,BLUE FELT HANGING HEART WITH FLOWER,76.680,91,0.000796
3063,46000P,POLYESTER FILLER PAD 65CMx65CM,76.500,18,0.000794
3064,84840,SWEETHEART CARRY-ALL BASKET,76.440,6,0.000794
3065,90063B,BLACK VINT ART DEC CRYSTAL NECKLACE,76.320,9,0.000792
3066,16207B,PINK HEART RED HANDBAG,76.140,29,0.00079
3067,72811,SMALL ZINC/GLASS CANDLEHOLDER,75.950,51,0.000788
3068,20798,CLEAR MILKSHAKE GLASS,75.600,36,0.000785
3069,90163A,PINK ROSEBUD & PEARL NECKLACE,75.360,10,0.000782
3070,90022,EDWARDIAN DROP EARRINGS JET BLACK,75.240,20,0.000781
3071,21413,PERIWINKLE T-LIGHT HOLDER,75.020,48,0.000779
3072,84847,FLORAL BATHROOM SET,75.000,20,0.000779
3073,90039D,FIRE POLISHED GLASS BRACELET GREEN,74.960,20,0.000778
3074,90003E,GREEN PAIR HEART HAIR SLIDES,74.920,20,0.000778
3075,23467,VINTAGE ZINC PLANTER,74.680,20,0.000775
3076,85198,ASSORTED FARMYARD ANIMALS IN BUCKET,74.580,90,0.000774
3077,21087,SET/6 POSIES PAPER CUPS,74.570,141,0.000774
3078,90098,NECKLACE+BRACELET PINK BUTTERFLY,73.950,29,0.000768
3079,90099,NECKLACE+BRACELET SET BLUE HIBISCUS,73.830,26,0.000766
3080,90177C,DROP DIAMANTE EARRINGS CRYSTAL,73.330,25,0.000761
3081,84231,EASTER BUNNY WITH BASKET ON BACK,72.630,108,0.000754
3082,20960,WATERMELON BATH SPONGE,72.490,29,0.000753
3083,85049B,LUSH GREENS RIBBONS,72.420,56,0.000752
3084,90030A,SPOTTED WHITE NATURAL SEED NECKLACE,72.000,72,0.000747
3085,21946,PARTY TIME DESIGN FLANNEL,71.770,80,0.000745
3086,85197,SET OF 12 MINI BUNNIES IN A BUCKET,71.400,34,0.000741
3087,23579,SNACK TRAY I LOVE LONDON,71.350,31,0.000741
3088,17014A,ORIGAMI VANILLA INCENSE CONES,71.190,155,0.000739
3089,47589,CONGRATULATIONS BUNTING,70.850,13,0.000736
3090,84251B,"GREETING CARD, STICKY GORDON",70.780,245,0.000735
3091,90177D,DROP DIAMANTE EARRINGS PURPLE,70.630,24,0.000733
3092,51020B,STRIPY DESIGN SHOWER CAP,70.570,197,0.000733
3093,84927A,WAKE UP COCKEREL TILE HOOK,70.450,50,0.000731
3094,90103,PURPLE FRANGIPANI NECKLACE,70.180,28,0.000729
3095,90051,CRACKED GLAZE NECKLACE RED,70.160,10,0.000728
3096,16161G,WRAP BAD HAIR DAY,70.000,700,0.000727
3097,16020C,CLEAR STATIONERY BOX SET,69.900,84,0.000726
3098,90125C,TURQUOISE BERTIE GLASS BEAD CHARM,69.850,77,0.000725
3099,46126A,ELVIS WALLHANGING / CURTAIN,69.840,52,0.000725
3100,90118,PINK DAISY BAG CHARM,69.720,28,0.000724
3101,90199A,5 STRAND GLASS NECKLACE BLACK,69.630,11,0.000723
3102,23464,VINTAGE ZINC WATERING CAN SMALL,69.400,13,0.00072
3103,84549,CROCHET WHITE RABBIT KEYRING,69.380,38,0.00072
3104,81952V,ROUND PURPLE CLOCK WITH SUCKER,69.350,365,0.00072
3105,85188B,PINK METAL SWINGING BUNNY,68.700,78,0.000713
3106,85026B,EAU DE NILE JEWELLED T-LIGHT HOLDER,68.570,77,0.000712
3107,20933,YELLOW POT PLANT CANDLE,68.100,22,0.000707
3108,90151,SILVER/NATURAL SHELL NECKLACE,68.000,8,0.000706
3109,90059A,DIAMANTE HAIR GRIP PACK/2 CRYSTAL,67.930,41,0.000705
3110,90194,SILVER LARIAT BLACK STONE EARRINGS,67.870,16,0.000705
3111,84251G,"GREETING CARD, OVERCROWDED POOL.",67.860,234,0.000704
3112,90000B,MIDNIGHT BLUE COPPER FLOWER NECKLAC,67.830,11,0.000704
3113,84874B,BLUE TRAVEL FIRST AID KIT,67.510,41,0.000701
3114,82011A,"BATHROOM SCALES, TROPICAL BEACH",67.500,18,0.000701
3115,35916A,YELLOW FELT HANGING HEART W FLOWER,67.390,87,0.0007
3116,90144,SILVER DROP EARRINGS WITH FLOWER,67.360,18,0.000699
3117,90040B,MURANO STYLE GLASS BRACELET BLACK,66.700,18,0.000692
3118,35819P,"ACRYLIC HANGING JEWEL,PINK",66.550,95,0.000691
3119,84686,BEACH HUT MIRROR,66.390,49,0.000689
3120,17011F,ORIGAMI SANDLEWOOD INCENSE+FLOWER,66.360,81,0.000689
3121,37444A,YELLOW BREAKFAST CUP AND SAUCER,66.350,53,0.000689
3122,20663,QUEEN OF THE SKIES HOLIDAY PURSE,66.260,25,0.000688
3123,85008,SET OF 3 CONEY ISLAND OVAL BOXES,66.120,13,0.000686
3124,20835,FRENCH LATTICE CUSHION COVER,65.800,67,0.000683
3125,90211A,DIAMOND LAS VEGAS NECKLACE 45CM,65.150,11,0.000676
3126,72799C,PINK PILLAR CANDLE SILVER FLOCK,64.900,22,0.000674
3127,84247K,"FOLK ART GREETING CARD,pack/12",64.900,22,0.000674
3128,84247N,PACK/12 BLUE FOLKART CARDS,64.900,22,0.000674
3129,90186B,CRYSTAL HOOP EARRING FLORAL LEAF,64.580,22,0.00067
3130,23442,12 HANGING EGGS HAND PAINTED,64.480,31,0.000669
3131,90214C,"LETTER ""C"" BLING KEY RING",64.400,64,0.000669
3132,90081A,LILY BROOCH AMETHYST COLOUR,64.350,13,0.000668
3133,21031,SPACE CADET BLACK,64.240,52,0.000667
3134,90036F,"FLOWER GLASS GARLD NECKL36""TURQUOIS",64.080,8,0.000665
3135,90181A,AMBER GLASS/SHELL/PEARL NECKLACE,64.040,7,0.000665
3136,21692,SILVER LATTICE VANILLA CANDLE POT,63.750,17,0.000662
3137,84875D,BLUE SQUARE COMPACT MIRROR,63.750,51,0.000662
3138,90214S,"LETTER ""S"" BLING KEY RING",63.750,69,0.000662
3139,84673A,PINK FLY SWAT,63.720,92,0.000661
3140,90036C,"FLOWER GLASS GARLAND NECKL.36""BLUE",63.500,8,0.000659
3141,90196B,BLACK GEMSTONE NECKLACE 45CM,63.480,5,0.000659
3142,35815P,"ACRYLIC JEWEL SNOWFLAKE, PINK",63.280,162,0.000657
3143,62094B,TURQ ICE CREAM BUM BAG,63.210,19,0.000656
3144,90141A,GREEN PENDANT TRIPLE SHELL NECKLACE,63.110,12,0.000655
3145,22145,CHRISTMAS CRAFT HEART STOCKING,63.000,30,0.000654
3146,84452,METAL RABBIT LADDER EASTER,62.900,74,0.000653
3147,17012E,ORIGAMI OPIUM INCENSE/CANDLE SET,62.640,44,0.00065
3148,40046A,RED DAISY PAPER LAMPSHADE,62.500,50,0.000649
3149,84760S,SMALL HANGING GLASS+ZINC LANTERN,62.350,43,0.000647
3150,85160B,BLACK BIRD GARDEN DESIGN MUG,62.240,106,0.000646
3151,84247L,FAWN AND MUSHROOM GREETING CARD,62.060,128,0.000644
3152,20848,ZINC HEART LATTICE CHARGER SMALL,61.950,21,0.000643
3153,16151A,FLOWERS HANDBAG blue and orange,61.250,49,0.000636
3154,71495B,CD WALL TIDY RED FLOWERS,61.050,163,0.000634
3155,21655,HANGING RIDGE GLASS T-LIGHT HOLDER,60.840,36,0.000632
3156,84859B,BLUE DISCO HANDBAG,60.680,30,0.00063
3157,84984D,ORIENTAL RED CUSHION COVER,60.450,13,0.000628
3158,84661C,PINK SQUARE TABLE CLOCK,60.380,20,0.000627
3159,90155,RESIN NECKLACE W PASTEL BEADS,60.140,8,0.000624
3160,23614,SET 10 CARDS 12 DAYS WRAP  17058,59.940,18,0.000622
3161,90031,BILI NUT AND WOOD NECKLACE,59.890,50,0.000622
3162,23629,SET 10 CARDS DRESSING UP 17077,59.760,24,0.00062
3163,84806A,PINK CANDYSTUFT ARTIFICIAL FLOWER,59.450,41,0.000617
3164,84985A,SET OF 72 GREEN PAPER DOILIES,59.450,41,0.000617
3165,21910,WAY OUT METAL SIGN,59.400,36,0.000617
3166,79071B,ENGLISH ROSE METAL WASTE BIN,59.000,20,0.000612
3167,90024B,"NEW BAROQUE B'FLY NECKLACE RED",58.960,7,0.000612
3168,23575,SNACK TRAY PAISLEY PARK,58.730,29,0.00061
3169,90202D,PINK ENAMEL FLOWER HAIR TIE,58.660,20,0.000609
3170,20760,GARDEN PATH POCKET BOOK,58.650,69,0.000609
3171,84798A,PINK FOXGLOVE ARTIIFCIAL FLOWER,58.650,23,0.000609
3172,90202A,PURPLE ENAMEL FLOWER HAIR TIE,58.480,20,0.000607
3173,90190C,SILVER/AMETHYST DROP EARRINGS LEAF,58.430,20,0.000607
3174,84877A,PINK ROUND COMPACT MIRROR,58.160,40,0.000604
3175,90082D,DIAMANTE BOW BROOCH BLACK COLOUR,58.030,9,0.000602
3176,71406C,BLACK ORANGE SQUEEZER,57.960,138,0.000602
3177,84466,TOP SECRET PEN SET,57.500,46,0.000597
3178,84597C,RETRO PINK BALL ASHTRAY,57.500,46,0.000597
3179,72801G,4 BURGUNDY WINE DINNER CANDLES,57.460,45,0.000597
3180,85006,SET 4 NURSERY DES ROUND BOXES,57.250,55,0.000594
3181,90086,CRYSTAL FROG PHONE CHARM,56.840,41,0.00059
3182,21460,GREEN EASTER EGG HUNT START POST,56.780,28,0.000589
3183,44236,PINK/PURPLE CIRCLE CURTAIN,56.520,52,0.000587
3184,90003B,ROSE COLOUR PAIR HEART HAIR SLIDES,56.310,15,0.000585
3185,47341B,BLUE TABLE RUN FLOWER,56.250,45,0.000584
3186,90038A,GLASS AND PAINTED BEADS BRACELET TO,56.150,15,0.000583
3187,90050,CRACKED GLAZE NECKLACE IVORY,55.720,8,0.000578
3188,90183B,AMETHYST DROP EARRINGS W LONG BEADS,55.280,19,0.000574
3189,16046,TEATIME PEN CASE & PENS,55.250,65,0.000574
3190,90023,FILIGREE DIAMANTE EARRINGS,55.020,13,0.000571
3191,84750B,BLACK SMALL GLASS CAKE STAND,54.990,61,0.000571
3192,90206A,GOLD DIAMANTE STAR BROOCH,54.820,11,0.000569
3193,90210A,GREY ACRYLIC FACETED BANGLE,54.650,33,0.000567
3194,72132,COLUMBIAN CUBE CANDLE,54.600,28,0.000567
3195,90214L,"LETTER ""L"" BLING KEY RING",54.600,58,0.000567
3196,21336,GOLD WASHBAG,54.570,27,0.000567
3197,90040A,MURANO STYLE GLASS BRACELET RED,54.290,14,0.000564
3198,84534B,FAIRY CAKE NOTEBOOK A5 SIZE,54.040,55,0.000561
3199,20793,BLUE TILED TRAY,54.000,8,0.000561
3200,79323B,BLACK CHERRY LIGHTS,54.000,8,0.000561
3201,84251C,"GREETING CARD, TWO SISTERS.",53.880,127,0.000559
3202,90012A,MIDNIGHT BLUE DROP CRYSTAL NECKLACE,53.760,11,0.000558
3203,90035A,"PEARL & SHELL 42""NECKL. GREEN",53.620,5,0.000557
3204,20756,GREEN FERN POCKET BOOK,53.550,63,0.000556
3205,20759,CHRYSANTHEMUM POCKET BOOK,53.550,63,0.000556
3206,20851,ZINC HEART LATTICE TRAY OVAL,53.550,9,0.000556
3207,47586A,PINK FAIRY CAKE CUSHION COVER,53.550,21,0.000556
3208,90123B,TURQUOISE HEART OF GLASS BRACELET,53.420,9,0.000555
3209,90211B,JET BLACK LAS VEGAS NECKLACE 45CM,53.260,9,0.000553
3210,90202C,GREEN ENAMEL FLOWER HAIR TIE,52.910,18,0.000549
3211,90214J,"LETTER ""J"" BLING KEY RING",52.900,58,0.000549
3212,20857,BLUE ROSE PATCH PURSE PINK BUTTERFL,52.800,32,0.000548
3213,90214K,"LETTER ""K"" BLING KEY RING",52.620,52,0.000546
3214,90019C,SILVER BLACK ORBIT BRACELET,52.530,10,0.000545
3215,84842,HELLO SAILOR BATHROOM SET,52.500,14,0.000545
3216,90176D,DIAMANTE NECKLACE PURPLE,52.500,7,0.000545
3217,90141C,TURQ PENDANT TRIPLE SHELL NECKLACE,52.310,10,0.000543
3218,35265,COLOURFUL FLOWER FRUIT BOWL,52.200,17,0.000542
3219,90071,RUBY GLASS CLUSTER EARRINGS,52.160,42,0.000541
3220,72134,COLUMBIAN  CUBE CANDLE,52.100,101,0.000541
3221,84927D,LA PALMIERA TILE HOOK,51.860,47,0.000538
3222,85028S,FRENCH CHATEAU SMALL FRUITBOWL,51.600,24,0.000536
3223,90210B,CLEAR ACRYLIC FACETED BANGLE,51.560,31,0.000535
3224,90205A,LARGE MINT DIAMANTE HAIRSLIDE,51.510,31,0.000535
3225,84597B,RETRO BROWN BALL ASHTRAY,51.250,41,0.000532
3226,72133,COLUMBIAN CANDLE RECTANGLE,51.090,37,0.00053
3227,20910,VINTAGE PHOTO ALBUM PARIS DAYS,50.800,8,0.000527
3228,17007B,S/3 POT POURI CUSHIONS BLUE COLOURS,50.400,24,0.000523
3229,90018C,SILVER BLACK ORBIT DROP EARRINGS,50.400,12,0.000523
3230,47348A,FUSCHIA VOILE POINTY SHOE DEC,50.310,97,0.000522
3231,44242B,PINK FEATHERS CURTAIN,50.280,52,0.000522
3232,90079,VINTAGE ENAMEL & CRYSTAL NECKLACE,49.760,10,0.000517
3233,84510E,SET OF 4 GREEN CAROUSEL COASTERS,49.700,30,0.000516
3234,20667,CHERRY BLOSSOM PURSE,49.690,20,0.000516
3235,90142D,MOP PENDANT SHELL NECKLACE,49.640,10,0.000515
3236,90157,RIVIERA NECKLACE,49.590,10,0.000515
3237,21089,SET/6 GREEN SPRING PAPER CUPS,48.990,233,0.000509
3238,84497,BUTTONS AND STRIPES NOTEBOOK,48.750,13,0.000506
3239,90002D,FLOWER BURST SILVER RING CRYSTAL,48.710,13,0.000506
3240,20697,LITTLE GREEN MONSTER SOFT TOY,48.450,19,0.000503
3241,21720,CAKE SHOP  STICKER SHEET,48.450,57,0.000503
3242,DCGS0076,SUNJAR LED NIGHT NIGHT LIGHT,48.390,3,0.000502
3243,90205C,LARGE CRYSTAL DIAMANTE HAIRSLIDE,48.210,29,0.0005
3244,84402B,PURPLE DRESS JEWELLERY STAND,48.190,61,0.0005
3245,21816,CHRISTMAS TREE T-LIGHT HOLDER,47.850,33,0.000497
3246,90087,CRYSTAL SEA HORSE PHONE CHARM,47.780,35,0.000496
3247,90036A,FLOWER GARLAND NECKLACE RED,47.700,6,0.000495
3248,17084J,LOVE POTION MASALA INCENSE,47.250,225,0.000491
3249,90065A,WHITE VINTAGE CRYSTAL BRACELET,47.250,7,0.000491
3250,84706F,RED PEONY TABLE CLOCK,47.200,16,0.00049
3251,84715,SET OF 6 ICE CREAM SKITTLES,47.200,16,0.00049
3252,90040C,MURANO STYLE GLASS BRACELET GOLD,47.190,13,0.00049
3253,90138,WHITE/PINK MINI CRYSTALS NECKLACE,47.020,9,0.000488
3254,84750A,PINK SMALL GLASS CAKE STAND,46.800,24,0.000486
3255,84857B,BLUE MONTE CARLO HANDBAG,46.800,24,0.000486
3256,90190A,SILVER/CRYSTAL DROP EARRINGS W LEAF,46.760,16,0.000485
3257,90202B,WHITE ENAMEL FLOWER HAIR TIE,46.750,16,0.000485
3258,21392,RED POLKADOT PUDDING BOWL,46.390,34,0.000482
3259,90214M,"LETTER ""M"" BLING KEY RING",46.340,48,0.000481
3260,84801B,WHITE HYDRANGEA ART FLOWER,46.200,22,0.00048
3261,90214E,"LETTER ""E"" BLING KEY RING",45.950,47,0.000477
3262,85031A,ROMANTIC IMAGES SCRAP BOOK SET,45.900,16,0.000477
3263,90169,DAISY HAIR COMB,45.360,18,0.000471
3264,90012B,BLACK DROP CRYSTAL NECKLACE,45.350,13,0.000471
3265,90163B,WHITE ROSEBUD & PEARL NECKLACE,45.240,6,0.00047
3266,90038B,GLASS AND PAINTED BEADS BRACELET OL,45.040,12,0.000468
3267,90064B,BLACK VINTAGE  CRYSTAL EARRINGS,45.000,12,0.000467
3268,84086B,YELLOW/BLUE RETRO RADIO,44.250,15,0.000459
3269,85185D,FROG SOCK PUPPET,44.250,15,0.000459
3270,90199B,5 STRAND GLASS NECKLACE AMETHYST,44.130,7,0.000458
3271,20670,VIP HOLIDAY PURSE,44.040,14,0.000457
3272,90168,2 DAISIES HAIR COMB,43.860,15,0.000455
3273,47344B,BLUE FLOWER DES PURSE,43.660,44,0.000453
3274,79063C,"RETRO PILL BOX KEY CHAIN,THE KING",43.460,234,0.000451
3275,20698,LITTLE PINK MONSTER SOFT TOY,43.350,17,0.00045
3276,90014C,SILVER AND BLACK ORBIT NECKLACE,43.200,5,0.000448
3277,46138B,BLUE CHENILLE SHAGGY CUSHION COVER,43.150,43,0.000448
3278,90214D,"LETTER ""D"" BLING KEY RING",42.940,44,0.000446
3279,84539,KNITTED RABBIT DOLL,42.900,26,0.000445
3280,22987,WRAP SUMMER ROSE DESIGN,42.840,102,0.000445
3281,20818,GOLD TEDDY BEAR,42.700,15,0.000443
3282,16254,TRANSPARENT ACRYLIC TAPE DISPENSER,42.580,40,0.000442
3283,37444C,PINK BREAKFAST CUP AND SAUCER,42.270,21,0.000439
3284,90029,NEW BAROQUE SMALL NECKLACE BLACK,42.140,5,0.000437
3285,90024F,"NEW BAROQUE B'FLY NECKLACE CRYSTAL",42.130,5,0.000437
3286,17084A,TRANQUILITY MASALA INCENSE,42.000,200,0.000436
3287,90120D,WHITE MURANO TWIST BRACELET,41.790,10,0.000434
3288,20666,ECONOMY HOLIDAY PURSE,41.530,30,0.000431
3289,90039B,FIRE POLISHED GLASS BRACELET MONTAN,41.310,11,0.000429
3290,90162C,ANT SILVER FUSCHIA BOUDICCA RING,41.300,14,0.000429
3291,23448,CREAM BUNNY EASTER EGG BASKET,41.250,25,0.000428
3292,75013B,"STRING OF 8 BUTTERFLIES,PINK",41.250,25,0.000428
3293,84921,CREAM AND PINK FLOWERS PONY,41.250,11,0.000428
3294,90067A,PINK VINTAGE VICTORIAN EARRINGS,41.150,14,0.000427
3295,90177E,DROP DIAMANTE EARRINGS GREEN,41.080,14,0.000426
3296,15030,FAN BLACK FRAME,40.890,141,0.000424
3297,71495A,CD WALL TIDY BLUE OFFICE,40.380,103,0.000419
3298,85092,CANDY SPOT TEA COSY,40.050,27,0.000416
3299,90165B,WHITE ROSEBUD  PEARL EARRINGS,39.990,16,0.000415
3300,90165A,PINK ROSEBUD PEARL EARRINGS,39.980,16,0.000415
3301,23625,SET 6 CARDS SPARKLY REINDEER 17262,39.920,8,0.000414
3302,72369A,PINK CLEAR GLASS CANDLE PLATE,39.920,30,0.000414
3303,84679,CLASSICAL ROSE TABLE LAMP,39.900,2,0.000414
3304,90141B,IVORY PENDANT TRIPLE SHELL NECKLACE,39.880,8,0.000414
3305,90135,ORANGE/WHT/FUSCHIA STONES NECKLACE,39.660,8,0.000412
3306,84725,FREESTYLE CANVAS ART PICTURE,39.650,41,0.000412
3307,23440,PAINT YOUR OWN EGGS IN CRATE,39.520,19,0.00041
3308,84575A,PINK DOG CANNISTER,39.300,14,0.000408
3309,23578,SNACK TRAY RED GINGHAM,39.230,19,0.000407
3310,21307,SET/4 BUTTERFLY MIRROR MAGNETS,39.200,79,0.000407
3311,10120,DOGGY RUBBER,39.060,186,0.000405
3312,35910A,MULTICOLOUR EASTER RABBIT,39.000,20,0.000405
3313,47341A,FUSCHIA TABLE RUN FLOWER,38.750,27,0.000402
3314,90064A,WHITE VINTAGE CRYSTAL EARRINGS,38.700,10,0.000402
3315,21393,BLUE POLKADOT PUDDING BOWL,38.670,29,0.000401
3316,85089,CANDY SPOT BUNNY,38.350,13,0.000398
3317,84746,PINK EASTER HENS+FLOWER,38.310,14,0.000398
3318,84617,NEW BAROQUE BLACK BOXES,38.250,3,0.000397
3319,84925D,LA PALMIERA WALL THERMOMETER,38.250,15,0.000397
3320,90190B,GOLD/AMBER DROP EARRINGS W LEAF,38.180,13,0.000396
3321,90059D,DIAMANTE HAIR GRIP PACK/2 PERIDOT,38.150,23,0.000396
3322,90130C,GREEN STONE/CRYSTAL EARRINGS,38.050,13,0.000395
3323,84922,PINK BUTTERFLY WASHBAG,38.040,8,0.000395
3324,23038,T-LIGHT HOLDER SILVER SAUCER,38.030,41,0.000395
3325,81952B,ROUND BLUE CLOCK WITH SUCKER,38.000,200,0.000394
3326,90177A,CLASSIC DIAMANTE EARRINGS JET,38.000,13,0.000394
3327,84033,FLAG OF ST GEORGE,37.950,23,0.000394
3328,84809B,PINK CHRYSANTHEMUMS ART FLOWER,37.800,18,0.000392
3329,90075,MONTANA DIAMOND CLUSTER NECKLACE,37.660,4,0.000391
3330,90199D,5 STRAND GLASS NECKLACE AMBER,37.620,6,0.000391
3331,90212B,JET BLACK LAS VEGAS BRACELET ROUND,37.620,10,0.000391
3332,72709,IVORY SCULPTED RND CANDLE,37.400,44,0.000388
3333,90074,BLACK DIAMOND CLUSTER NECKLACE,37.240,4,0.000387
3334,84751B,BLACK MEDIUM GLASS CAKE STAND,37.110,17,0.000385
3335,47420,ASSORTED COLOUR SUCTION CUP HOOK,37.050,195,0.000385
3336,84522,PINK PARTY SUNGLASSES,36.760,20,0.000382
3337,71510,SQUARE METAL CANDLEHOLDER BASE,36.520,52,0.000379
3338,90059E,DIAMANTE HAIR GRIP PACK/2 RUBY,36.420,22,0.000378
3339,84548,CROCHET BEAR RED/BLUE  KEYRING,36.300,22,0.000377
3340,17090D,VANILLA INCENSE 40 CONES IN TIN,36.250,29,0.000376
3341,84226,HEN HOUSE W FAMILY IN BARN & NEST,36.210,51,0.000376
3342,85216,ASSORTED CAKES FRIDGE MAGNETS,35.750,55,0.000371
3343,35913B,WHITE/PINK CHICK EASTER DECORATION,35.480,36,0.000368
3344,90125B,AQUA BERTIE GLASS BEAD BAG CHARM,35.460,24,0.000368
3345,90123D,WHITE HEART OF GLASS BRACELET,35.310,6,0.000367
3346,90011B,BLACK CRYSTAL DROP EARRINGS,35.270,12,0.000366
3347,90060F,FIRE POLISHED GLASS NECKL GREEN,35.160,6,0.000365
3348,79063D,"RETRO PILL BOX , REVOLUTIONARY",35.140,189,0.000365
3349,90131,PINK/AMETHYST/GOLD NECKLACE,34.870,5,0.000362
3350,90049,IVORY GOLD METAL BAG CHARM,34.770,5,0.000361
3351,20827,GOLD APERITIF GLASS,34.320,88,0.000356
3352,84873A,FUNKY FLOWER PICNIC BAG FOR 4,33.900,2,0.000352
3353,90026C,GLASS BEAD HOOP NECKLACE GREEN,33.820,4,0.000351
3354,90024C,"NEW BAROQUE B'FLY NECKLACE GREEN",33.810,4,0.000351
3355,90038C,GLASS AND BEADS BRACELET IVORY,33.690,9,0.00035
3356,81950B,FLOWER BLUE CLOCK WITH SUCKER,33.640,116,0.000349
3357,90129D,AMBER GLASS TASSLE BAG CHARM,33.440,14,0.000347
3358,37423,WHITE WITH BLACK CATS PLATE,33.180,78,0.000344
3359,90094,NECKLACE+BRACELET SET FRUIT SALAD,33.150,13,0.000344
3360,90214H,"LETTER ""H"" BLING KEY RING",32.990,35,0.000342
3361,90214G,"LETTER ""G"" BLING KEY RING",32.950,35,0.000342
3362,35610C,WHITE CHRISTMAS FLOCK DROPLET,32.510,25,0.000337
3363,23603,SET 10 CARD KRAFT REINDEER 17084,32.370,13,0.000336
3364,17109D,FLOWER FAIRY INCENSE BOUQUET,32.350,61,0.000336
3365,90177B,DROP DIAMANTE EARRINGS BLACK DIAMON,32.310,11,0.000335
3366,90182C,BLACK 3 BEAD DROP EARRINGS,32.260,11,0.000335
3367,90186A,AMETHYST HOOP EARRING FLORAL LEAF,32.160,11,0.000334
3368,37468,HARDMAN MUG 3 ASSORTED,32.030,64,0.000333
3369,84824,DANISH ROSE UMBRELLA STAND,31.900,2,0.000331
3370,79191D,RETRO PLASTIC DAISY TRAY,31.870,31,0.000331
3371,90036B,"FLOWER GLASS GARLAND NECKL.36""GREEN",31.800,4,0.00033
3372,79406,FROSTED WHITE BASE,31.630,141,0.000328
3373,90059F,DIAMANTE HAIR GRIP PACK/2 LT ROSE,31.390,19,0.000326
3374,23632,SET 10 CARDS CHEERFUL ROBIN 17065,31.200,15,0.000324
3375,44228,CANNABIS LEAF BEAD CURTAIN,30.600,36,0.000318
3376,85018D,YULETIDE IMAGES S/6 PAPER BOXES,30.600,12,0.000318
3377,37471,MULTICOLOUR POLKADOT PLATE,30.430,29,0.000316
3378,90176B,DIAMANTE NECKLACE BLACK,30.120,4,0.000313
3379,90187B,GREEN DROP EARRINGS W BEAD CLUSTER,30.070,9,0.000312
3380,20878,SET/9 CHRISTMAS T-LIGHTS SCENTED,30.000,24,0.000311
3381,35610B,BLACK CHRISTMAS FLOCK DROPLET,30.000,24,0.000311
3382,84805A,CREAM CLIMBING HYDRANGA ART FLOWER,30.000,8,0.000311
3383,90195B,BLACK GEMSTONE BRACELET,29.980,4,0.000311
3384,21310,CAPIZ CHANDELIER,29.950,1,0.000311
3385,90122B,JADE CRYSTAL+GLASS BRACELET,29.930,6,0.000311
3386,21667,GLASS CAKE COVER AND PLATE,29.900,2,0.00031
3387,90180B,PURPLE AMETHYST NECKLACE W TASSEL,29.880,3,0.00031
3388,90136,PALE PINK/AMETHYST STONE NECKLACE,29.850,3,0.00031
3389,90159,"COTE D'AZURE NECKLACE",29.790,6,0.000309
3390,90001D,ANTIQUE OLIVE GREEN FLOWER EARRINGS,29.730,7,0.000309
3391,90120A,PINK MURANO TWIST BRACELET,29.730,7,0.000309
3392,21040,MODERN VINTAGE COTTON SHOPPING BAG,29.700,22,0.000308
3393,21757,LIGHTHOUSE PRINTED METAL SIGN,29.700,6,0.000308
3394,35816P,"ACRYLIC JEWEL ANGEL,PINK",29.640,78,0.000308
3395,84706D,CHERRY BLOSSOM TABLE CLOCK,29.600,8,0.000307
3396,17136A,BLUE STONES ON WIRE FOR CANDLE,29.590,352,0.000307
3397,84465,15 PINK FLUFFY CHICKS IN BOX,29.500,10,0.000306
3398,90162D,ANT SILVER PURPLE BOUDICCA RING,29.500,10,0.000306
3399,90179A,AMBER FINE BEAD NECKLACE W TASSEL,29.490,5,0.000306
3400,90179C,BLACK FINE BEAD NECKLACE W TASSEL,29.490,5,0.000306
3401,82605,OLD DOC RUSSEL METAL SIGN,29.400,14,0.000305
3402,85030,FRENCH CHATEAU OVAL PLATTER,29.250,15,0.000304
3403,21011,GLITTER SNOW PEAR TREE DECORATION,29.000,20,0.000301
3404,90152A,SILVER/NAT SHELL NECKLACE W PENDANT,28.760,5,0.000299
3405,84803B,WHITE ALLIUM  ARTIFICIAL FLOWER,28.730,17,0.000298
3406,17165D,"ASS COL LARGE SAND FROG P'WEIGHT",28.350,27,0.000294
3407,84798B,PURPLE FOXGLOVE ARTIIFCIAL FLOWER,28.050,11,0.000291
3408,90005A,JADE GREEN ENAMEL HAIR COMB,28.020,14,0.000291
3409,84199,GLOW IN DARK DOLPHINS,27.930,133,0.00029
3410,84613A,PINK NEW BAROQUE FLOCK CANDLESTICK,27.900,6,0.00029
3411,23613,SET 10 XMAS CARDS & BADGES 17070,27.390,11,0.000284
3412,85126,LARGE ROUND CUTGLASS CANDLESTICK,27.140,2,0.000282
3413,23702,High Resolution Image,27.000,4,0.00028
3414,79323P,PINK CHERRY LIGHTS,27.000,4,0.00028
3415,90085,CRYSTAL STILETTO PHONE CHARM,26.560,22,0.000276
3416,35598A,DUSTY PINK CHRISTMAS TREE 60CM,26.550,9,0.000276
3417,84675,FROG KING WATERING CAN,26.550,9,0.000276
3418,21836,GINGHAM OVEN GLOVE RED HEART,26.490,5,0.000275
3419,72140E,BEST DAD CANDLE LETTERS,26.350,31,0.000274
3420,90212C,PURPLE LAS VEGAS BRACELET ROUND,26.250,7,0.000273
3421,90039A,FIRE POLISHED GLASS BRACELET RED,26.230,7,0.000272
3422,85017C,ENVELOPE 50 CURIOUS IMAGES,26.170,49,0.000272
3423,90183C,BLACK DROP EARRINGS W LONG BEADS,26.150,9,0.000271
3424,90214I,"LETTER ""I"" BLING KEY RING",25.850,25,0.000268
3425,84968B,SET OF 16 VINTAGE IVORY CUTLERY,25.500,2,0.000265
3426,90026D,GLASS BEAD HOOP NECKLACE AMETHYST,25.500,3,0.000265
3427,35910B,PINK FLOWERS RABBIT EASTER,25.350,13,0.000263
3428,90026B,GLASS BEAD HOOP NECKLACE MONTANA,25.320,3,0.000263
3429,72783,"BLACK SIL'T SQU CANDLE PLATE",25.200,12,0.000262
3430,90013D,PURPLE VINTAGE EARRINGS,25.170,6,0.000261
3431,90033,IVORY SHELL HEART EARRINGS,25.070,10,0.00026
3432,23620,SET 10 CARDS PERFECT POST 17090,24.900,10,0.000258
3433,23637,SET 10 CARDS OUT OF ORDER 17216,24.900,10,0.000258
3434,85115B,S/4 BLACK DISCO PARTITION PANEL,24.870,3,0.000258
3435,90059B,DIAMANTE HAIR GRIP PACK/2 BLACK DIA,24.870,15,0.000258
3436,90043,COPPER AND BRASS BAG CHARM,24.810,4,0.000258
3437,20778,GARDEN PATH NOTEBOOK,24.750,15,0.000257
3438,20820,SILVER LOOKING MIRROR,24.750,5,0.000257
3439,84854,GIRLY PINK TOOL SET,24.750,5,0.000257
3440,90141E,ORANGE PENDANT TRIPLE SHELL NECKLAC,24.750,5,0.000257
3441,84993B,75 BLACK PETIT FOUR CASES,24.360,58,0.000253
3442,90214R,"LETTER ""R"" BLING KEY RING",24.240,28,0.000252
3443,90076,MONTANA DIAMOND CLUSTER EARRINGS,24.120,9,0.00025
3444,21461,BLUE EASTER EGG HUNT START POST,23.860,10,0.000248
3445,47503J,SET/3 FLORAL GARDEN TOOLS IN BAG,23.850,3,0.000248
3446,84562A,PINK/WHITE RIBBED MELAMINE JUG,23.850,3,0.000248
3447,90214N,"LETTER ""N"" BLING KEY RING",23.800,26,0.000247
3448,21357,TOAST ITS - DINOSAUR,23.750,19,0.000247
3449,85160A,WHITE BIRD GARDEN DESIGN MUG,23.630,7,0.000245
3450,35909A,RABBIT EASTER DECORATION,23.600,8,0.000245
3451,35909B,PINK FLOWERS RABBIT EASTER,23.600,8,0.000245
3452,90176C,DIAMANTE NECKLACE,23.320,3,0.000242
3453,23623,SET 10 CARD CHRISTMAS WELCOME 17112,23.280,8,0.000242
3454,90104,PURPLE FRANGIPANI HAIRCLIP,23.160,28,0.00024
3455,90059C,DIAMANTE HAIR GRIP PACK/2 MONTANA,23.140,14,0.00024
3456,23447,PINK BUNNY EASTER EGG BASKET,23.100,14,0.00024
3457,85195,HANGING HEART BASKET,23.100,11,0.00024
3458,85206B,PINK FELT EASTER EGG BASKET,23.100,14,0.00024
3459,22351,DOTCOMGIFTSHOP TEA TOWEL,23.090,13,0.00024
3460,90037B,TINY CRYSTAL BRACELET GREEN,22.800,9,0.000237
3461,90176E,DIAMANTE NECKLACE GREEN,22.500,3,0.000234
3462,90093,CLEAR CRYSTAL STAR PHONE CHARM,22.490,20,0.000233
3463,90176A,CLASSIC DIAMANTE NECKLACE JET,22.480,3,0.000233
3464,21018,BIRD BOX CHRISTMAS TREE DECORATION,22.060,24,0.000229
3465,90056,CHUNKY CRACKED GLAZE NECKLACE IVORY,21.870,2,0.000227
3466,90027D,GLASS BEAD HOOP EARRINGS AMETHYST,21.760,7,0.000226
3467,90035C,"PEARL & SHELL 42""NECKL. IVORY",21.500,2,0.000223
3468,23446,BLUE BUNNY EASTER EGG BASKET,21.450,13,0.000223
3469,84387A,BIRD ON BRANCH CANVAS SCREEN,21.450,11,0.000223
3470,84551,CROCHET DOG KEYRING,21.450,13,0.000223
3471,90214B,"LETTER ""B"" BLING KEY RING",21.290,25,0.000221
3472,20695,FLORAL BLUE MONSTER,21.250,5,0.000221
3473,90001B,ANTIQUE MID BLUE FLOWER EARRINGS,21.150,5,0.00022
3474,90001C,ANTIQUE OPAL WHITE FLOWER EARRINGS,21.130,5,0.000219
3475,90125E,AMBER BERTIE GLASS BEAD BAG CHARM,21.050,11,0.000219
3476,16169P,WRAP GREEN RUSSIAN FOLKART,21.000,50,0.000218
3477,23692,WRAP A PRETTY THANK YOU,21.000,50,0.000218
3478,90001A,ANTIQUE RASPBERRY FLOWER EARRINGS,20.950,5,0.000217
3479,17001,HEAVENS SCENT FRAGRANCE OILS ASSTD,20.880,72,0.000217
3480,90141D,ROSE PENDANT TRIPLE SHELL NECKLACE,20.360,4,0.000211
3481,90182A,AMBER 3 BEAD DROP EARRINGS,20.300,7,0.000211
3482,90034,WHITE SILVER NECKLACE SHELL GLASS,20.170,2,0.000209
3483,84415B,BLUE FLOCK CUSHION COVER,20.000,8,0.000208
3484,23601,SET 10 CARDS SNOWY SNOWDROPS  17100,19.920,8,0.000207
3485,23646,SET 10 CARDS JINGLE BELLS 16957,19.920,8,0.000207
3486,21681,GIANT MEDINA STAMPED METAL BOWL,19.900,2,0.000207
3487,35817P,PINK ACRYLIC JEWEL SNOWFLAKE,19.860,18,0.000206
3488,37491A,YELLOW/PINK CERAMIC CANDLE HOLDER,19.810,6,0.000206
3489,85024C,PINK SMALL JEWELLED PHOTOFRAME,19.800,12,0.000206
3490,90156,RESIN BRACELET W PASTEL BEADS,19.800,4,0.000206
3491,37487B,YELLOW/ORANGE FLOWER DESIGN PLATE,19.720,68,0.000205
3492,90083,CRYSTAL CZECH CROSS PHONE CHARM,19.560,12,0.000203
3493,85028L,FRENCH CHATEAU LARGE FRUIT BOWL,19.500,10,0.000202
3494,79062D,"RETRO TIN ASHTRAY,REVOLUTIONARY",19.400,52,0.000201
3495,85047,WHITE BEADED GARLAND STRING 20LIGHT,19.050,3,0.000198
3496,21416,CLAM SHELL LARGE,18.750,5,0.000195
3497,21538,DAIRY MAID  PUDDING BOWL,18.750,5,0.000195
3498,90039C,FIRE POLISHED GLASS BRACELET BLACK,18.750,5,0.000195
3499,84856S,SMALL TAHITI BEACH BAG,18.600,4,0.000193
3500,35607B,BLACK FEATHER CHRISTMAS DECORATION,18.240,96,0.000189
3501,72821,CUPID SCENTED CANDLE IN GLASS,18.150,11,0.000188
3502,21661,VINTAGE GLASS TEA CADDY,17.850,3,0.000185
3503,90060D,FIRE POLISHED GLASS NECKL BRONZE,17.850,3,0.000185
3504,84856L,LARGE TAHITI BEACH BAG,17.820,2,0.000185
3505,20935,ROUND CACTUS CANDLE,17.700,6,0.000184
3506,90162A,ANT SILVER TURQUOISE BOUDICCA RING,17.700,6,0.000184
3507,90027A,GLASS BEAD HOOP EARRINGS BLACK,17.660,6,0.000183
3508,90054,CRACKED GLAZE EARRINGS RED,17.620,7,0.000183
3509,90011A,MIDNIGHT BLUE CRYSTAL DROP EARRINGS,17.510,6,0.000182
3510,79331,PINK FLOCK GLASS CANDLEHOLDER,17.500,26,0.000182
3511,90130A,WHITE STONE/CRYSTAL EARRINGS,17.500,6,0.000182
3512,35597D,PINK/WHITE CHRISTMAS TREE 30CM,17.480,46,0.000181
3513,23627,SET 10 CARDS XMAS GRAPHIC  17218,17.430,7,0.000181
3514,23640,SET 10 CARDS SCOTTIE DOG 17211,17.430,7,0.000181
3515,23645,SET 10 CHRISTMAS CARDS HOHOHO 16956,17.430,7,0.000181
3516,35645,VINTAGE BEAD PINK JEWEL BOX,17.000,4,0.000176
3517,44092C,PURPLE/COPPER HANGING LAMPSHADE,17.000,20,0.000176
3518,47574B,ENGLISH ROSE SCENTED HANGING HEART,17.000,4,0.000176
3519,85084,HOLLY TOP CHRISTMAS STOCKING,17.000,20,0.000176
3520,90026A,GLASS BEAD HOOP NECKLACE BLACK,17.000,2,0.000176
3521,21120,*Boombox Ipod Classic,16.980,1,0.000176
3522,20954,*USB Office Mirror Ball,16.940,2,0.000176
3523,21595,"Dad's Cab Electronic Meter",16.940,2,0.000176
3524,90024D,"NEW BAROQUE B'FLY NECKLACE PINK",16.820,2,0.000175
3525,90024E,"NEW BAROQUE B'FLY NECKLACE MONTANA",16.810,2,0.000175
3526,21144,PINK POODLE HANGING DECORATION,16.800,5,0.000174
3527,37489B,BLUE/YELLOW FLOWER DESIGN BIG MUG,16.770,31,0.000174
3528,90016C,SILVER/BLACK PENDANT ORBIT NECKLACE,16.640,2,0.000173
3529,DCGS0004,HAYNES CAMPER SHOULDER BAG,16.630,1,0.000173
3530,37489D,PINK/GREEN FLOWER DESIGN BIG MUG,16.380,38,0.00017
3531,90137,PINK COMBO MINI CRYSTALS NECKLACE,16.310,3,0.000169
3532,16248B,BLUE HOLE PUNCH,16.250,13,0.000169
3533,35647,VINTAGE BEAD PINK SHADE,16.250,13,0.000169
3534,72815,3 WICK CHRISTMAS BRIAR CANDLE,15.970,3,0.000166
3535,84795C,OCEAN STRIPE HAMMOCK,15.900,2,0.000165
3536,85136B,BLUE SHARK HELICOPTER,15.900,2,0.000165
3537,DCGS0069,OOH LA LA DOGS COLLAR,15.790,1,0.000164
3538,20816,GOLD FLOWER CUSHION COVER,15.600,8,0.000162
3539,78034B,BLUE NETTING STORAGE HANGER,15.600,8,0.000162
3540,90132,LIGHT TOPAZ TEAL/AQUA COL NECKLACE,15.160,3,0.000157
3541,90188,DROP EARRINGS W FLOWER & LEAF,15.140,6,0.000157
3542,72024U,LILAC VOTIVE CANDLE,15.120,72,0.000157
3543,90140,PINK SWEETIE NECKLACE,15.120,2,0.000157
3544,35610A,PINK CHRISTMAS FLOCK DROPLET,15.020,10,0.000156
3545,23449,SET OF 6 EASTER RAINBOW CHICKS,15.000,12,0.000156
3546,84415A,PINK FLOCK SUEDE CUSHION COVER,15.000,12,0.000156
3547,84462,3 PINK HEN+CHICKS IN BASKET,15.000,12,0.000156
3548,84705C,PINK FLOCK PHOTO FRAME,15.000,12,0.000156
3549,90069,RUBY GLASS CLUSTER NECKLACE,15.000,2,0.000156
3550,90078,PINK/WHITE GLASS DEMI CHOKER,15.000,2,0.000156
3551,90189A,SILVER 2 STRAND NECKLACE-LEAF CHARM,15.000,2,0.000156
3552,90025F,BAROQUE BUTTERFLY EARRINGS CRYSTAL,14.960,4,0.000155
3553,85031C,CURIOUS IMAGES SCRAP BOOK SET,14.850,3,0.000154
3554,90046,WHITE WITH METAL BAG CHARM,14.850,3,0.000154
3555,90048,GREEN WITH METAL BAG CHARM,14.850,3,0.000154
3556,84593,CROCHET ROSE DES CLOTHES HANGER,14.750,5,0.000153
3557,90041,PEARL AND CHERRY QUARTZ BRACLET,14.540,4,0.000151
3558,16202B,PASTEL BLUE PHOTO ALBUM,14.500,29,0.000151
3559,90027C,GLASS BEAD HOOP EARRINGS GREEN,14.500,5,0.000151
3560,37489A,YELLOW/PINK FLOWER DESIGN BIG MUG,14.430,33,0.00015
3561,47593A,CAROUSEL PONIES BABY BIB,14.370,33,0.000149
3562,90052,CRACKED GLAZE NECKLACE BROWN,14.140,2,0.000147
3563,62043B,BLUE CHECK BAG W HANDLE 34X20CM,14.110,17,0.000146
3564,79336,LIGHT PINK FLOCK GLASS CANDLEHOLDER,13.680,36,0.000142
3565,37489C,GREEN/BLUE FLOWER DESIGN BIG MUG,13.650,23,0.000142
3566,85017A,ENVELOPE 50 ROMANTIC IMAGES,13.580,16,0.000141
3567,90065B,BLACK VINT ART DEC CRYSTAL BRACELET,13.500,2,0.00014
3568,84745A,PINK HANGING GINGHAM EASTER HEN,13.440,32,0.00014
3569,84745B,BLUE HANGING GINGHAM EASTER HEN,13.440,32,0.00014
3570,23639,SET 10 CARDS MAGICAL TREE 17086,13.320,4,0.000138
3571,23644,SET 10 CARDS CHRISTMAS TREE 16955,13.320,4,0.000138
3572,23607,SET 10 CARDS HATS & STOCKINGS 17081,13.280,8,0.000138
3573,37491C,GREEN/BLUE CERAMIC CANDLE HOLDER,13.200,8,0.000137
3574,84388,WISE MAN STAR SHAPE EGG PAN,13.140,24,0.000136
3575,16162L,THE KING GIFT BAG,13.000,20,0.000135
3576,90214P,"LETTER ""P"" BLING KEY RING",12.980,14,0.000135
3577,47013C,WINE BOTTLE DRESSING DARK BLUE,12.970,52,0.000135
3578,18097A,PINK TALL PORCELAIN T-LIGHT HOLDER,12.750,5,0.000132
3579,21895,"POTTING SHED SOW 'N' GROW SET",12.720,2,0.000132
3580,DCGS0070,CAMOUFLAGE DOG COLLAR,12.720,1,0.000132
3581,90042C,FRESHWATER PEARL BRACELET IVORY,12.700,5,0.000132
3582,20671,BLUE TEATIME PRINT BOWL,12.500,10,0.00013
3583,90214V,"LETTER ""V"" BLING KEY RING",12.500,14,0.00013
3584,90020,FILIGREE DIAMANTE CHAIN,12.480,1,0.00013
3585,23616,SET 10 CARDS JINGLE BELLS 17217,12.450,5,0.000129
3586,37462E,"PET MUG, GOLDFISH",12.270,35,0.000127
3587,79329,PINK FLOCK GLASS CANDLEHOLDER,12.180,12,0.000126
3588,84016,FLAG OF ST GEORGE CAR FLAG,12.160,27,0.000126
3589,90021,LASER CUT MULTI STRAND NECKLACE,11.950,1,0.000124
3590,90178B,PURPLE CHUNKY GLASS+BEAD NECKLACE,11.950,1,0.000124
3591,44092B,BLUE WHITE PLASTIC RINGS LAMPSHADE,11.900,14,0.000124
3592,84614A,PINK BAROQUE FLOCK CANDLE HOLDER,11.900,2,0.000124
3593,84620,BLUE GINGHAM ROSE CUSHION COVER,11.900,2,0.000124
3594,37444B,BLUE BREAKFAST CUP AND SAUCER,11.800,4,0.000122
3595,35818B,"ACRYLIC JEWEL ICICLE, BLUE",11.780,31,0.000122
3596,16043,POP ART PUSH DOWN RUBBER,11.760,98,0.000122
3597,16162M,THE KING GIFT BAG 25x24x12cm,11.760,28,0.000122
3598,90214F,"LETTER ""F"" BLING KEY RING",11.660,14,0.000121
3599,23605,SET 10 CARDS 12 DAYS OF XMAS 17059,11.640,4,0.000121
3600,23634,SET 10 CARDS XMAS CHOIR 17068,11.640,4,0.000121
3601,90182B,AMETHYST 3 BEAD DROP EARRINGS,11.600,4,0.00012
3602,72798C,SET/4 GARDEN ROSE DINNER CANDLE,11.550,7,0.00012
3603,90089,PINK CRYSTAL SKULL PHONE CHARM,11.470,7,0.000119
3604,90152B,BLUE/GREEN SHELL NECKLACE W PENDANT,11.460,2,0.000119
3605,17164B,"ASS COL SMALL SAND GECKO P'WEIGHT",11.340,27,0.000118
3606,90025D,BAROQUE BUTTERFLY EARRINGS PINK,11.190,3,0.000116
3607,37488A,YELLOW PINK FLOWER DESIGN BIG BOWL,10.920,28,0.000113
3608,79026B,"S/4 ICON COASTER,ELVIS LIVES",10.610,25,0.00011
3609,16161M,WRAP  PINK FLOCK,10.500,25,0.000109
3610,16169N,WRAP BLUE RUSSIAN FOLKART,10.500,25,0.000109
3611,35966,FOLKART CHRISTMAS TREE T-LIGHT HOLD,10.260,27,0.000107
3612,35958,FOLKART ZINC STAR CHRISTMAS DEC,10.200,12,0.000106
3613,40005B,BLUE ORGANDY ROUND LAMPSHADE W BEA,10.200,12,0.000106
3614,85109,PINK BOUDOIR T-LIGHT HOLDER,10.200,12,0.000106
3615,44089C,LILAC GAUZE BUTTERFLY LAMPSHADE,10.080,24,0.000105
3616,90055,CRACKED GLAZE EARRINGS BROWN,10.050,4,0.000104
3617,90037C,TINY CRYSTAL BRACELET BLUE,10.040,4,0.000104
3618,90053,CRACKED GLAZE EARRINGS IVORY,9.990,4,0.000104
3619,90214T,"LETTER ""T"" BLING KEY RING",9.980,12,0.000104
3620,23619,SET 10 CARDS POINSETTIA 17093,9.960,4,0.000103
3621,23624,SET 10 CARD PERFECT NATIVITY 17089,9.960,4,0.000103
3622,37474,SET/4 2 TONE EGG SHAPE MIXING BOWLS,9.950,1,0.000103
3623,84689,S/2 BEACH HUT TREASURE CHESTS,9.950,3,0.000103
3624,DCGS0003,BOXED GLASS ASHTRAY,9.940,4,0.000103
3625,37491D,PURPLE/BLUE CERAMIC CANDLE HOLDER,9.880,4,0.000103
3626,44242A,LILAC FEATHERS CURTAIN,9.480,12,9.8e-05
3627,71050,SMALL SINGLE FLAME CANDLE HOLDER,9.450,27,9.8e-05
3628,35809B,ENAMEL BLUE RIM TEA CONTAINER,9.180,8,9.5e-05
3629,90181C,BLACK GLASS/SHELL/PEARL NECKLACE,9.150,1,9.5e-05
3630,37351,ORANGE FLOWER MUG,9.060,10,9.4e-05
3631,20906,VINTAGE NOTEBOOK BEAUTY GIRL,8.850,3,9.2e-05
3632,45013,FOLDING SHOE TIDY,8.850,3,9.2e-05
3633,84773,RED ROSE AND LACE C/COVER,8.850,3,9.2e-05
3634,90077,BLACK DIAMOND CLUSTER EARRINGS,8.820,3,9.2e-05
3635,90011D,PURPLE CRYSTAL DROP EARRINGS,8.760,3,9.1e-05
3636,90011E,AMBER CRYSTAL DROP EARRINGS,8.760,3,9.1e-05
3637,90027B,GLASS BEAD HOOP EARRINGS MONTANA,8.760,3,9.1e-05
3638,16206B,RED PURSE WITH PINK HEART,8.750,7,9.1e-05
3639,23608,SET 10 CARDS RUDOLPHS NOSE 17097,8.730,3,9.1e-05
3640,23636,SET 10 CARDS WISHING TREE 17116,8.730,3,9.1e-05
3641,90130D,RED STONE/CRYSTAL EARRINGS,8.700,3,9e-05
3642,81950V,FLOWER PURPLE CLOCK WITH SUCKER,8.600,20,8.9e-05
3643,84732B,CUTE BIRD CEATURE SCREEN,8.580,22,8.9e-05
3644,44265,M/COLOUR POM-POM CURTAIN,8.500,2,8.8e-05
3645,90102,WHITE FRANGIPANI HAIR CLIP,8.500,10,8.8e-05
3646,90167,BEADED LOVE HEART JEWELLERY SET,8.500,10,8.8e-05
3647,21410,COUNTRY COTTAGE  DOORSTOP GREEN,8.470,1,8.8e-05
3648,72803B,OCEAN SCENT CANDLE JEWELLED DRAWER,8.470,1,8.8e-05
3649,84975,HEART SHAPED MIRROR,8.450,5,8.8e-05
3650,20871,OPULENT VELVET SET/3 CANDLES,8.420,2,8.7e-05
3651,23441,HAND PAINTED HANGING EASTER EGG,8.400,20,8.7e-05
3652,90214Z,"LETTER ""Z"" BLING KEY RING",8.360,10,8.7e-05
3653,21594,"Dr. Jam's Arouzer Stress Ball",8.340,2,8.7e-05
3654,23635,SET 10 CARDS CHRISTMAS HOLLY  17259,8.320,2,8.6e-05
3655,23612,SET 10 MINICARDS CUTE SNOWMAN 17071,8.300,5,8.6e-05
3656,84924F,PSYCHEDELIC METAL SIGN CALENDAR,7.900,10,8.2e-05
3657,16244B,MAXWELL 2 TONE BLUE 60 PAGE PHOTO A,7.850,7,8.1e-05
3658,35607A,PINK FLUFFY CHRISTMAS DECORATION,7.820,26,8.1e-05
3659,85189,HANGING BUTTERFLY  EGG,7.650,9,7.9e-05
3660,90042A,FRESHWATER PEARL BRACELET GOLD,7.650,3,7.9e-05
3661,16202E,BLACK PHOTO ALBUM,7.500,15,7.8e-05
3662,17191A,ROSE FLOWER CANDLE+INCENSE 16X16CM,7.500,2,7.8e-05
3663,21827,EIGHT PIECE CREEPY CRAWLIE SET,7.500,6,7.8e-05
3664,37379A,PINK CHERRY BLOSSOM CUP & SAUCER,7.500,6,7.8e-05
3665,84805B,BLUE CLIMBING HYDRANGA ART FLOWER,7.500,2,7.8e-05
3666,90025A,BAROQUE BUTTERFLY EARRINGS BLACK,7.500,2,7.8e-05
3667,90068,"RUBY GLASS NECKLACE 42""",7.500,1,7.8e-05
3668,23615,SET 10 CARDS PRINTED GRAPHIC 17219,7.470,3,7.8e-05
3669,23633,SET 10 CARDS WORLD CHILDREN 17067,7.470,3,7.8e-05
3670,23650,SET 10 CARDS FILIGREE BAUBLE 16961,7.470,3,7.8e-05
3671,23654,SET 10 CARD SNOWMAN 16965,7.470,3,7.8e-05
3672,62097B,BLUE STRIPES SHOULDER BAG,7.470,9,7.8e-05
3673,90128A,PINK LEAVES AND BEADS PHONE CHARM,7.430,3,7.7e-05
3674,71496B,A4 WALL TIDY RED FLOWERS,7.370,13,7.7e-05
3675,10124G,ARMY CAMO BOOKCOVER TAPE,7.140,17,7.4e-05
3676,79149B,SILICON STAR BULB  BLUE,7.140,17,7.4e-05
3677,35443,RASTA IN BATH W SPLIFF ASHTRAY,6.800,8,7.1e-05
3678,84802B,PURPLE ANEMONE ARTIFICIAL FLOWER,6.760,4,7e-05
3679,10124A,SPOTS ON RED BOOKCOVER TAPE,6.720,16,7e-05
3680,21186,WHITE DOVE HONEYCOMB PAPER GARLAND,6.720,2,7e-05
3681,35833G,4 GOLD FLOCK CHRISTMAS BALLS,6.720,2,7e-05
3682,62074B,ELEPHANT CLIP W SUCTION CUP,6.720,16,7e-05
3683,23604,SET 10 MINI SANTA & SNOWMAN  17087,6.640,4,6.9e-05
3684,20678,LARGE BLACK DIAMANTE HAIRSLIDE,6.600,4,6.9e-05
3685,37491B,BLUE/YELLOW CERAMIC CANDLE HOLDER,6.600,4,6.9e-05
3686,90126C,AMBER BERTIE MOBILE PHONE CHARM,6.580,2,6.8e-05
3687,44089A,PINK GAUZE BUTTERFLY LAMPSHADE,6.300,15,6.5e-05
3688,85224,ASSORTED COLOUR SILK GLASSES CASE,6.300,3,6.5e-05
3689,21228,"POCKET MIRROR ""GLAMOROUS""",6.250,5,6.5e-05
3690,35591T,TURQUOISE CHRISTMAS TREE,6.250,5,6.5e-05
3691,23610,SET 10 CARDS CHRISTMAS ROBIN 17095,6.240,3,6.5e-05
3692,84499,BLACK FLOWER CANDLE PLATE,5.950,7,6.2e-05
3693,90060B,FIRE POLISHED GLASS NECKL GOLD,5.950,1,6.2e-05
3694,90152C,BLUE/NAT SHELL NECKLACE W PENDANT,5.950,1,6.2e-05
3695,35598C,WHITE CHRISTMAS TREE 60CM,5.900,2,6.1e-05
3696,79161A,ST GEORGE SET OF 10 PARTY LIGHTS,5.900,2,6.1e-05
3697,23617,SET 10 CARDS SWIRLY XMAS TREE 17104,5.820,2,6e-05
3698,23638,SET 10 CARDS ROBIN WATERPUMP  17096,5.820,2,6e-05
3699,23652,SET 10 CARD CHRISTMAS STAMPS 16963,5.820,2,6e-05
3700,90179B,PURPLE FINE BEAD NECKLACE W TASSEL,5.820,1,6e-05
3701,90011C,GREEN CRYSTAL DROP EARRINGS,5.800,2,6e-05
3702,90067B,BROWN VINTAGE VICTORIAN EARRINGS,5.800,2,6e-05
3703,23630,SET 10 CARDS HANGING BAUBLES 17080,5.480,2,5.7e-05
3704,21839,MUMMY MOUSE RED GINGHAM RIBBON,5.450,1,5.7e-05
3705,35004P,SET OF 3 PINK FLYING DUCKS,5.450,1,5.7e-05
3706,90214Y,"LETTER ""Y"" BLING KEY RING",5.440,6,5.6e-05
3707,81953P,ROUND ARTICULATED PINK CLOCK W/SUCK,5.320,28,5.5e-05
3708,20964,POLYESTER FILLER PAD 60x40cm,5.100,2,5.3e-05
3709,37509,NEW ENGLAND MUG W GIFT BOX,5.100,2,5.3e-05
3710,90142A,GREEN PENDANT SHELL NECKLACE,5.090,1,5.3e-05
3711,84803A,PINK ALLIUM  ARTIFICIAL FLOWER,5.070,3,5.3e-05
3712,22034,ROBIN CHRISTMAS CARD,5.020,10,5.2e-05
3713,23621,"SET 10 CARDS DAVID'S MADONNA 17074",4.980,2,5.2e-05
3714,23649,SET 10 CARDS DECK THE HALLS 16960,4.980,2,5.2e-05
3715,90135A,ORANGE/FUSCHIA STONES NECKLACE,4.980,1,5.2e-05
3716,90128C,GREEN LEAVES AND BEADS PHONE CHARM,4.970,2,5.2e-05
3717,90128D,PURPLE LEAVES AND BEADS PHONE CHAR,4.970,2,5.2e-05
3718,35650,VINTAGE BEAD PINK JEWEL STAND,4.950,1,5.1e-05
3719,85031B,BLOSSOM IMAGES SCRAP BOOK SET,4.950,1,5.1e-05
3720,90081B,LILY BROOCH WHITE/SILVER COLOUR,4.950,1,5.1e-05
3721,84971L,LARGE HEART FLOWERS HOOK,4.920,2,5.1e-05
3722,90127A,PINK BEADS+HAND PHONE CHARM,4.920,2,5.1e-05
3723,84613C,BLUE NEW BAROQUE FLOCK CANDLESTICK,4.650,1,4.8e-05
3724,71215,METAL BASE FOR CANDLES,4.620,11,4.8e-05
3725,79151B,"SILICON CUBE 25W, BLUE",4.620,11,4.8e-05
3726,84206A,3 BLACK CATS W HEARTS BLANK CARD,4.560,24,4.7e-05
3727,84732D,CUTE RABBIT CEATURE SCREEN,4.290,11,4.5e-05
3728,20703,BLUE PADDED SOFT MOBILE,4.250,1,4.4e-05
3729,22218,CAKE STAND LACE WHITE,4.250,1,4.4e-05
3730,79157V,UBO-LIGHT TRIOBASE PURPLE,4.250,5,4.4e-05
3731,20861,GOLD COSMETIC BAG PINK STAR,4.200,2,4.4e-05
3732,47016,LIGHT DECORATION BATTERY OPERATED,4.200,2,4.4e-05
3733,22206,"MUG , DOTCOMGIFTSHOP.COM",4.170,5,4.3e-05
3734,17174,ASSTD RASTA KEY-CHAINS,3.780,9,3.9e-05
3735,44091A,BLUE CRUSOE CHECK LAMPSHADE,3.780,9,3.9e-05
3736,90128B,BLUE LEAVES AND BEADS PHONE CHARM,3.760,2,3.9e-05
3737,37464,ROBOT MUG IN DISPLAY BOX,3.750,3,3.9e-05
3738,79192A,"RETRO PLASTIC 70'S TRAY",3.750,3,3.9e-05
3739,90025B,BAROQUE BUTTERFLY EARRINGS RED,3.730,1,3.9e-05
3740,90025E,BAROQUE BUTTERFLY EARRINGS MONTANA,3.730,1,3.9e-05
3741,35271S,GOLD PRINT PAPER BAG,3.610,19,3.7e-05
3742,16010,FOLDING CAMPING SCISSOR W/KNIF & S,3.600,30,3.7e-05
3743,84270,ASSTD DESIGN BUBBLE GUM RING,3.570,17,3.7e-05
3744,16202A,PASTEL PINK PHOTO ALBUM,3.500,7,3.6e-05
3745,84802A,WHITE ANEMONE ARTIFICIAL FLOWER,3.380,2,3.5e-05
3746,21160,KEEP OUT GIRLS DOOR HANGER,3.360,1,3.5e-05
3747,22528,GARDENERS KNEELING PAD,3.360,1,3.5e-05
3748,85119,WATERING CAN SINGLE HOOK PISTACHIO,3.360,1,3.5e-05
3749,90126A,PINK BERTIE MOBILE PHONE CHARM,3.360,1,3.5e-05
3750,90214W,"LETTER ""W"" BLING KEY RING",3.340,4,3.5e-05
3751,23643,SET 10 CARDS CHRISTMAS BAUBLE 16954,3.330,1,3.5e-05
3752,90187A,BLUE DROP EARRINGS W BEAD CLUSTER,3.320,1,3.4e-05
3753,10123C,HEARTS WRAPPING TAPE,3.250,5,3.4e-05
3754,47013A,WINE BOTTLE DRESSING LT.BLUE,3.040,14,3.2e-05
3755,23602,SET 10 CARDS 3 WISE MEN 17107,2.910,1,3e-05
3756,23609,SET 10 CARDS SNOWY ROBIN 17099,2.910,1,3e-05
3757,23628,SET 10 CARDS TRIANGLE ICONS  17220,2.910,1,3e-05
3758,79157B,UBO-LIGHT TRIOBASE BLUE,2.550,3,2.6e-05
3759,90100,NECKLACE+BRACELET SET PINK DAISY,2.550,1,2.6e-05
3760,17028J,INCENSE BAZAAR PEACH,2.520,6,2.6e-05
3761,35609A,PINK FEATHER CHRISTMAS DECORATION,2.510,1,2.6e-05
3762,90214O,"LETTER ""O"" BLING KEY RING",2.510,3,2.6e-05
3763,62096B,PURPLE/TURQ FLOWERS HANDBAG,2.500,2,2.6e-05
3764,90037A,TINY CRYSTAL BRACELET RED,2.480,1,2.6e-05
3765,84201B,HAPPY BIRTHDAY CARD STRIPEY TEDDY,2.470,13,2.6e-05
3766,37330,BIG POLKADOT MUG,2.340,6,2.4e-05
3767,46115B,GREEN POP ART MAO CUSHION COVER,2.280,12,2.4e-05
3768,77079,DOLPHIN WINDMILL,2.120,1,2.2e-05
3769,20860,GOLD COSMETICS BAG WITH BUTTERFLY,2.100,1,2.2e-05
3770,21414,SCALLOP SHELL SOAP DISH,2.100,1,2.2e-05
3771,47579,TEA TIME BREAKFAST BASKET,2.100,1,2.2e-05
3772,85170A,SET/6 IVORY BIRD T-LIGHT CANDLES,2.100,1,2.2e-05
3773,90112,PINK DOLLY HAIR CLIPS,2.100,2,2.2e-05
3774,81953B,ROUND BLUE CLOCK WITH SUCKER,2.090,11,2.2e-05
3775,84731,3 BIRDS CANVAS SCREEN,2.040,2,2.1e-05
3776,21491,SET OF THREE VINTAGE GIFT WRAPS,1.950,1,2e-05
3777,22146,EASTER CRAFT IVY WREATH WITH CHICK,1.950,1,2e-05
3778,22323,PINK POLKADOT KIDS BAG,1.950,1,2e-05
3779,90092,BLUE CRYSTAL BOOT PHONE CHARM,1.660,1,1.7e-05
3780,23664,FLOWER SHOP DESIGN MUG,1.650,1,1.7e-05
3781,84550,CROCHET LILAC/RED BEAR KEYRING,1.650,1,1.7e-05
3782,84206C,CHAMPAGNE TRAY BLANK CARD,1.520,8,1.6e-05
3783,21009,ETCHED GLASS STAR TREE DECORATION,1.250,1,1.3e-05
3784,35597A,DUSTY PINK CHRISTMAS TREE 30CM,1.250,1,1.3e-05
3785,35597B,BLACKCHRISTMAS TREE 30CM,1.250,1,1.3e-05
3786,37461,FUNKY MONKEY MUG,1.250,1,1.3e-05
3787,84569C,PACK 4 FLOWER/BUTTERFLY PATCHES,1.250,1,1.3e-05
3788,84743C,ORANGE FELT VASE + FLOWERS,1.250,1,1.3e-05
3789,84977,WIRE FLOWER T-LIGHT HOLDER,1.250,1,1.3e-05
3790,85225,BLING KEY RING STAND,1.250,1,1.3e-05
3791,84990,60 GOLD AND SILVER FAIRY CAKE CASES,1.100,2,1.1e-05
3792,84201C,HAPPY BIRTHDAY CARD TEDDY/CAKE,0.950,5,1e-05
3793,84206B,CAT WITH SUNGLASSES BLANK CARD,0.950,5,1e-05
3794,90084,PINK CRYSTAL GUITAR PHONE CHARM,0.850,1,9e-06
3795,21268,VINTAGE BLUE TINSEL REEL,0.840,2,9e-06
3796,84227,HEN HOUSE W CHICK IN NEST,0.420,1,4e-06
3797,PADS,PADS TO MATCH ALL CUSHIONS,0.003,3,0.0
